week_end,geography,pathogen,demographics_type,demographics_values,percent_visits
2026-03-28T00:00:00.000,United States,COVID-19,Sex,Female,0.3
2026-03-28T00:00:00.000,United States,COVID-19,Age Group,50-64 years,0.2
2026-03-28T00:00:00.000,United States,COVID-19,Sex,Male,0.3
2026-03-28T00:00:00.000,United States,RSV,Race/Ethnicity,"Black, NH",0.3
2026-03-28T00:00:00.000,United States,RSV,Race/Ethnicity,"AI/AN, NH",0.5
2026-03-28T00:00:00.000,United States,RSV,Race/Ethnicity,"Asian/NHOPI, NH",0.4
2026-03-28T00:00:00.000,United States,RSV,Race/Ethnicity,"White, NH",0.4
2026-03-28T00:00:00.000,United States,RSV,Race/Ethnicity,"Multiple/Other, NH",0.4
2026-03-28T00:00:00.000,United States,RSV,Race/Ethnicity,Hispanic,0.4
2026-03-28T00:00:00.000,United States,RSV,Age Group,18-49 years,0.1
2026-03-28T00:00:00.000,United States,RSV,Age Group,5-17 years,0.3
2026-03-28T00:00:00.000,United States,RSV,Age Group,65+ years,0.3
2026-03-28T00:00:00.000,United States,RSV,Age Group,<1 year,3.4
2026-03-28T00:00:00.000,United States,RSV,Age Group,1-4 years,2.7
2026-03-28T00:00:00.000,United States,RSV,Age Group,50-64 years,0.2
2026-03-28T00:00:00.000,United States,RSV,Sex,Female,0.3
2026-03-28T00:00:00.000,United States,RSV,Sex,Other,0.0
2026-03-28T00:00:00.000,United States,RSV,Sex,Invalid,0.0
2026-03-28T00:00:00.000,United States,RSV,Sex,Male,0.4
2026-03-28T00:00:00.000,United States,Influenza,Race/Ethnicity,"Black, NH",1.4
2026-03-28T00:00:00.000,United States,Influenza,Race/Ethnicity,"AI/AN, NH",1.7
2026-03-28T00:00:00.000,United States,Influenza,Race/Ethnicity,"Asian/NHOPI, NH",1.9
2026-03-28T00:00:00.000,United States,Influenza,Race/Ethnicity,"White, NH",1.0
2026-03-28T00:00:00.000,United States,Influenza,Race/Ethnicity,"Multiple/Other, NH",1.6
2026-03-28T00:00:00.000,United States,Influenza,Race/Ethnicity,Hispanic,1.9
2026-03-28T00:00:00.000,United States,Influenza,Age Group,18-49 years,1.1
2026-03-28T00:00:00.000,United States,Influenza,Age Group,5-17 years,4.5
2026-03-28T00:00:00.000,United States,Influenza,Age Group,65+ years,0.4
2026-03-28T00:00:00.000,United States,Influenza,Age Group,<1 year,2.2
2026-03-28T00:00:00.000,United States,Influenza,Age Group,1-4 years,3.5
2026-03-28T00:00:00.000,United States,Influenza,Age Group,50-64 years,0.5
2026-03-28T00:00:00.000,United States,Influenza,Sex,Female,1.3
2026-03-28T00:00:00.000,United States,Influenza,Sex,Other,0.0
2026-03-28T00:00:00.000,United States,Influenza,Sex,Invalid,0.0
2026-03-28T00:00:00.000,United States,Influenza,Sex,Male,1.3
2026-03-28T00:00:00.000,United States,Combined,Race/Ethnicity,"Black, NH",2.0
2026-03-28T00:00:00.000,United States,Combined,Race/Ethnicity,"AI/AN, NH",2.5
2026-03-28T00:00:00.000,United States,Combined,Race/Ethnicity,"Asian/NHOPI, NH",2.5
2026-03-28T00:00:00.000,United States,Combined,Race/Ethnicity,"White, NH",1.7
2026-03-28T00:00:00.000,United States,Combined,Race/Ethnicity,"Multiple/Other, NH",2.3
2026-03-28T00:00:00.000,United States,Combined,Race/Ethnicity,Hispanic,2.6
2026-03-28T00:00:00.000,United States,Combined,Age Group,18-49 years,1.4
2026-03-28T00:00:00.000,United States,Combined,Age Group,5-17 years,5.0
2026-03-28T00:00:00.000,United States,Combined,Age Group,65+ years,1.0
2026-03-28T00:00:00.000,United States,Combined,Age Group,<1 year,6.5
2026-03-28T00:00:00.000,United States,Combined,Age Group,1-4 years,6.7
2026-03-28T00:00:00.000,United States,Combined,Age Group,50-64 years,0.9
2026-03-28T00:00:00.000,United States,Combined,Sex,Female,1.9
2026-03-28T00:00:00.000,United States,Combined,Sex,Other,0.0
2026-03-28T00:00:00.000,United States,Combined,Sex,Invalid,0.0
2026-03-28T00:00:00.000,United States,Combined,Sex,Male,2.0
2026-03-28T00:00:00.000,United States,COVID-19,Race/Ethnicity,"Black, NH",0.3
2026-03-28T00:00:00.000,United States,COVID-19,Race/Ethnicity,"AI/AN, NH",0.3
2026-03-28T00:00:00.000,United States,COVID-19,Race/Ethnicity,"Asian/NHOPI, NH",0.3
2026-03-28T00:00:00.000,United States,COVID-19,Race/Ethnicity,"White, NH",0.3
2026-03-28T00:00:00.000,United States,COVID-19,Race/Ethnicity,"Multiple/Other, NH",0.3
2026-03-28T00:00:00.000,United States,COVID-19,Race/Ethnicity,Hispanic,0.3
2026-03-28T00:00:00.000,United States,COVID-19,Age Group,18-49 years,0.2
2026-03-28T00:00:00.000,United States,COVID-19,Age Group,5-17 years,0.3
2026-03-28T00:00:00.000,United States,COVID-19,Age Group,65+ years,0.4
2026-03-28T00:00:00.000,United States,COVID-19,Age Group,<1 year,1.0
2026-03-28T00:00:00.000,United States,COVID-19,Age Group,1-4 years,0.5
2026-03-28T00:00:00.000,United States,COVID-19,Sex,Invalid,0.0
2026-03-28T00:00:00.000,United States,COVID-19,Sex,Other,0.0
2026-03-21T00:00:00.000,United States,Influenza,Race/Ethnicity,"AI/AN, NH",1.9
2026-03-21T00:00:00.000,United States,RSV,Race/Ethnicity,"Multiple/Other, NH",0.5
2026-03-21T00:00:00.000,United States,COVID-19,Sex,Male,0.3
2026-03-21T00:00:00.000,United States,COVID-19,Sex,Invalid,0.0
2026-03-21T00:00:00.000,United States,COVID-19,Sex,Other,0.0
2026-03-21T00:00:00.000,United States,COVID-19,Sex,Female,0.4
2026-03-21T00:00:00.000,United States,COVID-19,Age Group,50-64 years,0.3
2026-03-21T00:00:00.000,United States,COVID-19,Age Group,1-4 years,0.6
2026-03-21T00:00:00.000,United States,COVID-19,Age Group,<1 year,1.2
2026-03-21T00:00:00.000,United States,COVID-19,Age Group,65+ years,0.4
2026-03-21T00:00:00.000,United States,COVID-19,Age Group,5-17 years,0.3
2026-03-21T00:00:00.000,United States,COVID-19,Age Group,18-49 years,0.2
2026-03-21T00:00:00.000,United States,COVID-19,Race/Ethnicity,Hispanic,0.3
2026-03-21T00:00:00.000,United States,COVID-19,Race/Ethnicity,"Multiple/Other, NH",0.3
2026-03-21T00:00:00.000,United States,COVID-19,Race/Ethnicity,"White, NH",0.4
2026-03-21T00:00:00.000,United States,COVID-19,Race/Ethnicity,"Asian/NHOPI, NH",0.3
2026-03-21T00:00:00.000,United States,COVID-19,Race/Ethnicity,"AI/AN, NH",0.3
2026-03-21T00:00:00.000,United States,COVID-19,Race/Ethnicity,"Black, NH",0.4
2026-03-21T00:00:00.000,United States,Combined,Sex,Male,2.4
2026-03-21T00:00:00.000,United States,Combined,Sex,Invalid,0.0
2026-03-21T00:00:00.000,United States,Combined,Sex,Other,0.0
2026-03-21T00:00:00.000,United States,Combined,Sex,Female,2.3
2026-03-21T00:00:00.000,United States,Combined,Age Group,50-64 years,1.0
2026-03-21T00:00:00.000,United States,Combined,Age Group,1-4 years,8.0
2026-03-21T00:00:00.000,United States,Combined,Age Group,<1 year,7.5
2026-03-21T00:00:00.000,United States,Combined,Age Group,65+ years,1.2
2026-03-21T00:00:00.000,United States,Combined,Age Group,5-17 years,6.4
2026-03-21T00:00:00.000,United States,Combined,Age Group,18-49 years,1.6
2026-03-21T00:00:00.000,United States,Combined,Race/Ethnicity,Hispanic,3.0
2026-03-21T00:00:00.000,United States,Combined,Race/Ethnicity,"Multiple/Other, NH",2.7
2026-03-21T00:00:00.000,United States,Combined,Race/Ethnicity,"White, NH",2.0
2026-03-21T00:00:00.000,United States,Combined,Race/Ethnicity,"Asian/NHOPI, NH",2.9
2026-03-21T00:00:00.000,United States,Combined,Race/Ethnicity,"AI/AN, NH",2.8
2026-03-21T00:00:00.000,United States,Combined,Race/Ethnicity,"Black, NH",2.3
2026-03-21T00:00:00.000,United States,Influenza,Sex,Male,1.6
2026-03-21T00:00:00.000,United States,Influenza,Sex,Invalid,0.0
2026-03-21T00:00:00.000,United States,Influenza,Sex,Other,0.0
2026-03-21T00:00:00.000,United States,Influenza,Sex,Female,1.5
2026-03-21T00:00:00.000,United States,Influenza,Age Group,50-64 years,0.6
2026-03-21T00:00:00.000,United States,Influenza,Age Group,1-4 years,4.2
2026-03-21T00:00:00.000,United States,Influenza,Age Group,<1 year,2.5
2026-03-21T00:00:00.000,United States,Influenza,Age Group,65+ years,0.5
2026-03-21T00:00:00.000,United States,Influenza,Age Group,5-17 years,5.8
2026-03-21T00:00:00.000,United States,Influenza,Age Group,18-49 years,1.2
2026-03-21T00:00:00.000,United States,Influenza,Race/Ethnicity,Hispanic,2.3
2026-03-21T00:00:00.000,United States,Influenza,Race/Ethnicity,"Multiple/Other, NH",1.9
2026-03-21T00:00:00.000,United States,Influenza,Race/Ethnicity,"White, NH",1.2
2026-03-21T00:00:00.000,United States,Influenza,Race/Ethnicity,"Asian/NHOPI, NH",2.1
2026-03-21T00:00:00.000,United States,RSV,Race/Ethnicity,"White, NH",0.5
2026-03-21T00:00:00.000,United States,Influenza,Race/Ethnicity,"Black, NH",1.6
2026-03-21T00:00:00.000,United States,RSV,Sex,Male,0.5
2026-03-21T00:00:00.000,United States,RSV,Sex,Invalid,0.0
2026-03-21T00:00:00.000,United States,RSV,Sex,Other,0.0
2026-03-21T00:00:00.000,United States,RSV,Sex,Female,0.4
2026-03-21T00:00:00.000,United States,RSV,Age Group,50-64 years,0.2
2026-03-21T00:00:00.000,United States,RSV,Age Group,1-4 years,3.4
2026-03-21T00:00:00.000,United States,RSV,Age Group,<1 year,4.0
2026-03-21T00:00:00.000,United States,RSV,Age Group,65+ years,0.3
2026-03-21T00:00:00.000,United States,RSV,Age Group,5-17 years,0.3
2026-03-21T00:00:00.000,United States,RSV,Age Group,18-49 years,0.1
2026-03-21T00:00:00.000,United States,RSV,Race/Ethnicity,Hispanic,0.5
2026-03-21T00:00:00.000,United States,RSV,Race/Ethnicity,"Asian/NHOPI, NH",0.5
2026-03-21T00:00:00.000,United States,RSV,Race/Ethnicity,"Black, NH",0.3
2026-03-21T00:00:00.000,United States,RSV,Race/Ethnicity,"AI/AN, NH",0.7
2026-03-14T00:00:00.000,United States,RSV,Race/Ethnicity,"Asian/NHOPI, NH",0.5
2026-03-14T00:00:00.000,United States,RSV,Race/Ethnicity,"White, NH",0.5
2026-03-14T00:00:00.000,United States,RSV,Race/Ethnicity,"Multiple/Other, NH",0.6
2026-03-14T00:00:00.000,United States,RSV,Age Group,18-49 years,0.1
2026-03-14T00:00:00.000,United States,RSV,Race/Ethnicity,Hispanic,0.6
2026-03-14T00:00:00.000,United States,COVID-19,Sex,Invalid,0.0
2026-03-14T00:00:00.000,United States,COVID-19,Sex,Other,0.0
2026-03-14T00:00:00.000,United States,COVID-19,Sex,Female,0.4
2026-03-14T00:00:00.000,United States,COVID-19,Age Group,50-64 years,0.3
2026-03-14T00:00:00.000,United States,COVID-19,Age Group,1-4 years,0.7
2026-03-14T00:00:00.000,United States,COVID-19,Age Group,<1 year,1.4
2026-03-14T00:00:00.000,United States,COVID-19,Age Group,65+ years,0.5
2026-03-14T00:00:00.000,United States,COVID-19,Age Group,5-17 years,0.3
2026-03-14T00:00:00.000,United States,COVID-19,Age Group,18-49 years,0.3
2026-03-14T00:00:00.000,United States,COVID-19,Race/Ethnicity,Hispanic,0.3
2026-03-14T00:00:00.000,United States,COVID-19,Race/Ethnicity,"Multiple/Other, NH",0.4
2026-03-14T00:00:00.000,United States,COVID-19,Sex,Male,0.4
2026-03-14T00:00:00.000,United States,COVID-19,Race/Ethnicity,"White, NH",0.4
2026-03-14T00:00:00.000,United States,COVID-19,Race/Ethnicity,"Asian/NHOPI, NH",0.3
2026-03-14T00:00:00.000,United States,COVID-19,Race/Ethnicity,"AI/AN, NH",0.3
2026-03-14T00:00:00.000,United States,COVID-19,Race/Ethnicity,"Black, NH",0.5
2026-03-14T00:00:00.000,United States,Combined,Sex,Male,3.0
2026-03-14T00:00:00.000,United States,Combined,Sex,Invalid,0.0
2026-03-14T00:00:00.000,United States,Combined,Sex,Other,0.0
2026-03-14T00:00:00.000,United States,Combined,Sex,Female,2.8
2026-03-14T00:00:00.000,United States,Combined,Age Group,50-64 years,1.3
2026-03-14T00:00:00.000,United States,Combined,Age Group,1-4 years,9.7
2026-03-14T00:00:00.000,United States,Combined,Age Group,<1 year,8.8
2026-03-14T00:00:00.000,United States,Combined,Age Group,65+ years,1.5
2026-03-14T00:00:00.000,United States,Combined,Age Group,5-17 years,8.0
2026-03-14T00:00:00.000,United States,Combined,Age Group,18-49 years,1.9
2026-03-14T00:00:00.000,United States,Combined,Race/Ethnicity,Hispanic,3.6
2026-03-14T00:00:00.000,United States,Combined,Race/Ethnicity,"Multiple/Other, NH",3.3
2026-03-14T00:00:00.000,United States,Combined,Race/Ethnicity,"White, NH",2.5
2026-03-14T00:00:00.000,United States,Combined,Race/Ethnicity,"Asian/NHOPI, NH",3.2
2026-03-14T00:00:00.000,United States,Combined,Race/Ethnicity,"AI/AN, NH",3.5
2026-03-14T00:00:00.000,United States,Combined,Race/Ethnicity,"Black, NH",3.0
2026-03-14T00:00:00.000,United States,Influenza,Sex,Male,2.0
2026-03-14T00:00:00.000,United States,Influenza,Sex,Invalid,0.0
2026-03-14T00:00:00.000,United States,Influenza,Sex,Other,0.0
2026-03-14T00:00:00.000,United States,Influenza,Sex,Female,1.9
2026-03-14T00:00:00.000,United States,Influenza,Age Group,50-64 years,0.7
2026-03-14T00:00:00.000,United States,Influenza,Age Group,1-4 years,5.2
2026-03-14T00:00:00.000,United States,Influenza,Age Group,<1 year,2.9
2026-03-14T00:00:00.000,United States,Influenza,Age Group,65+ years,0.6
2026-03-14T00:00:00.000,United States,Influenza,Age Group,5-17 years,7.3
2026-03-14T00:00:00.000,United States,Influenza,Age Group,18-49 years,1.5
2026-03-14T00:00:00.000,United States,Influenza,Race/Ethnicity,Hispanic,2.7
2026-03-14T00:00:00.000,United States,Influenza,Race/Ethnicity,"Multiple/Other, NH",2.4
2026-03-14T00:00:00.000,United States,Influenza,Race/Ethnicity,"White, NH",1.6
2026-03-14T00:00:00.000,United States,Influenza,Race/Ethnicity,"Asian/NHOPI, NH",2.4
2026-03-14T00:00:00.000,United States,Influenza,Race/Ethnicity,"AI/AN, NH",2.5
2026-03-14T00:00:00.000,United States,Influenza,Race/Ethnicity,"Black, NH",2.1
2026-03-14T00:00:00.000,United States,RSV,Sex,Male,0.6
2026-03-14T00:00:00.000,United States,RSV,Sex,Invalid,0.0
2026-03-14T00:00:00.000,United States,RSV,Sex,Other,0.0
2026-03-14T00:00:00.000,United States,RSV,Sex,Female,0.5
2026-03-14T00:00:00.000,United States,RSV,Age Group,50-64 years,0.2
2026-03-14T00:00:00.000,United States,RSV,Age Group,1-4 years,4.0
2026-03-14T00:00:00.000,United States,RSV,Age Group,<1 year,4.7
2026-03-14T00:00:00.000,United States,RSV,Age Group,65+ years,0.4
2026-03-14T00:00:00.000,United States,RSV,Age Group,5-17 years,0.4
2026-03-14T00:00:00.000,United States,RSV,Race/Ethnicity,"Black, NH",0.4
2026-03-14T00:00:00.000,United States,RSV,Race/Ethnicity,"AI/AN, NH",0.7
2026-03-07T00:00:00.000,United States,COVID-19,Race/Ethnicity,"Asian/NHOPI, NH",0.4
2026-03-07T00:00:00.000,United States,COVID-19,Sex,Male,0.4
2026-03-07T00:00:00.000,United States,COVID-19,Sex,Invalid,0.0
2026-03-07T00:00:00.000,United States,COVID-19,Sex,Other,0.0
2026-03-07T00:00:00.000,United States,COVID-19,Sex,Female,0.5
2026-03-07T00:00:00.000,United States,COVID-19,Age Group,50-64 years,0.4
2026-03-07T00:00:00.000,United States,COVID-19,Age Group,1-4 years,0.7
2026-03-07T00:00:00.000,United States,COVID-19,Age Group,<1 year,1.6
2026-03-07T00:00:00.000,United States,COVID-19,Age Group,65+ years,0.6
2026-03-07T00:00:00.000,United States,COVID-19,Age Group,5-17 years,0.4
2026-03-07T00:00:00.000,United States,COVID-19,Age Group,18-49 years,0.3
2026-03-07T00:00:00.000,United States,COVID-19,Race/Ethnicity,Hispanic,0.3
2026-03-07T00:00:00.000,United States,COVID-19,Race/Ethnicity,"Multiple/Other, NH",0.4
2026-03-07T00:00:00.000,United States,COVID-19,Race/Ethnicity,"White, NH",0.5
2026-03-07T00:00:00.000,United States,COVID-19,Race/Ethnicity,"AI/AN, NH",0.5
2026-03-07T00:00:00.000,United States,COVID-19,Race/Ethnicity,"Black, NH",0.5
2026-03-07T00:00:00.000,United States,Combined,Sex,Male,3.6
2026-03-07T00:00:00.000,United States,Combined,Sex,Invalid,0.0
2026-03-07T00:00:00.000,United States,Combined,Sex,Other,0.0
2026-03-07T00:00:00.000,United States,Combined,Sex,Female,3.4
2026-03-07T00:00:00.000,United States,Combined,Age Group,50-64 years,1.5
2026-03-07T00:00:00.000,United States,Combined,Age Group,1-4 years,11.1
2026-03-07T00:00:00.000,United States,Combined,Age Group,<1 year,10.0
2026-03-07T00:00:00.000,United States,Combined,Age Group,65+ years,1.9
2026-03-07T00:00:00.000,United States,Combined,Age Group,5-17 years,9.5
2026-03-07T00:00:00.000,United States,Combined,Age Group,18-49 years,2.3
2026-03-07T00:00:00.000,United States,Combined,Race/Ethnicity,Hispanic,4.2
2026-03-07T00:00:00.000,United States,Combined,Race/Ethnicity,"Multiple/Other, NH",3.9
2026-03-07T00:00:00.000,United States,Combined,Race/Ethnicity,"White, NH",3.1
2026-03-07T00:00:00.000,United States,Combined,Race/Ethnicity,"Asian/NHOPI, NH",3.7
2026-03-07T00:00:00.000,United States,Combined,Race/Ethnicity,"AI/AN, NH",3.8
2026-03-07T00:00:00.000,United States,Combined,Race/Ethnicity,"Black, NH",3.7
2026-03-07T00:00:00.000,United States,Influenza,Sex,Male,2.6
2026-03-07T00:00:00.000,United States,Influenza,Sex,Invalid,0.0
2026-03-07T00:00:00.000,United States,Influenza,Sex,Other,0.0
2026-03-07T00:00:00.000,United States,Influenza,Sex,Female,2.4
2026-03-07T00:00:00.000,United States,Influenza,Age Group,50-64 years,0.9
2026-03-07T00:00:00.000,United States,Influenza,Age Group,1-4 years,6.3
2026-03-07T00:00:00.000,United States,Influenza,Age Group,<1 year,3.7
2026-03-07T00:00:00.000,United States,Influenza,Age Group,65+ years,0.9
2026-03-07T00:00:00.000,United States,Influenza,Age Group,5-17 years,8.8
2026-03-07T00:00:00.000,United States,Influenza,Age Group,18-49 years,1.9
2026-03-07T00:00:00.000,United States,Influenza,Race/Ethnicity,Hispanic,3.2
2026-03-07T00:00:00.000,United States,Influenza,Race/Ethnicity,"Multiple/Other, NH",2.9
2026-03-07T00:00:00.000,United States,Influenza,Race/Ethnicity,"White, NH",2.1
2026-03-07T00:00:00.000,United States,Influenza,Race/Ethnicity,"Asian/NHOPI, NH",2.8
2026-03-07T00:00:00.000,United States,Influenza,Race/Ethnicity,"AI/AN, NH",2.7
2026-03-07T00:00:00.000,United States,Influenza,Race/Ethnicity,"Black, NH",2.8
2026-03-07T00:00:00.000,United States,RSV,Sex,Male,0.6
2026-03-07T00:00:00.000,United States,RSV,Sex,Invalid,0.0
2026-03-07T00:00:00.000,United States,RSV,Sex,Other,0.0
2026-03-07T00:00:00.000,United States,RSV,Sex,Female,0.5
2026-03-07T00:00:00.000,United States,RSV,Age Group,50-64 years,0.2
2026-03-07T00:00:00.000,United States,RSV,Age Group,1-4 years,4.2
2026-03-07T00:00:00.000,United States,RSV,Age Group,<1 year,5.0
2026-03-07T00:00:00.000,United States,RSV,Age Group,65+ years,0.4
2026-03-07T00:00:00.000,United States,RSV,Age Group,5-17 years,0.4
2026-03-07T00:00:00.000,United States,RSV,Age Group,18-49 years,0.1
2026-03-07T00:00:00.000,United States,RSV,Race/Ethnicity,Hispanic,0.7
2026-03-07T00:00:00.000,United States,RSV,Race/Ethnicity,"Multiple/Other, NH",0.7
2026-03-07T00:00:00.000,United States,RSV,Race/Ethnicity,"White, NH",0.6
2026-03-07T00:00:00.000,United States,RSV,Race/Ethnicity,"Asian/NHOPI, NH",0.6
2026-03-07T00:00:00.000,United States,RSV,Race/Ethnicity,"AI/AN, NH",0.7
2026-03-07T00:00:00.000,United States,RSV,Race/Ethnicity,"Black, NH",0.4
2026-02-28T00:00:00.000,United States,RSV,Race/Ethnicity,"Multiple/Other, NH",0.7
2026-02-28T00:00:00.000,United States,RSV,Race/Ethnicity,"Black, NH",0.4
2026-02-28T00:00:00.000,United States,RSV,Race/Ethnicity,"White, NH",0.6
2026-02-28T00:00:00.000,United States,COVID-19,Sex,Invalid,0.0
2026-02-28T00:00:00.000,United States,COVID-19,Sex,Other,0.0
2026-02-28T00:00:00.000,United States,COVID-19,Sex,Female,0.6
2026-02-28T00:00:00.000,United States,COVID-19,Age Group,50-64 years,0.4
2026-02-28T00:00:00.000,United States,COVID-19,Age Group,1-4 years,0.8
2026-02-28T00:00:00.000,United States,COVID-19,Age Group,<1 year,1.8
2026-02-28T00:00:00.000,United States,COVID-19,Age Group,65+ years,0.7
2026-02-28T00:00:00.000,United States,COVID-19,Age Group,5-17 years,0.4
2026-02-28T00:00:00.000,United States,COVID-19,Age Group,18-49 years,0.4
2026-02-28T00:00:00.000,United States,COVID-19,Race/Ethnicity,Hispanic,0.4
2026-02-28T00:00:00.000,United States,COVID-19,Race/Ethnicity,"Multiple/Other, NH",0.5
2026-02-28T00:00:00.000,United States,COVID-19,Race/Ethnicity,"White, NH",0.6
2026-02-28T00:00:00.000,United States,COVID-19,Race/Ethnicity,"Asian/NHOPI, NH",0.4
2026-02-28T00:00:00.000,United States,COVID-19,Race/Ethnicity,"AI/AN, NH",0.5
2026-02-28T00:00:00.000,United States,COVID-19,Race/Ethnicity,"Black, NH",0.6
2026-02-28T00:00:00.000,United States,Combined,Sex,Male,3.7
2026-02-28T00:00:00.000,United States,Combined,Sex,Invalid,0.0
2026-02-28T00:00:00.000,United States,Combined,Sex,Other,0.0
2026-02-28T00:00:00.000,United States,Combined,Sex,Female,3.7
2026-02-28T00:00:00.000,United States,Combined,Age Group,50-64 years,1.7
2026-02-28T00:00:00.000,United States,Combined,Age Group,1-4 years,11.8
2026-02-28T00:00:00.000,United States,Combined,Age Group,<1 year,10.7
2026-02-28T00:00:00.000,United States,Combined,Age Group,65+ years,2.1
2026-02-28T00:00:00.000,United States,Combined,Age Group,5-17 years,9.4
2026-02-28T00:00:00.000,United States,Combined,Age Group,18-49 years,2.5
2026-02-28T00:00:00.000,United States,Combined,Race/Ethnicity,Hispanic,4.5
2026-02-28T00:00:00.000,United States,Combined,Race/Ethnicity,"Multiple/Other, NH",4.1
2026-02-28T00:00:00.000,United States,Combined,Race/Ethnicity,"White, NH",3.3
2026-02-28T00:00:00.000,United States,Combined,Race/Ethnicity,"Asian/NHOPI, NH",4.0
2026-02-28T00:00:00.000,United States,Combined,Race/Ethnicity,"AI/AN, NH",4.4
2026-02-28T00:00:00.000,United States,Combined,Race/Ethnicity,"Black, NH",3.7
2026-02-28T00:00:00.000,United States,Influenza,Sex,Male,2.6
2026-02-28T00:00:00.000,United States,Influenza,Sex,Invalid,0.0
2026-02-28T00:00:00.000,United States,Influenza,Sex,Other,0.0
2026-02-28T00:00:00.000,United States,Influenza,Sex,Female,2.6
2026-02-28T00:00:00.000,United States,Influenza,Age Group,50-64 years,1.1
2026-02-28T00:00:00.000,United States,Influenza,Age Group,1-4 years,6.9
2026-02-28T00:00:00.000,United States,Influenza,Age Group,<1 year,3.8
2026-02-28T00:00:00.000,United States,Influenza,Age Group,65+ years,1.1
2026-02-28T00:00:00.000,United States,Influenza,Age Group,5-17 years,8.6
2026-02-28T00:00:00.000,United States,Influenza,Age Group,18-49 years,2.0
2026-02-28T00:00:00.000,United States,Influenza,Race/Ethnicity,Hispanic,3.4
2026-02-28T00:00:00.000,United States,Influenza,Race/Ethnicity,"Multiple/Other, NH",3.0
2026-02-28T00:00:00.000,United States,Influenza,Race/Ethnicity,"White, NH",2.2
2026-02-28T00:00:00.000,United States,Influenza,Race/Ethnicity,"Asian/NHOPI, NH",3.1
2026-02-28T00:00:00.000,United States,Influenza,Race/Ethnicity,"AI/AN, NH",3.2
2026-02-28T00:00:00.000,United States,Influenza,Race/Ethnicity,"Black, NH",2.8
2026-02-28T00:00:00.000,United States,RSV,Sex,Male,0.7
2026-02-28T00:00:00.000,United States,RSV,Sex,Invalid,0.0
2026-02-28T00:00:00.000,United States,RSV,Sex,Other,0.0
2026-02-28T00:00:00.000,United States,RSV,Sex,Female,0.6
2026-02-28T00:00:00.000,United States,RSV,Age Group,50-64 years,0.2
2026-02-28T00:00:00.000,United States,RSV,Age Group,1-4 years,4.4
2026-02-28T00:00:00.000,United States,RSV,Age Group,<1 year,5.3
2026-02-28T00:00:00.000,United States,RSV,Age Group,65+ years,0.4
2026-02-28T00:00:00.000,United States,RSV,Age Group,5-17 years,0.4
2026-02-28T00:00:00.000,United States,RSV,Age Group,18-49 years,0.1
2026-02-28T00:00:00.000,United States,RSV,Race/Ethnicity,Hispanic,0.7
2026-02-28T00:00:00.000,United States,RSV,Race/Ethnicity,"Asian/NHOPI, NH",0.6
2026-02-28T00:00:00.000,United States,RSV,Race/Ethnicity,"AI/AN, NH",0.7
2026-02-28T00:00:00.000,United States,COVID-19,Sex,Male,0.5
2026-02-21T00:00:00.000,United States,COVID-19,Sex,Other,0.0
2026-02-21T00:00:00.000,United States,RSV,Race/Ethnicity,"Asian/NHOPI, NH",0.7
2026-02-21T00:00:00.000,United States,RSV,Race/Ethnicity,"White, NH",0.6
2026-02-21T00:00:00.000,United States,RSV,Race/Ethnicity,"Multiple/Other, NH",0.7
2026-02-21T00:00:00.000,United States,RSV,Race/Ethnicity,Hispanic,0.8
2026-02-21T00:00:00.000,United States,RSV,Age Group,18-49 years,0.1
2026-02-21T00:00:00.000,United States,RSV,Age Group,5-17 years,0.5
2026-02-21T00:00:00.000,United States,RSV,Age Group,65+ years,0.3
2026-02-21T00:00:00.000,United States,RSV,Age Group,<1 year,5.2
2026-02-21T00:00:00.000,United States,RSV,Age Group,1-4 years,4.7
2026-02-21T00:00:00.000,United States,RSV,Age Group,50-64 years,0.2
2026-02-21T00:00:00.000,United States,RSV,Sex,Female,0.6
2026-02-21T00:00:00.000,United States,RSV,Sex,Other,0.0
2026-02-21T00:00:00.000,United States,RSV,Sex,Invalid,0.0
2026-02-21T00:00:00.000,United States,RSV,Sex,Male,0.7
2026-02-21T00:00:00.000,United States,Influenza,Race/Ethnicity,"Black, NH",3.5
2026-02-21T00:00:00.000,United States,Influenza,Race/Ethnicity,"AI/AN, NH",4.0
2026-02-21T00:00:00.000,United States,Influenza,Race/Ethnicity,"Asian/NHOPI, NH",3.4
2026-02-21T00:00:00.000,United States,Influenza,Race/Ethnicity,"White, NH",2.8
2026-02-21T00:00:00.000,United States,Influenza,Race/Ethnicity,"Multiple/Other, NH",3.8
2026-02-21T00:00:00.000,United States,Influenza,Race/Ethnicity,Hispanic,4.2
2026-02-21T00:00:00.000,United States,Influenza,Age Group,18-49 years,2.4
2026-02-21T00:00:00.000,United States,Influenza,Age Group,5-17 years,10.8
2026-02-21T00:00:00.000,United States,Influenza,Age Group,65+ years,1.5
2026-02-21T00:00:00.000,United States,Influenza,Age Group,<1 year,4.7
2026-02-21T00:00:00.000,United States,Influenza,Age Group,1-4 years,8.4
2026-02-21T00:00:00.000,United States,Influenza,Age Group,50-64 years,1.4
2026-02-21T00:00:00.000,United States,Influenza,Sex,Female,3.2
2026-02-21T00:00:00.000,United States,Influenza,Sex,Other,0.0
2026-02-21T00:00:00.000,United States,Influenza,Sex,Invalid,0.0
2026-02-21T00:00:00.000,United States,Influenza,Sex,Male,3.3
2026-02-21T00:00:00.000,United States,Combined,Race/Ethnicity,"Black, NH",4.6
2026-02-21T00:00:00.000,United States,Combined,Race/Ethnicity,"AI/AN, NH",5.4
2026-02-21T00:00:00.000,United States,Combined,Race/Ethnicity,"Asian/NHOPI, NH",4.5
2026-02-21T00:00:00.000,United States,Combined,Race/Ethnicity,"White, NH",4.0
2026-02-21T00:00:00.000,United States,Combined,Race/Ethnicity,"Multiple/Other, NH",5.0
2026-02-21T00:00:00.000,United States,Combined,Race/Ethnicity,Hispanic,5.4
2026-02-21T00:00:00.000,United States,Combined,Age Group,18-49 years,3.0
2026-02-21T00:00:00.000,United States,Combined,Age Group,5-17 years,11.7
2026-02-21T00:00:00.000,United States,Combined,Age Group,65+ years,2.6
2026-02-21T00:00:00.000,United States,Combined,Age Group,<1 year,11.8
2026-02-21T00:00:00.000,United States,Combined,Age Group,1-4 years,13.8
2026-02-21T00:00:00.000,United States,Combined,Age Group,50-64 years,2.1
2026-02-21T00:00:00.000,United States,Combined,Sex,Female,4.4
2026-02-21T00:00:00.000,United States,Combined,Sex,Other,0.0
2026-02-21T00:00:00.000,United States,Combined,Sex,Invalid,0.0
2026-02-21T00:00:00.000,United States,Combined,Sex,Male,4.5
2026-02-21T00:00:00.000,United States,COVID-19,Race/Ethnicity,"Black, NH",0.7
2026-02-21T00:00:00.000,United States,COVID-19,Race/Ethnicity,"AI/AN, NH",0.7
2026-02-21T00:00:00.000,United States,COVID-19,Race/Ethnicity,"Asian/NHOPI, NH",0.5
2026-02-21T00:00:00.000,United States,COVID-19,Race/Ethnicity,"White, NH",0.7
2026-02-21T00:00:00.000,United States,COVID-19,Race/Ethnicity,"Multiple/Other, NH",0.5
2026-02-21T00:00:00.000,United States,COVID-19,Race/Ethnicity,Hispanic,0.4
2026-02-21T00:00:00.000,United States,COVID-19,Age Group,18-49 years,0.5
2026-02-21T00:00:00.000,United States,COVID-19,Age Group,5-17 years,0.5
2026-02-21T00:00:00.000,United States,COVID-19,Age Group,65+ years,0.8
2026-02-21T00:00:00.000,United States,COVID-19,Age Group,<1 year,2.1
2026-02-21T00:00:00.000,United States,COVID-19,Age Group,1-4 years,0.9
2026-02-21T00:00:00.000,United States,COVID-19,Age Group,50-64 years,0.5
2026-02-21T00:00:00.000,United States,COVID-19,Sex,Female,0.6
2026-02-21T00:00:00.000,United States,COVID-19,Sex,Invalid,0.0
2026-02-21T00:00:00.000,United States,COVID-19,Sex,Male,0.6
2026-02-21T00:00:00.000,United States,RSV,Race/Ethnicity,"AI/AN, NH",0.8
2026-02-21T00:00:00.000,United States,RSV,Race/Ethnicity,"Black, NH",0.5
2026-02-14T00:00:00.000,United States,Combined,Age Group,1-4 years,14.3
2026-02-14T00:00:00.000,United States,RSV,Race/Ethnicity,"Black, NH",0.5
2026-02-14T00:00:00.000,United States,COVID-19,Sex,Male,0.6
2026-02-14T00:00:00.000,United States,COVID-19,Sex,Invalid,0.0
2026-02-14T00:00:00.000,United States,COVID-19,Sex,Other,0.0
2026-02-14T00:00:00.000,United States,COVID-19,Sex,Female,0.7
2026-02-14T00:00:00.000,United States,COVID-19,Age Group,50-64 years,0.5
2026-02-14T00:00:00.000,United States,COVID-19,Age Group,1-4 years,0.9
2026-02-14T00:00:00.000,United States,COVID-19,Age Group,<1 year,2.2
2026-02-14T00:00:00.000,United States,COVID-19,Age Group,65+ years,0.8
2026-02-14T00:00:00.000,United States,COVID-19,Age Group,5-17 years,0.5
2026-02-14T00:00:00.000,United States,COVID-19,Age Group,18-49 years,0.5
2026-02-14T00:00:00.000,United States,COVID-19,Race/Ethnicity,Hispanic,0.5
2026-02-14T00:00:00.000,United States,COVID-19,Race/Ethnicity,"Multiple/Other, NH",0.6
2026-02-14T00:00:00.000,United States,COVID-19,Race/Ethnicity,"White, NH",0.7
2026-02-14T00:00:00.000,United States,COVID-19,Race/Ethnicity,"Asian/NHOPI, NH",0.4
2026-02-14T00:00:00.000,United States,COVID-19,Race/Ethnicity,"AI/AN, NH",0.7
2026-02-14T00:00:00.000,United States,COVID-19,Race/Ethnicity,"Black, NH",0.6
2026-02-14T00:00:00.000,United States,Combined,Sex,Male,4.8
2026-02-14T00:00:00.000,United States,Combined,Sex,Invalid,0.0
2026-02-14T00:00:00.000,United States,Combined,Sex,Other,0.0
2026-02-14T00:00:00.000,United States,Combined,Sex,Female,4.6
2026-02-14T00:00:00.000,United States,Combined,Age Group,50-64 years,2.3
2026-02-14T00:00:00.000,United States,RSV,Race/Ethnicity,"AI/AN, NH",0.7
2026-02-14T00:00:00.000,United States,Combined,Age Group,<1 year,11.9
2026-02-14T00:00:00.000,United States,Combined,Age Group,65+ years,2.8
2026-02-14T00:00:00.000,United States,Combined,Age Group,5-17 years,12.2
2026-02-14T00:00:00.000,United States,Combined,Age Group,18-49 years,3.2
2026-02-14T00:00:00.000,United States,Combined,Race/Ethnicity,Hispanic,5.9
2026-02-14T00:00:00.000,United States,Combined,Race/Ethnicity,"Multiple/Other, NH",5.1
2026-02-14T00:00:00.000,United States,Combined,Race/Ethnicity,"White, NH",4.2
2026-02-14T00:00:00.000,United States,Combined,Race/Ethnicity,"Asian/NHOPI, NH",4.8
2026-02-14T00:00:00.000,United States,Combined,Race/Ethnicity,"AI/AN, NH",6.0
2026-02-14T00:00:00.000,United States,Combined,Race/Ethnicity,"Black, NH",4.9
2026-02-14T00:00:00.000,United States,Influenza,Sex,Male,3.7
2026-02-14T00:00:00.000,United States,Influenza,Sex,Invalid,0.0
2026-02-14T00:00:00.000,United States,Influenza,Sex,Other,0.0
2026-02-14T00:00:00.000,United States,Influenza,Sex,Female,3.5
2026-02-14T00:00:00.000,United States,Influenza,Age Group,50-64 years,1.6
2026-02-14T00:00:00.000,United States,Influenza,Age Group,1-4 years,9.2
2026-02-14T00:00:00.000,United States,Influenza,Age Group,<1 year,5.1
2026-02-14T00:00:00.000,United States,Influenza,Age Group,65+ years,1.8
2026-02-14T00:00:00.000,United States,Influenza,Age Group,5-17 years,11.3
2026-02-14T00:00:00.000,United States,Influenza,Age Group,18-49 years,2.6
2026-02-14T00:00:00.000,United States,Influenza,Race/Ethnicity,Hispanic,4.8
2026-02-14T00:00:00.000,United States,Influenza,Race/Ethnicity,"Multiple/Other, NH",3.9
2026-02-14T00:00:00.000,United States,Influenza,Race/Ethnicity,"White, NH",3.0
2026-02-14T00:00:00.000,United States,Influenza,Race/Ethnicity,"Asian/NHOPI, NH",3.8
2026-02-14T00:00:00.000,United States,Influenza,Race/Ethnicity,"AI/AN, NH",4.7
2026-02-14T00:00:00.000,United States,Influenza,Race/Ethnicity,"Black, NH",3.8
2026-02-14T00:00:00.000,United States,RSV,Sex,Male,0.6
2026-02-14T00:00:00.000,United States,RSV,Sex,Invalid,0.0
2026-02-14T00:00:00.000,United States,RSV,Sex,Other,0.0
2026-02-14T00:00:00.000,United States,RSV,Sex,Female,0.5
2026-02-14T00:00:00.000,United States,RSV,Age Group,50-64 years,0.2
2026-02-14T00:00:00.000,United States,RSV,Age Group,1-4 years,4.6
2026-02-14T00:00:00.000,United States,RSV,Age Group,<1 year,4.9
2026-02-14T00:00:00.000,United States,RSV,Age Group,65+ years,0.3
2026-02-14T00:00:00.000,United States,RSV,Age Group,5-17 years,0.4
2026-02-14T00:00:00.000,United States,RSV,Age Group,18-49 years,0.1
2026-02-14T00:00:00.000,United States,RSV,Race/Ethnicity,Hispanic,0.7
2026-02-14T00:00:00.000,United States,RSV,Race/Ethnicity,"Multiple/Other, NH",0.7
2026-02-14T00:00:00.000,United States,RSV,Race/Ethnicity,"White, NH",0.5
2026-02-14T00:00:00.000,United States,RSV,Race/Ethnicity,"Asian/NHOPI, NH",0.7
2026-02-07T00:00:00.000,United States,COVID-19,Age Group,<1 year,2.2
2026-02-07T00:00:00.000,United States,COVID-19,Age Group,65+ years,0.7
2026-02-07T00:00:00.000,United States,RSV,Race/Ethnicity,"Black, NH",0.4
2026-02-07T00:00:00.000,United States,COVID-19,Age Group,5-17 years,0.5
2026-02-07T00:00:00.000,United States,COVID-19,Age Group,18-49 years,0.5
2026-02-07T00:00:00.000,United States,COVID-19,Race/Ethnicity,Hispanic,0.5
2026-02-07T00:00:00.000,United States,COVID-19,Race/Ethnicity,"Multiple/Other, NH",0.5
2026-02-07T00:00:00.000,United States,COVID-19,Sex,Male,0.6
2026-02-07T00:00:00.000,United States,COVID-19,Race/Ethnicity,"White, NH",0.7
2026-02-07T00:00:00.000,United States,COVID-19,Race/Ethnicity,"Asian/NHOPI, NH",0.4
2026-02-07T00:00:00.000,United States,COVID-19,Race/Ethnicity,"AI/AN, NH",0.6
2026-02-07T00:00:00.000,United States,COVID-19,Race/Ethnicity,"Black, NH",0.6
2026-02-07T00:00:00.000,United States,Combined,Sex,Male,4.4
2026-02-07T00:00:00.000,United States,Combined,Sex,Invalid,0.0
2026-02-07T00:00:00.000,United States,Combined,Sex,Other,0.0
2026-02-07T00:00:00.000,United States,Combined,Sex,Female,4.3
2026-02-07T00:00:00.000,United States,Combined,Age Group,50-64 years,2.2
2026-02-07T00:00:00.000,United States,Combined,Age Group,1-4 years,13.9
2026-02-07T00:00:00.000,United States,Combined,Age Group,<1 year,11.8
2026-02-07T00:00:00.000,United States,Combined,Age Group,65+ years,2.7
2026-02-07T00:00:00.000,United States,Combined,Age Group,5-17 years,10.4
2026-02-07T00:00:00.000,United States,Combined,Age Group,18-49 years,3.0
2026-02-07T00:00:00.000,United States,Combined,Race/Ethnicity,Hispanic,5.4
2026-02-07T00:00:00.000,United States,Combined,Race/Ethnicity,"Multiple/Other, NH",4.6
2026-02-07T00:00:00.000,United States,Combined,Race/Ethnicity,"White, NH",3.9
2026-02-07T00:00:00.000,United States,Combined,Race/Ethnicity,"Asian/NHOPI, NH",4.5
2026-02-07T00:00:00.000,United States,Combined,Race/Ethnicity,"AI/AN, NH",6.0
2026-02-07T00:00:00.000,United States,Combined,Race/Ethnicity,"Black, NH",4.2
2026-02-07T00:00:00.000,United States,Influenza,Sex,Male,3.3
2026-02-07T00:00:00.000,United States,Influenza,Sex,Invalid,0.0
2026-02-07T00:00:00.000,United States,Influenza,Sex,Other,0.0
2026-02-07T00:00:00.000,United States,Influenza,Sex,Female,3.2
2026-02-07T00:00:00.000,United States,Influenza,Age Group,50-64 years,1.5
2026-02-07T00:00:00.000,United States,Influenza,Age Group,1-4 years,9.1
2026-02-07T00:00:00.000,United States,Influenza,Age Group,<1 year,5.2
2026-02-07T00:00:00.000,United States,Influenza,Age Group,65+ years,1.8
2026-02-07T00:00:00.000,United States,Influenza,Age Group,5-17 years,9.6
2026-02-07T00:00:00.000,United States,Influenza,Age Group,18-49 years,2.5
2026-02-07T00:00:00.000,United States,Influenza,Race/Ethnicity,Hispanic,4.4
2026-02-07T00:00:00.000,United States,Influenza,Race/Ethnicity,"Multiple/Other, NH",3.5
2026-02-07T00:00:00.000,United States,Influenza,Race/Ethnicity,"White, NH",2.8
2026-02-07T00:00:00.000,United States,Influenza,Race/Ethnicity,"Asian/NHOPI, NH",3.6
2026-02-07T00:00:00.000,United States,Influenza,Race/Ethnicity,"AI/AN, NH",4.9
2026-02-07T00:00:00.000,United States,Influenza,Race/Ethnicity,"Black, NH",3.3
2026-02-07T00:00:00.000,United States,RSV,Sex,Male,0.6
2026-02-07T00:00:00.000,United States,RSV,Sex,Invalid,0.0
2026-02-07T00:00:00.000,United States,RSV,Sex,Other,0.0
2026-02-07T00:00:00.000,United States,RSV,Sex,Female,0.5
2026-02-07T00:00:00.000,United States,RSV,Age Group,50-64 years,0.2
2026-02-07T00:00:00.000,United States,RSV,Age Group,1-4 years,4.1
2026-02-07T00:00:00.000,United States,RSV,Age Group,<1 year,4.6
2026-02-07T00:00:00.000,United States,RSV,Age Group,65+ years,0.3
2026-02-07T00:00:00.000,United States,RSV,Age Group,5-17 years,0.4
2026-02-07T00:00:00.000,United States,RSV,Age Group,18-49 years,0.1
2026-02-07T00:00:00.000,United States,RSV,Race/Ethnicity,Hispanic,0.6
2026-02-07T00:00:00.000,United States,RSV,Race/Ethnicity,"Multiple/Other, NH",0.6
2026-02-07T00:00:00.000,United States,RSV,Race/Ethnicity,"White, NH",0.5
2026-02-07T00:00:00.000,United States,RSV,Race/Ethnicity,"Asian/NHOPI, NH",0.5
2026-02-07T00:00:00.000,United States,RSV,Race/Ethnicity,"AI/AN, NH",0.6
2026-02-07T00:00:00.000,United States,COVID-19,Age Group,1-4 years,0.9
2026-02-07T00:00:00.000,United States,COVID-19,Age Group,50-64 years,0.5
2026-02-07T00:00:00.000,United States,COVID-19,Sex,Female,0.6
2026-02-07T00:00:00.000,United States,COVID-19,Sex,Other,0.0
2026-02-07T00:00:00.000,United States,COVID-19,Sex,Invalid,0.0
2026-01-31T00:00:00.000,United States,Influenza,Race/Ethnicity,"AI/AN, NH",4.2
2026-01-31T00:00:00.000,United States,RSV,Race/Ethnicity,"Black, NH",0.5
2026-01-31T00:00:00.000,United States,RSV,Race/Ethnicity,"AI/AN, NH",0.6
2026-01-31T00:00:00.000,United States,RSV,Race/Ethnicity,"Asian/NHOPI, NH",0.6
2026-01-31T00:00:00.000,United States,COVID-19,Sex,Female,0.7
2026-01-31T00:00:00.000,United States,COVID-19,Sex,Male,0.6
2026-01-31T00:00:00.000,United States,COVID-19,Sex,Invalid,0.0
2026-01-31T00:00:00.000,United States,COVID-19,Sex,Other,0.0
2026-01-31T00:00:00.000,United States,RSV,Race/Ethnicity,"White, NH",0.5
2026-01-31T00:00:00.000,United States,RSV,Race/Ethnicity,"Multiple/Other, NH",0.7
2026-01-31T00:00:00.000,United States,RSV,Race/Ethnicity,Hispanic,0.7
2026-01-31T00:00:00.000,United States,RSV,Age Group,18-49 years,0.1
2026-01-31T00:00:00.000,United States,RSV,Age Group,5-17 years,0.4
2026-01-31T00:00:00.000,United States,RSV,Age Group,65+ years,0.3
2026-01-31T00:00:00.000,United States,RSV,Age Group,<1 year,5.0
2026-01-31T00:00:00.000,United States,RSV,Age Group,1-4 years,4.5
2026-01-31T00:00:00.000,United States,RSV,Age Group,50-64 years,0.2
2026-01-31T00:00:00.000,United States,RSV,Sex,Female,0.5
2026-01-31T00:00:00.000,United States,RSV,Sex,Other,0.0
2026-01-31T00:00:00.000,United States,RSV,Sex,Invalid,0.0
2026-01-31T00:00:00.000,United States,RSV,Sex,Male,0.6
2026-01-31T00:00:00.000,United States,Influenza,Race/Ethnicity,"Black, NH",3.4
2026-01-31T00:00:00.000,United States,Influenza,Race/Ethnicity,"Asian/NHOPI, NH",3.5
2026-01-31T00:00:00.000,United States,Influenza,Race/Ethnicity,"White, NH",2.9
2026-01-31T00:00:00.000,United States,Influenza,Race/Ethnicity,"Multiple/Other, NH",3.6
2026-01-31T00:00:00.000,United States,Influenza,Race/Ethnicity,Hispanic,4.1
2026-01-31T00:00:00.000,United States,Influenza,Age Group,18-49 years,2.5
2026-01-31T00:00:00.000,United States,Influenza,Age Group,5-17 years,9.9
2026-01-31T00:00:00.000,United States,Influenza,Age Group,65+ years,1.8
2026-01-31T00:00:00.000,United States,Influenza,Age Group,<1 year,5.4
2026-01-31T00:00:00.000,United States,Influenza,Age Group,1-4 years,9.5
2026-01-31T00:00:00.000,United States,Influenza,Age Group,50-64 years,1.6
2026-01-31T00:00:00.000,United States,Influenza,Sex,Female,3.2
2026-01-31T00:00:00.000,United States,Influenza,Sex,Other,0.0
2026-01-31T00:00:00.000,United States,Influenza,Sex,Invalid,0.0
2026-01-31T00:00:00.000,United States,Influenza,Sex,Male,3.3
2026-01-31T00:00:00.000,United States,Combined,Race/Ethnicity,"Black, NH",4.4
2026-01-31T00:00:00.000,United States,Combined,Race/Ethnicity,"AI/AN, NH",5.3
2026-01-31T00:00:00.000,United States,Combined,Race/Ethnicity,"Asian/NHOPI, NH",4.4
2026-01-31T00:00:00.000,United States,Combined,Race/Ethnicity,"White, NH",4.1
2026-01-31T00:00:00.000,United States,Combined,Race/Ethnicity,"Multiple/Other, NH",4.8
2026-01-31T00:00:00.000,United States,Combined,Race/Ethnicity,Hispanic,5.2
2026-01-31T00:00:00.000,United States,Combined,Age Group,18-49 years,3.0
2026-01-31T00:00:00.000,United States,Combined,Age Group,5-17 years,10.8
2026-01-31T00:00:00.000,United States,Combined,Age Group,65+ years,2.8
2026-01-31T00:00:00.000,United States,Combined,Age Group,<1 year,12.6
2026-01-31T00:00:00.000,United States,Combined,Age Group,1-4 years,14.7
2026-01-31T00:00:00.000,United States,Combined,Age Group,50-64 years,2.2
2026-01-31T00:00:00.000,United States,Combined,Sex,Female,4.4
2026-01-31T00:00:00.000,United States,Combined,Sex,Other,0.0
2026-01-31T00:00:00.000,United States,Combined,Sex,Invalid,0.0
2026-01-31T00:00:00.000,United States,Combined,Sex,Male,4.5
2026-01-31T00:00:00.000,United States,COVID-19,Race/Ethnicity,"Black, NH",0.6
2026-01-31T00:00:00.000,United States,COVID-19,Race/Ethnicity,"AI/AN, NH",0.6
2026-01-31T00:00:00.000,United States,COVID-19,Race/Ethnicity,"Asian/NHOPI, NH",0.4
2026-01-31T00:00:00.000,United States,COVID-19,Race/Ethnicity,"White, NH",0.8
2026-01-31T00:00:00.000,United States,COVID-19,Race/Ethnicity,"Multiple/Other, NH",0.5
2026-01-31T00:00:00.000,United States,COVID-19,Race/Ethnicity,Hispanic,0.5
2026-01-31T00:00:00.000,United States,COVID-19,Age Group,18-49 years,0.5
2026-01-31T00:00:00.000,United States,COVID-19,Age Group,5-17 years,0.6
2026-01-31T00:00:00.000,United States,COVID-19,Age Group,65+ years,0.8
2026-01-31T00:00:00.000,United States,COVID-19,Age Group,<1 year,2.5
2026-01-31T00:00:00.000,United States,COVID-19,Age Group,1-4 years,1.0
2026-01-31T00:00:00.000,United States,COVID-19,Age Group,50-64 years,0.5
2026-01-24T00:00:00.000,United States,RSV,Race/Ethnicity,"AI/AN, NH",0.6
2026-01-24T00:00:00.000,United States,RSV,Race/Ethnicity,"Black, NH",0.5
2026-01-24T00:00:00.000,United States,COVID-19,Sex,Male,0.6
2026-01-24T00:00:00.000,United States,COVID-19,Sex,Invalid,0.0
2026-01-24T00:00:00.000,United States,COVID-19,Sex,Other,0.0
2026-01-24T00:00:00.000,United States,COVID-19,Sex,Female,0.7
2026-01-24T00:00:00.000,United States,COVID-19,Age Group,50-64 years,0.5
2026-01-24T00:00:00.000,United States,COVID-19,Age Group,1-4 years,1.0
2026-01-24T00:00:00.000,United States,COVID-19,Age Group,<1 year,2.4
2026-01-24T00:00:00.000,United States,COVID-19,Age Group,65+ years,0.8
2026-01-24T00:00:00.000,United States,COVID-19,Age Group,5-17 years,0.6
2026-01-24T00:00:00.000,United States,COVID-19,Age Group,18-49 years,0.5
2026-01-24T00:00:00.000,United States,COVID-19,Race/Ethnicity,Hispanic,0.5
2026-01-24T00:00:00.000,United States,COVID-19,Race/Ethnicity,"Multiple/Other, NH",0.6
2026-01-24T00:00:00.000,United States,COVID-19,Race/Ethnicity,"White, NH",0.8
2026-01-24T00:00:00.000,United States,COVID-19,Race/Ethnicity,"Asian/NHOPI, NH",0.4
2026-01-24T00:00:00.000,United States,COVID-19,Race/Ethnicity,"AI/AN, NH",0.7
2026-01-24T00:00:00.000,United States,COVID-19,Race/Ethnicity,"Black, NH",0.7
2026-01-24T00:00:00.000,United States,Combined,Sex,Male,4.6
2026-01-24T00:00:00.000,United States,Combined,Sex,Invalid,0.0
2026-01-24T00:00:00.000,United States,Combined,Sex,Other,0.0
2026-01-24T00:00:00.000,United States,Combined,Sex,Female,4.5
2026-01-24T00:00:00.000,United States,Combined,Age Group,50-64 years,2.3
2026-01-24T00:00:00.000,United States,Combined,Age Group,1-4 years,15.3
2026-01-24T00:00:00.000,United States,Combined,Age Group,<1 year,12.4
2026-01-24T00:00:00.000,United States,Combined,Age Group,65+ years,2.9
2026-01-24T00:00:00.000,United States,Combined,Age Group,5-17 years,11.1
2026-01-24T00:00:00.000,United States,Combined,Age Group,18-49 years,3.0
2026-01-24T00:00:00.000,United States,Combined,Race/Ethnicity,Hispanic,5.4
2026-01-24T00:00:00.000,United States,Combined,Race/Ethnicity,"Multiple/Other, NH",5.1
2026-01-24T00:00:00.000,United States,Combined,Race/Ethnicity,"White, NH",4.1
2026-01-24T00:00:00.000,United States,Combined,Race/Ethnicity,"Asian/NHOPI, NH",4.7
2026-01-24T00:00:00.000,United States,Combined,Race/Ethnicity,"AI/AN, NH",5.7
2026-01-24T00:00:00.000,United States,Combined,Race/Ethnicity,"Black, NH",4.7
2026-01-24T00:00:00.000,United States,Influenza,Sex,Male,3.5
2026-01-24T00:00:00.000,United States,Influenza,Sex,Invalid,0.0
2026-01-24T00:00:00.000,United States,Influenza,Sex,Other,0.0
2026-01-24T00:00:00.000,United States,Influenza,Sex,Female,3.3
2026-01-24T00:00:00.000,United States,Influenza,Age Group,50-64 years,1.6
2026-01-24T00:00:00.000,United States,Influenza,Age Group,1-4 years,10.1
2026-01-24T00:00:00.000,United States,Influenza,Age Group,<1 year,5.8
2026-01-24T00:00:00.000,United States,Influenza,Age Group,65+ years,1.9
2026-01-24T00:00:00.000,United States,Influenza,Age Group,5-17 years,10.1
2026-01-24T00:00:00.000,United States,Influenza,Age Group,18-49 years,2.4
2026-01-24T00:00:00.000,United States,Influenza,Race/Ethnicity,Hispanic,4.3
2026-01-24T00:00:00.000,United States,Influenza,Race/Ethnicity,"Multiple/Other, NH",3.9
2026-01-24T00:00:00.000,United States,Influenza,Race/Ethnicity,"White, NH",2.9
2026-01-24T00:00:00.000,United States,Influenza,Race/Ethnicity,"Asian/NHOPI, NH",3.8
2026-01-24T00:00:00.000,United States,Influenza,Race/Ethnicity,"AI/AN, NH",4.6
2026-01-24T00:00:00.000,United States,Influenza,Race/Ethnicity,"Black, NH",3.7
2026-01-24T00:00:00.000,United States,RSV,Sex,Male,0.6
2026-01-24T00:00:00.000,United States,RSV,Sex,Invalid,0.0
2026-01-24T00:00:00.000,United States,RSV,Sex,Other,0.0
2026-01-24T00:00:00.000,United States,RSV,Sex,Female,0.5
2026-01-24T00:00:00.000,United States,RSV,Age Group,50-64 years,0.2
2026-01-24T00:00:00.000,United States,RSV,Age Group,1-4 years,4.4
2026-01-24T00:00:00.000,United States,RSV,Age Group,<1 year,4.5
2026-01-24T00:00:00.000,United States,RSV,Age Group,65+ years,0.2
2026-01-24T00:00:00.000,United States,RSV,Age Group,5-17 years,0.4
2026-01-24T00:00:00.000,United States,RSV,Age Group,18-49 years,0.1
2026-01-24T00:00:00.000,United States,RSV,Race/Ethnicity,Hispanic,0.7
2026-01-24T00:00:00.000,United States,RSV,Race/Ethnicity,"Multiple/Other, NH",0.6
2026-01-24T00:00:00.000,United States,RSV,Race/Ethnicity,"White, NH",0.5
2026-01-24T00:00:00.000,United States,RSV,Race/Ethnicity,"Asian/NHOPI, NH",0.6
2026-01-17T00:00:00.000,United States,RSV,Race/Ethnicity,Hispanic,0.6
2026-01-17T00:00:00.000,United States,COVID-19,Sex,Male,0.7
2026-01-17T00:00:00.000,United States,COVID-19,Sex,Invalid,0.0
2026-01-17T00:00:00.000,United States,COVID-19,Sex,Other,0.0
2026-01-17T00:00:00.000,United States,COVID-19,Sex,Female,0.7
2026-01-17T00:00:00.000,United States,COVID-19,Age Group,50-64 years,0.6
2026-01-17T00:00:00.000,United States,COVID-19,Age Group,1-4 years,0.9
2026-01-17T00:00:00.000,United States,COVID-19,Age Group,<1 year,2.4
2026-01-17T00:00:00.000,United States,COVID-19,Age Group,65+ years,0.9
2026-01-17T00:00:00.000,United States,COVID-19,Age Group,5-17 years,0.5
2026-01-17T00:00:00.000,United States,COVID-19,Age Group,18-49 years,0.5
2026-01-17T00:00:00.000,United States,COVID-19,Race/Ethnicity,Hispanic,0.5
2026-01-17T00:00:00.000,United States,COVID-19,Race/Ethnicity,"Multiple/Other, NH",0.6
2026-01-17T00:00:00.000,United States,COVID-19,Race/Ethnicity,"White, NH",0.8
2026-01-17T00:00:00.000,United States,COVID-19,Race/Ethnicity,"Asian/NHOPI, NH",0.5
2026-01-17T00:00:00.000,United States,COVID-19,Race/Ethnicity,"AI/AN, NH",0.7
2026-01-17T00:00:00.000,United States,COVID-19,Race/Ethnicity,"Black, NH",0.6
2026-01-17T00:00:00.000,United States,Combined,Sex,Male,4.4
2026-01-17T00:00:00.000,United States,Combined,Sex,Invalid,0.0
2026-01-17T00:00:00.000,United States,Combined,Sex,Other,0.0
2026-01-17T00:00:00.000,United States,Combined,Sex,Female,4.2
2026-01-17T00:00:00.000,United States,Combined,Age Group,50-64 years,2.4
2026-01-17T00:00:00.000,United States,Combined,Age Group,1-4 years,15.1
2026-01-17T00:00:00.000,United States,Combined,Age Group,<1 year,12.0
2026-01-17T00:00:00.000,United States,Combined,Age Group,65+ years,3.3
2026-01-17T00:00:00.000,United States,Combined,Age Group,5-17 years,9.0
2026-01-17T00:00:00.000,United States,Combined,Age Group,18-49 years,2.8
2026-01-17T00:00:00.000,United States,Combined,Race/Ethnicity,Hispanic,5.0
2026-01-17T00:00:00.000,United States,Combined,Race/Ethnicity,"Multiple/Other, NH",4.8
2026-01-17T00:00:00.000,United States,Combined,Race/Ethnicity,"White, NH",3.9
2026-01-17T00:00:00.000,United States,Combined,Race/Ethnicity,"Asian/NHOPI, NH",4.6
2026-01-17T00:00:00.000,United States,Combined,Race/Ethnicity,"AI/AN, NH",5.3
2026-01-17T00:00:00.000,United States,Combined,Race/Ethnicity,"Black, NH",4.3
2026-01-17T00:00:00.000,United States,Influenza,Sex,Male,3.3
2026-01-17T00:00:00.000,United States,Influenza,Sex,Invalid,0.0
2026-01-17T00:00:00.000,United States,Influenza,Sex,Other,0.0
2026-01-17T00:00:00.000,United States,Influenza,Sex,Female,3.1
2026-01-17T00:00:00.000,United States,Influenza,Age Group,50-64 years,1.7
2026-01-17T00:00:00.000,United States,Influenza,Age Group,1-4 years,10.4
2026-01-17T00:00:00.000,United States,Influenza,Age Group,<1 year,5.9
2026-01-17T00:00:00.000,United States,Influenza,Age Group,65+ years,2.1
2026-01-17T00:00:00.000,United States,Influenza,Age Group,5-17 years,8.3
2026-01-17T00:00:00.000,United States,Influenza,Age Group,18-49 years,2.2
2026-01-17T00:00:00.000,United States,Influenza,Race/Ethnicity,Hispanic,4.0
2026-01-17T00:00:00.000,United States,Influenza,Race/Ethnicity,"Multiple/Other, NH",3.7
2026-01-17T00:00:00.000,United States,Influenza,Race/Ethnicity,"White, NH",2.7
2026-01-17T00:00:00.000,United States,Influenza,Race/Ethnicity,"Asian/NHOPI, NH",3.7
2026-01-17T00:00:00.000,United States,Influenza,Race/Ethnicity,"AI/AN, NH",4.3
2026-01-17T00:00:00.000,United States,Influenza,Race/Ethnicity,"Black, NH",3.3
2026-01-17T00:00:00.000,United States,RSV,Sex,Male,0.5
2026-01-17T00:00:00.000,United States,RSV,Sex,Invalid,0.0
2026-01-17T00:00:00.000,United States,RSV,Sex,Other,0.0
2026-01-17T00:00:00.000,United States,RSV,Sex,Female,0.4
2026-01-17T00:00:00.000,United States,RSV,Age Group,50-64 years,0.2
2026-01-17T00:00:00.000,United States,RSV,Age Group,1-4 years,4.0
2026-01-17T00:00:00.000,United States,RSV,Age Group,<1 year,4.0
2026-01-17T00:00:00.000,United States,RSV,Age Group,65+ years,0.3
2026-01-17T00:00:00.000,United States,RSV,Age Group,5-17 years,0.3
2026-01-17T00:00:00.000,United States,RSV,Age Group,18-49 years,0.1
2026-01-17T00:00:00.000,United States,RSV,Race/Ethnicity,"Multiple/Other, NH",0.6
2026-01-17T00:00:00.000,United States,RSV,Race/Ethnicity,"White, NH",0.4
2026-01-17T00:00:00.000,United States,RSV,Race/Ethnicity,"Asian/NHOPI, NH",0.5
2026-01-17T00:00:00.000,United States,RSV,Race/Ethnicity,"AI/AN, NH",0.3
2026-01-17T00:00:00.000,United States,RSV,Race/Ethnicity,"Black, NH",0.4
2026-01-10T00:00:00.000,United States,COVID-19,Age Group,18-49 years,0.6
2026-01-10T00:00:00.000,United States,COVID-19,Race/Ethnicity,Hispanic,0.6
2026-01-10T00:00:00.000,United States,COVID-19,Race/Ethnicity,"Multiple/Other, NH",0.6
2026-01-10T00:00:00.000,United States,COVID-19,Race/Ethnicity,"White, NH",1.0
2026-01-10T00:00:00.000,United States,COVID-19,Race/Ethnicity,"Asian/NHOPI, NH",0.5
2026-01-10T00:00:00.000,United States,COVID-19,Race/Ethnicity,"AI/AN, NH",0.9
2026-01-10T00:00:00.000,United States,COVID-19,Race/Ethnicity,"Black, NH",0.7
2026-01-10T00:00:00.000,United States,Combined,Sex,Male,5.4
2026-01-10T00:00:00.000,United States,Combined,Sex,Invalid,0.0
2026-01-10T00:00:00.000,United States,Combined,Sex,Other,0.0
2026-01-10T00:00:00.000,United States,Combined,Sex,Female,5.3
2026-01-10T00:00:00.000,United States,Combined,Age Group,50-64 years,3.6
2026-01-10T00:00:00.000,United States,Combined,Age Group,1-4 years,16.4
2026-01-10T00:00:00.000,United States,Combined,Age Group,<1 year,14.2
2026-01-10T00:00:00.000,United States,Combined,Age Group,65+ years,4.8
2026-01-10T00:00:00.000,United States,Combined,Age Group,5-17 years,7.5
2026-01-10T00:00:00.000,United States,Combined,Age Group,18-49 years,4.2
2026-01-10T00:00:00.000,United States,Combined,Race/Ethnicity,Hispanic,6.2
2026-01-10T00:00:00.000,United States,Combined,Race/Ethnicity,"Multiple/Other, NH",5.7
2026-01-10T00:00:00.000,United States,Combined,Race/Ethnicity,"White, NH",4.9
2026-01-10T00:00:00.000,United States,Combined,Race/Ethnicity,"Asian/NHOPI, NH",6.1
2026-01-10T00:00:00.000,United States,Combined,Race/Ethnicity,"AI/AN, NH",6.3
2026-01-10T00:00:00.000,United States,Combined,Race/Ethnicity,"Black, NH",5.5
2026-01-10T00:00:00.000,United States,Influenza,Sex,Male,4.2
2026-01-10T00:00:00.000,United States,Influenza,Sex,Invalid,0.0
2026-01-10T00:00:00.000,United States,Influenza,Sex,Other,0.0
2026-01-10T00:00:00.000,United States,Influenza,Sex,Female,4.1
2026-01-10T00:00:00.000,United States,Influenza,Age Group,50-64 years,2.7
2026-01-10T00:00:00.000,United States,Influenza,Age Group,1-4 years,12.2
2026-01-10T00:00:00.000,United States,Influenza,Age Group,<1 year,7.8
2026-01-10T00:00:00.000,United States,Influenza,Age Group,65+ years,3.4
2026-01-10T00:00:00.000,United States,Influenza,Age Group,5-17 years,6.9
2026-01-10T00:00:00.000,United States,Influenza,Age Group,18-49 years,3.5
2026-01-10T00:00:00.000,United States,Influenza,Race/Ethnicity,Hispanic,5.1
2026-01-10T00:00:00.000,United States,Influenza,Race/Ethnicity,"Multiple/Other, NH",4.6
2026-01-10T00:00:00.000,United States,Influenza,Race/Ethnicity,"White, NH",3.6
2026-01-10T00:00:00.000,United States,Influenza,Race/Ethnicity,"Asian/NHOPI, NH",5.1
2026-01-10T00:00:00.000,United States,Influenza,Race/Ethnicity,"AI/AN, NH",5.1
2026-01-10T00:00:00.000,United States,Influenza,Race/Ethnicity,"Black, NH",4.5
2026-01-10T00:00:00.000,United States,RSV,Sex,Male,0.5
2026-01-10T00:00:00.000,United States,RSV,Sex,Invalid,0.0
2026-01-10T00:00:00.000,United States,RSV,Sex,Other,0.0
2026-01-10T00:00:00.000,United States,RSV,Sex,Female,0.4
2026-01-10T00:00:00.000,United States,RSV,Age Group,50-64 years,0.2
2026-01-10T00:00:00.000,United States,RSV,Age Group,1-4 years,3.4
2026-01-10T00:00:00.000,United States,RSV,Age Group,<1 year,4.2
2026-01-10T00:00:00.000,United States,RSV,Age Group,65+ years,0.3
2026-01-10T00:00:00.000,United States,COVID-19,Sex,Male,0.8
2026-01-10T00:00:00.000,United States,RSV,Age Group,5-17 years,0.2
2026-01-10T00:00:00.000,United States,RSV,Age Group,18-49 years,0.1
2026-01-10T00:00:00.000,United States,RSV,Race/Ethnicity,Hispanic,0.6
2026-01-10T00:00:00.000,United States,RSV,Race/Ethnicity,"Multiple/Other, NH",0.6
2026-01-10T00:00:00.000,United States,RSV,Race/Ethnicity,"White, NH",0.4
2026-01-10T00:00:00.000,United States,RSV,Race/Ethnicity,"Asian/NHOPI, NH",0.5
2026-01-10T00:00:00.000,United States,RSV,Race/Ethnicity,"AI/AN, NH",0.4
2026-01-10T00:00:00.000,United States,RSV,Race/Ethnicity,"Black, NH",0.4
2026-01-10T00:00:00.000,United States,COVID-19,Age Group,<1 year,2.5
2026-01-10T00:00:00.000,United States,COVID-19,Age Group,65+ years,1.1
2026-01-10T00:00:00.000,United States,COVID-19,Age Group,5-17 years,0.4
2026-01-10T00:00:00.000,United States,COVID-19,Sex,Invalid,0.0
2026-01-10T00:00:00.000,United States,COVID-19,Sex,Other,0.0
2026-01-10T00:00:00.000,United States,COVID-19,Sex,Female,0.9
2026-01-10T00:00:00.000,United States,COVID-19,Age Group,50-64 years,0.7
2026-01-10T00:00:00.000,United States,COVID-19,Age Group,1-4 years,1.0
2026-01-03T00:00:00.000,United States,Combined,Sex,Male,7.8
2026-01-03T00:00:00.000,United States,COVID-19,Age Group,50-64 years,0.8
2026-01-03T00:00:00.000,United States,COVID-19,Sex,Female,1.0
2026-01-03T00:00:00.000,United States,RSV,Race/Ethnicity,"Black, NH",0.5
2026-01-03T00:00:00.000,United States,RSV,Race/Ethnicity,"AI/AN, NH",0.4
2026-01-03T00:00:00.000,United States,RSV,Race/Ethnicity,"Asian/NHOPI, NH",0.6
2026-01-03T00:00:00.000,United States,COVID-19,Sex,Other,0.0
2026-01-03T00:00:00.000,United States,COVID-19,Sex,Invalid,0.0
2026-01-03T00:00:00.000,United States,COVID-19,Sex,Male,0.9
2026-01-03T00:00:00.000,United States,RSV,Race/Ethnicity,"White, NH",0.5
2026-01-03T00:00:00.000,United States,RSV,Race/Ethnicity,"Multiple/Other, NH",0.7
2026-01-03T00:00:00.000,United States,RSV,Race/Ethnicity,Hispanic,0.7
2026-01-03T00:00:00.000,United States,RSV,Age Group,18-49 years,0.1
2026-01-03T00:00:00.000,United States,RSV,Age Group,5-17 years,0.4
2026-01-03T00:00:00.000,United States,RSV,Age Group,65+ years,0.3
2026-01-03T00:00:00.000,United States,RSV,Age Group,<1 year,4.9
2026-01-03T00:00:00.000,United States,RSV,Age Group,1-4 years,3.7
2026-01-03T00:00:00.000,United States,RSV,Age Group,50-64 years,0.2
2026-01-03T00:00:00.000,United States,RSV,Sex,Female,0.5
2026-01-03T00:00:00.000,United States,RSV,Sex,Other,0.0
2026-01-03T00:00:00.000,United States,RSV,Sex,Invalid,0.0
2026-01-03T00:00:00.000,United States,RSV,Sex,Male,0.6
2026-01-03T00:00:00.000,United States,Influenza,Race/Ethnicity,"Black, NH",6.9
2026-01-03T00:00:00.000,United States,Influenza,Race/Ethnicity,"AI/AN, NH",6.6
2026-01-03T00:00:00.000,United States,Influenza,Race/Ethnicity,"Asian/NHOPI, NH",7.6
2026-01-03T00:00:00.000,United States,Influenza,Race/Ethnicity,"White, NH",5.7
2026-01-03T00:00:00.000,United States,Influenza,Race/Ethnicity,"Multiple/Other, NH",7.1
2026-01-03T00:00:00.000,United States,Influenza,Race/Ethnicity,Hispanic,7.8
2026-01-03T00:00:00.000,United States,Influenza,Age Group,18-49 years,5.4
2026-01-03T00:00:00.000,United States,Influenza,Age Group,5-17 years,10.6
2026-01-03T00:00:00.000,United States,Influenza,Age Group,65+ years,5.6
2026-01-03T00:00:00.000,United States,Influenza,Age Group,<1 year,12.0
2026-01-03T00:00:00.000,United States,Influenza,Age Group,1-4 years,16.8
2026-01-03T00:00:00.000,United States,Influenza,Age Group,50-64 years,4.1
2026-01-03T00:00:00.000,United States,Influenza,Sex,Female,6.6
2026-01-03T00:00:00.000,United States,Influenza,Sex,Other,0.0
2026-01-03T00:00:00.000,United States,Influenza,Sex,Invalid,0.0
2026-01-03T00:00:00.000,United States,Influenza,Sex,Male,6.4
2026-01-03T00:00:00.000,United States,Combined,Race/Ethnicity,"Black, NH",8.2
2026-01-03T00:00:00.000,United States,Combined,Race/Ethnicity,"AI/AN, NH",7.8
2026-01-03T00:00:00.000,United States,Combined,Race/Ethnicity,"Asian/NHOPI, NH",8.6
2026-01-03T00:00:00.000,United States,Combined,Race/Ethnicity,"White, NH",7.3
2026-01-03T00:00:00.000,United States,Combined,Race/Ethnicity,"Multiple/Other, NH",8.5
2026-01-03T00:00:00.000,United States,Combined,Race/Ethnicity,Hispanic,9.1
2026-01-03T00:00:00.000,United States,Combined,Age Group,18-49 years,6.2
2026-01-03T00:00:00.000,United States,Combined,Age Group,5-17 years,11.4
2026-01-03T00:00:00.000,United States,Combined,Age Group,65+ years,7.1
2026-01-03T00:00:00.000,United States,Combined,Age Group,<1 year,19.4
2026-01-03T00:00:00.000,United States,Combined,Age Group,1-4 years,21.1
2026-01-03T00:00:00.000,United States,Combined,Age Group,50-64 years,5.0
2026-01-03T00:00:00.000,United States,Combined,Sex,Female,8.0
2026-01-03T00:00:00.000,United States,Combined,Sex,Other,0.0
2026-01-03T00:00:00.000,United States,Combined,Sex,Invalid,0.0
2026-01-03T00:00:00.000,United States,COVID-19,Race/Ethnicity,"Black, NH",0.8
2026-01-03T00:00:00.000,United States,COVID-19,Race/Ethnicity,"AI/AN, NH",0.8
2026-01-03T00:00:00.000,United States,COVID-19,Race/Ethnicity,"Asian/NHOPI, NH",0.5
2026-01-03T00:00:00.000,United States,COVID-19,Race/Ethnicity,"White, NH",1.2
2026-01-03T00:00:00.000,United States,COVID-19,Race/Ethnicity,"Multiple/Other, NH",0.8
2026-01-03T00:00:00.000,United States,COVID-19,Race/Ethnicity,Hispanic,0.7
2026-01-03T00:00:00.000,United States,COVID-19,Age Group,18-49 years,0.7
2026-01-03T00:00:00.000,United States,COVID-19,Age Group,5-17 years,0.5
2026-01-03T00:00:00.000,United States,COVID-19,Age Group,65+ years,1.4
2026-01-03T00:00:00.000,United States,COVID-19,Age Group,<1 year,2.9
2026-01-03T00:00:00.000,United States,COVID-19,Age Group,1-4 years,1.0
2025-12-27T00:00:00.000,United States,COVID-19,Race/Ethnicity,"Asian/NHOPI, NH",0.6
2025-12-27T00:00:00.000,United States,RSV,Race/Ethnicity,"Black, NH",0.5
2025-12-27T00:00:00.000,United States,COVID-19,Sex,Male,0.8
2025-12-27T00:00:00.000,United States,COVID-19,Sex,Invalid,0.0
2025-12-27T00:00:00.000,United States,COVID-19,Sex,Other,0.0
2025-12-27T00:00:00.000,United States,COVID-19,Sex,Female,0.9
2025-12-27T00:00:00.000,United States,COVID-19,Age Group,50-64 years,0.8
2025-12-27T00:00:00.000,United States,COVID-19,Age Group,1-4 years,0.9
2025-12-27T00:00:00.000,United States,COVID-19,Age Group,<1 year,2.6
2025-12-27T00:00:00.000,United States,COVID-19,Age Group,65+ years,1.2
2025-12-27T00:00:00.000,United States,COVID-19,Age Group,5-17 years,0.6
2025-12-27T00:00:00.000,United States,COVID-19,Age Group,18-49 years,0.7
2025-12-27T00:00:00.000,United States,COVID-19,Race/Ethnicity,Hispanic,0.6
2025-12-27T00:00:00.000,United States,COVID-19,Race/Ethnicity,"Multiple/Other, NH",0.7
2025-12-27T00:00:00.000,United States,COVID-19,Race/Ethnicity,"White, NH",1.1
2025-12-27T00:00:00.000,United States,RSV,Race/Ethnicity,"AI/AN, NH",0.4
2025-12-27T00:00:00.000,United States,COVID-19,Race/Ethnicity,"AI/AN, NH",0.8
2025-12-27T00:00:00.000,United States,COVID-19,Race/Ethnicity,"Black, NH",0.8
2025-12-27T00:00:00.000,United States,Combined,Sex,Male,9.8
2025-12-27T00:00:00.000,United States,Combined,Sex,Invalid,0.0
2025-12-27T00:00:00.000,United States,Combined,Sex,Other,0.0
2025-12-27T00:00:00.000,United States,Combined,Sex,Female,10.0
2025-12-27T00:00:00.000,United States,Combined,Age Group,50-64 years,5.4
2025-12-27T00:00:00.000,United States,Combined,Age Group,1-4 years,24.3
2025-12-27T00:00:00.000,United States,Combined,Age Group,<1 year,21.0
2025-12-27T00:00:00.000,United States,Combined,Age Group,65+ years,6.7
2025-12-27T00:00:00.000,United States,Combined,Age Group,5-17 years,22.4
2025-12-27T00:00:00.000,United States,Combined,Age Group,18-49 years,7.4
2025-12-27T00:00:00.000,United States,Combined,Race/Ethnicity,Hispanic,12.3
2025-12-27T00:00:00.000,United States,Combined,Race/Ethnicity,"Multiple/Other, NH",11.2
2025-12-27T00:00:00.000,United States,Combined,Race/Ethnicity,"White, NH",8.3
2025-12-27T00:00:00.000,United States,Combined,Race/Ethnicity,"Asian/NHOPI, NH",10.9
2025-12-27T00:00:00.000,United States,Combined,Race/Ethnicity,"AI/AN, NH",9.8
2025-12-27T00:00:00.000,United States,Combined,Race/Ethnicity,"Black, NH",11.4
2025-12-27T00:00:00.000,United States,Influenza,Sex,Male,8.5
2025-12-27T00:00:00.000,United States,Influenza,Sex,Invalid,0.0
2025-12-27T00:00:00.000,United States,Influenza,Sex,Other,0.0
2025-12-27T00:00:00.000,United States,Influenza,Sex,Female,8.7
2025-12-27T00:00:00.000,United States,Influenza,Age Group,50-64 years,4.5
2025-12-27T00:00:00.000,United States,Influenza,Age Group,1-4 years,20.1
2025-12-27T00:00:00.000,United States,Influenza,Age Group,<1 year,14.4
2025-12-27T00:00:00.000,United States,Influenza,Age Group,65+ years,5.4
2025-12-27T00:00:00.000,United States,Influenza,Age Group,5-17 years,21.6
2025-12-27T00:00:00.000,United States,Influenza,Age Group,18-49 years,6.7
2025-12-27T00:00:00.000,United States,Influenza,Race/Ethnicity,Hispanic,11.1
2025-12-27T00:00:00.000,United States,Influenza,Race/Ethnicity,"Multiple/Other, NH",9.9
2025-12-27T00:00:00.000,United States,Influenza,Race/Ethnicity,"White, NH",6.9
2025-12-27T00:00:00.000,United States,Influenza,Race/Ethnicity,"Asian/NHOPI, NH",9.9
2025-12-27T00:00:00.000,United States,Influenza,Race/Ethnicity,"AI/AN, NH",8.6
2025-12-27T00:00:00.000,United States,Influenza,Race/Ethnicity,"Black, NH",10.2
2025-12-27T00:00:00.000,United States,RSV,Sex,Male,0.6
2025-12-27T00:00:00.000,United States,RSV,Sex,Invalid,0.0
2025-12-27T00:00:00.000,United States,RSV,Sex,Other,0.0
2025-12-27T00:00:00.000,United States,RSV,Sex,Female,0.5
2025-12-27T00:00:00.000,United States,RSV,Age Group,50-64 years,0.2
2025-12-27T00:00:00.000,United States,RSV,Age Group,1-4 years,3.6
2025-12-27T00:00:00.000,United States,RSV,Age Group,<1 year,4.3
2025-12-27T00:00:00.000,United States,RSV,Age Group,65+ years,0.2
2025-12-27T00:00:00.000,United States,RSV,Age Group,5-17 years,0.4
2025-12-27T00:00:00.000,United States,RSV,Age Group,18-49 years,0.1
2025-12-27T00:00:00.000,United States,RSV,Race/Ethnicity,Hispanic,0.7
2025-12-27T00:00:00.000,United States,RSV,Race/Ethnicity,"Multiple/Other, NH",0.7
2025-12-27T00:00:00.000,United States,RSV,Race/Ethnicity,"White, NH",0.4
2025-12-27T00:00:00.000,United States,RSV,Race/Ethnicity,"Asian/NHOPI, NH",0.5
2025-12-20T00:00:00.000,United States,RSV,Race/Ethnicity,"AI/AN, NH",0.3
2025-12-20T00:00:00.000,United States,RSV,Race/Ethnicity,"Black, NH",0.4
2025-12-20T00:00:00.000,United States,COVID-19,Sex,Male,0.6
2025-12-20T00:00:00.000,United States,COVID-19,Sex,Invalid,0.0
2025-12-20T00:00:00.000,United States,COVID-19,Sex,Other,0.0
2025-12-20T00:00:00.000,United States,COVID-19,Sex,Female,0.7
2025-12-20T00:00:00.000,United States,COVID-19,Age Group,50-64 years,0.5
2025-12-20T00:00:00.000,United States,COVID-19,Age Group,1-4 years,0.7
2025-12-20T00:00:00.000,United States,COVID-19,Age Group,<1 year,2.1
2025-12-20T00:00:00.000,United States,COVID-19,Age Group,65+ years,0.8
2025-12-20T00:00:00.000,United States,COVID-19,Age Group,5-17 years,0.5
2025-12-20T00:00:00.000,United States,COVID-19,Age Group,18-49 years,0.5
2025-12-20T00:00:00.000,United States,COVID-19,Race/Ethnicity,Hispanic,0.5
2025-12-20T00:00:00.000,United States,COVID-19,Race/Ethnicity,"Multiple/Other, NH",0.5
2025-12-20T00:00:00.000,United States,COVID-19,Race/Ethnicity,"White, NH",0.7
2025-12-20T00:00:00.000,United States,COVID-19,Race/Ethnicity,"Asian/NHOPI, NH",0.5
2025-12-20T00:00:00.000,United States,COVID-19,Race/Ethnicity,"AI/AN, NH",0.6
2025-12-20T00:00:00.000,United States,COVID-19,Race/Ethnicity,"Black, NH",0.6
2025-12-20T00:00:00.000,United States,Combined,Sex,Male,6.6
2025-12-20T00:00:00.000,United States,Combined,Sex,Invalid,0.0
2025-12-20T00:00:00.000,United States,Combined,Sex,Other,0.0
2025-12-20T00:00:00.000,United States,Combined,Sex,Female,6.5
2025-12-20T00:00:00.000,United States,Combined,Age Group,50-64 years,3.0
2025-12-20T00:00:00.000,United States,Combined,Age Group,1-4 years,17.6
2025-12-20T00:00:00.000,United States,Combined,Age Group,<1 year,14.2
2025-12-20T00:00:00.000,United States,Combined,Age Group,65+ years,3.6
2025-12-20T00:00:00.000,United States,Combined,Age Group,5-17 years,18.1
2025-12-20T00:00:00.000,United States,Combined,Age Group,18-49 years,4.5
2025-12-20T00:00:00.000,United States,Combined,Race/Ethnicity,Hispanic,9.1
2025-12-20T00:00:00.000,United States,Combined,Race/Ethnicity,"Multiple/Other, NH",7.7
2025-12-20T00:00:00.000,United States,Combined,Race/Ethnicity,"White, NH",4.9
2025-12-20T00:00:00.000,United States,Combined,Race/Ethnicity,"Asian/NHOPI, NH",7.7
2025-12-20T00:00:00.000,United States,Combined,Race/Ethnicity,"AI/AN, NH",5.9
2025-12-20T00:00:00.000,United States,Combined,Race/Ethnicity,"Black, NH",8.0
2025-12-20T00:00:00.000,United States,Influenza,Sex,Male,5.6
2025-12-20T00:00:00.000,United States,Influenza,Sex,Invalid,0.0
2025-12-20T00:00:00.000,United States,Influenza,Sex,Other,0.0
2025-12-20T00:00:00.000,United States,Influenza,Sex,Female,5.5
2025-12-20T00:00:00.000,United States,Influenza,Age Group,50-64 years,2.4
2025-12-20T00:00:00.000,United States,Influenza,Age Group,1-4 years,13.7
2025-12-20T00:00:00.000,United States,Influenza,Age Group,<1 year,8.7
2025-12-20T00:00:00.000,United States,Influenza,Age Group,65+ years,2.6
2025-12-20T00:00:00.000,United States,Influenza,Age Group,5-17 years,17.4
2025-12-20T00:00:00.000,United States,Influenza,Age Group,18-49 years,4.0
2025-12-20T00:00:00.000,United States,Influenza,Race/Ethnicity,Hispanic,8.1
2025-12-20T00:00:00.000,United States,Influenza,Race/Ethnicity,"Multiple/Other, NH",6.7
2025-12-20T00:00:00.000,United States,Influenza,Race/Ethnicity,"White, NH",3.9
2025-12-20T00:00:00.000,United States,Influenza,Race/Ethnicity,"Asian/NHOPI, NH",6.9
2025-12-20T00:00:00.000,United States,Influenza,Race/Ethnicity,"AI/AN, NH",5.0
2025-12-20T00:00:00.000,United States,Influenza,Race/Ethnicity,"Black, NH",7.0
2025-12-20T00:00:00.000,United States,RSV,Sex,Male,0.5
2025-12-20T00:00:00.000,United States,RSV,Sex,Invalid,0.0
2025-12-20T00:00:00.000,United States,RSV,Sex,Other,0.0
2025-12-20T00:00:00.000,United States,RSV,Sex,Female,0.4
2025-12-20T00:00:00.000,United States,RSV,Age Group,50-64 years,0.1
2025-12-20T00:00:00.000,United States,RSV,Age Group,1-4 years,3.4
2025-12-20T00:00:00.000,United States,RSV,Age Group,<1 year,3.6
2025-12-20T00:00:00.000,United States,RSV,Age Group,65+ years,0.1
2025-12-20T00:00:00.000,United States,RSV,Age Group,5-17 years,0.3
2025-12-20T00:00:00.000,United States,RSV,Age Group,18-49 years,0.1
2025-12-20T00:00:00.000,United States,RSV,Race/Ethnicity,Hispanic,0.6
2025-12-20T00:00:00.000,United States,RSV,Race/Ethnicity,"Multiple/Other, NH",0.5
2025-12-20T00:00:00.000,United States,RSV,Race/Ethnicity,"White, NH",0.3
2025-12-20T00:00:00.000,United States,RSV,Race/Ethnicity,"Asian/NHOPI, NH",0.4
2025-12-13T00:00:00.000,United States,RSV,Age Group,65+ years,0.1
2025-12-13T00:00:00.000,United States,COVID-19,Sex,Invalid,0.0
2025-12-13T00:00:00.000,United States,COVID-19,Sex,Male,0.5
2025-12-13T00:00:00.000,United States,COVID-19,Sex,Other,0.0
2025-12-13T00:00:00.000,United States,COVID-19,Sex,Female,0.5
2025-12-13T00:00:00.000,United States,COVID-19,Age Group,50-64 years,0.4
2025-12-13T00:00:00.000,United States,COVID-19,Age Group,1-4 years,0.6
2025-12-13T00:00:00.000,United States,COVID-19,Age Group,<1 year,1.7
2025-12-13T00:00:00.000,United States,COVID-19,Age Group,65+ years,0.6
2025-12-13T00:00:00.000,United States,COVID-19,Age Group,5-17 years,0.3
2025-12-13T00:00:00.000,United States,COVID-19,Age Group,18-49 years,0.4
2025-12-13T00:00:00.000,United States,COVID-19,Race/Ethnicity,Hispanic,0.4
2025-12-13T00:00:00.000,United States,COVID-19,Race/Ethnicity,"Multiple/Other, NH",0.4
2025-12-13T00:00:00.000,United States,COVID-19,Race/Ethnicity,"White, NH",0.6
2025-12-13T00:00:00.000,United States,COVID-19,Race/Ethnicity,"Asian/NHOPI, NH",0.4
2025-12-13T00:00:00.000,United States,COVID-19,Race/Ethnicity,"AI/AN, NH",0.5
2025-12-13T00:00:00.000,United States,COVID-19,Race/Ethnicity,"Black, NH",0.5
2025-12-13T00:00:00.000,United States,Combined,Sex,Male,3.8
2025-12-13T00:00:00.000,United States,Combined,Sex,Invalid,0.0
2025-12-13T00:00:00.000,United States,Combined,Sex,Other,0.0
2025-12-13T00:00:00.000,United States,Combined,Sex,Female,3.6
2025-12-13T00:00:00.000,United States,Combined,Age Group,50-64 years,1.7
2025-12-13T00:00:00.000,United States,Combined,Age Group,1-4 years,11.5
2025-12-13T00:00:00.000,United States,Combined,Age Group,<1 year,8.9
2025-12-13T00:00:00.000,United States,Combined,Age Group,65+ years,2.1
2025-12-13T00:00:00.000,United States,Combined,Age Group,5-17 years,10.0
2025-12-13T00:00:00.000,United States,Combined,Age Group,18-49 years,2.6
2025-12-13T00:00:00.000,United States,Combined,Race/Ethnicity,Hispanic,5.5
2025-12-13T00:00:00.000,United States,Combined,Race/Ethnicity,"Multiple/Other, NH",4.1
2025-12-13T00:00:00.000,United States,Combined,Race/Ethnicity,"White, NH",2.7
2025-12-13T00:00:00.000,United States,Combined,Race/Ethnicity,"Asian/NHOPI, NH",5.1
2025-12-13T00:00:00.000,United States,Combined,Race/Ethnicity,"AI/AN, NH",3.1
2025-12-13T00:00:00.000,United States,Combined,Race/Ethnicity,"Black, NH",4.5
2025-12-13T00:00:00.000,United States,Influenza,Sex,Male,3.0
2025-12-13T00:00:00.000,United States,Influenza,Sex,Invalid,0.0
2025-12-13T00:00:00.000,United States,Influenza,Sex,Other,0.0
2025-12-13T00:00:00.000,United States,Influenza,Sex,Female,2.8
2025-12-13T00:00:00.000,United States,Influenza,Age Group,50-64 years,1.2
2025-12-13T00:00:00.000,United States,Influenza,Age Group,1-4 years,8.1
2025-12-13T00:00:00.000,United States,Influenza,Age Group,<1 year,4.5
2025-12-13T00:00:00.000,United States,Influenza,Age Group,65+ years,1.3
2025-12-13T00:00:00.000,United States,Influenza,Age Group,5-17 years,9.5
2025-12-13T00:00:00.000,United States,Influenza,Age Group,18-49 years,2.1
2025-12-13T00:00:00.000,United States,Influenza,Race/Ethnicity,Hispanic,4.6
2025-12-13T00:00:00.000,United States,Influenza,Race/Ethnicity,"Multiple/Other, NH",3.3
2025-12-13T00:00:00.000,United States,Influenza,Race/Ethnicity,"White, NH",1.9
2025-12-13T00:00:00.000,United States,Influenza,Race/Ethnicity,"Asian/NHOPI, NH",4.4
2025-12-13T00:00:00.000,United States,Influenza,Race/Ethnicity,"AI/AN, NH",2.4
2025-12-13T00:00:00.000,United States,Influenza,Race/Ethnicity,"Black, NH",3.7
2025-12-13T00:00:00.000,United States,RSV,Sex,Male,0.4
2025-12-13T00:00:00.000,United States,RSV,Sex,Invalid,0.0
2025-12-13T00:00:00.000,United States,RSV,Sex,Other,0.0
2025-12-13T00:00:00.000,United States,RSV,Sex,Female,0.3
2025-12-13T00:00:00.000,United States,RSV,Age Group,50-64 years,0.1
2025-12-13T00:00:00.000,United States,RSV,Age Group,1-4 years,3.0
2025-12-13T00:00:00.000,United States,RSV,Age Group,<1 year,2.9
2025-12-13T00:00:00.000,United States,RSV,Age Group,5-17 years,0.2
2025-12-13T00:00:00.000,United States,RSV,Age Group,18-49 years,0.1
2025-12-13T00:00:00.000,United States,RSV,Race/Ethnicity,Hispanic,0.4
2025-12-13T00:00:00.000,United States,RSV,Race/Ethnicity,"Multiple/Other, NH",0.4
2025-12-13T00:00:00.000,United States,RSV,Race/Ethnicity,"White, NH",0.2
2025-12-13T00:00:00.000,United States,RSV,Race/Ethnicity,"Asian/NHOPI, NH",0.3
2025-12-13T00:00:00.000,United States,RSV,Race/Ethnicity,"AI/AN, NH",0.2
2025-12-13T00:00:00.000,United States,RSV,Race/Ethnicity,"Black, NH",0.4
2025-12-06T00:00:00.000,United States,RSV,Race/Ethnicity,"Black, NH",0.3
2025-12-06T00:00:00.000,United States,COVID-19,Sex,Invalid,0.0
2025-12-06T00:00:00.000,United States,COVID-19,Sex,Other,0.0
2025-12-06T00:00:00.000,United States,COVID-19,Sex,Female,0.5
2025-12-06T00:00:00.000,United States,COVID-19,Age Group,50-64 years,0.4
2025-12-06T00:00:00.000,United States,COVID-19,Age Group,1-4 years,0.5
2025-12-06T00:00:00.000,United States,COVID-19,Age Group,<1 year,1.5
2025-12-06T00:00:00.000,United States,COVID-19,Age Group,65+ years,0.6
2025-12-06T00:00:00.000,United States,COVID-19,Age Group,5-17 years,0.2
2025-12-06T00:00:00.000,United States,COVID-19,Age Group,18-49 years,0.4
2025-12-06T00:00:00.000,United States,COVID-19,Race/Ethnicity,Hispanic,0.4
2025-12-06T00:00:00.000,United States,COVID-19,Race/Ethnicity,"Multiple/Other, NH",0.4
2025-12-06T00:00:00.000,United States,COVID-19,Race/Ethnicity,"White, NH",0.5
2025-12-06T00:00:00.000,United States,COVID-19,Race/Ethnicity,"Asian/NHOPI, NH",0.4
2025-12-06T00:00:00.000,United States,COVID-19,Race/Ethnicity,"AI/AN, NH",0.5
2025-12-06T00:00:00.000,United States,COVID-19,Race/Ethnicity,"Black, NH",0.4
2025-12-06T00:00:00.000,United States,Combined,Sex,Male,2.4
2025-12-06T00:00:00.000,United States,Combined,Sex,Invalid,0.0
2025-12-06T00:00:00.000,United States,Combined,Sex,Other,0.0
2025-12-06T00:00:00.000,United States,Combined,Sex,Female,2.4
2025-12-06T00:00:00.000,United States,Combined,Age Group,50-64 years,1.2
2025-12-06T00:00:00.000,United States,Combined,Age Group,1-4 years,7.8
2025-12-06T00:00:00.000,United States,Combined,Age Group,<1 year,7.1
2025-12-06T00:00:00.000,United States,Combined,Age Group,65+ years,1.6
2025-12-06T00:00:00.000,United States,Combined,Age Group,5-17 years,4.8
2025-12-06T00:00:00.000,United States,Combined,Age Group,18-49 years,1.8
2025-12-06T00:00:00.000,United States,Combined,Race/Ethnicity,Hispanic,3.4
2025-12-06T00:00:00.000,United States,Combined,Race/Ethnicity,"Multiple/Other, NH",2.6
2025-12-06T00:00:00.000,United States,Combined,Race/Ethnicity,"White, NH",1.8
2025-12-06T00:00:00.000,United States,Combined,Race/Ethnicity,"Asian/NHOPI, NH",3.7
2025-12-06T00:00:00.000,United States,Combined,Race/Ethnicity,"AI/AN, NH",2.0
2025-12-06T00:00:00.000,United States,Combined,Race/Ethnicity,"Black, NH",2.8
2025-12-06T00:00:00.000,United States,Influenza,Sex,Male,1.7
2025-12-06T00:00:00.000,United States,Influenza,Sex,Invalid,0.0
2025-12-06T00:00:00.000,United States,Influenza,Sex,Other,0.0
2025-12-06T00:00:00.000,United States,Influenza,Sex,Female,1.7
2025-12-06T00:00:00.000,United States,Influenza,Age Group,50-64 years,0.8
2025-12-06T00:00:00.000,United States,Influenza,Age Group,1-4 years,5.0
2025-12-06T00:00:00.000,United States,Influenza,Age Group,<1 year,2.8
2025-12-06T00:00:00.000,United States,Influenza,Age Group,65+ years,0.9
2025-12-06T00:00:00.000,United States,Influenza,Age Group,5-17 years,4.4
2025-12-06T00:00:00.000,United States,Influenza,Age Group,18-49 years,1.4
2025-12-06T00:00:00.000,United States,Influenza,Race/Ethnicity,Hispanic,2.6
2025-12-06T00:00:00.000,United States,Influenza,Race/Ethnicity,"Multiple/Other, NH",1.9
2025-12-06T00:00:00.000,United States,Influenza,Race/Ethnicity,"White, NH",1.1
2025-12-06T00:00:00.000,United States,Influenza,Race/Ethnicity,"Asian/NHOPI, NH",3.1
2025-12-06T00:00:00.000,United States,Influenza,Race/Ethnicity,"AI/AN, NH",1.4
2025-12-06T00:00:00.000,United States,Influenza,Race/Ethnicity,"Black, NH",2.2
2025-12-06T00:00:00.000,United States,RSV,Sex,Male,0.3
2025-12-06T00:00:00.000,United States,RSV,Sex,Invalid,0.0
2025-12-06T00:00:00.000,United States,RSV,Sex,Other,0.0
2025-12-06T00:00:00.000,United States,RSV,Sex,Female,0.3
2025-12-06T00:00:00.000,United States,RSV,Age Group,50-64 years,0.1
2025-12-06T00:00:00.000,United States,RSV,Age Group,1-4 years,2.5
2025-12-06T00:00:00.000,United States,RSV,Age Group,<1 year,3.0
2025-12-06T00:00:00.000,United States,RSV,Age Group,65+ years,0.1
2025-12-06T00:00:00.000,United States,COVID-19,Sex,Male,0.4
2025-12-06T00:00:00.000,United States,RSV,Age Group,5-17 years,0.2
2025-12-06T00:00:00.000,United States,RSV,Age Group,18-49 years,0.1
2025-12-06T00:00:00.000,United States,RSV,Race/Ethnicity,Hispanic,0.4
2025-12-06T00:00:00.000,United States,RSV,Race/Ethnicity,"Multiple/Other, NH",0.3
2025-12-06T00:00:00.000,United States,RSV,Race/Ethnicity,"White, NH",0.2
2025-12-06T00:00:00.000,United States,RSV,Race/Ethnicity,"Asian/NHOPI, NH",0.3
2025-12-06T00:00:00.000,United States,RSV,Race/Ethnicity,"AI/AN, NH",0.1
2025-11-29T00:00:00.000,United States,RSV,Race/Ethnicity,"AI/AN, NH",0.1
2025-11-29T00:00:00.000,United States,COVID-19,Sex,Male,0.4
2025-11-29T00:00:00.000,United States,COVID-19,Sex,Invalid,0.0
2025-11-29T00:00:00.000,United States,COVID-19,Sex,Other,0.0
2025-11-29T00:00:00.000,United States,COVID-19,Sex,Female,0.4
2025-11-29T00:00:00.000,United States,COVID-19,Age Group,50-64 years,0.3
2025-11-29T00:00:00.000,United States,COVID-19,Age Group,1-4 years,0.4
2025-11-29T00:00:00.000,United States,COVID-19,Age Group,<1 year,1.2
2025-11-29T00:00:00.000,United States,COVID-19,Age Group,65+ years,0.5
2025-11-29T00:00:00.000,United States,COVID-19,Age Group,5-17 years,0.2
2025-11-29T00:00:00.000,United States,COVID-19,Age Group,18-49 years,0.3
2025-11-29T00:00:00.000,United States,COVID-19,Race/Ethnicity,Hispanic,0.3
2025-11-29T00:00:00.000,United States,COVID-19,Race/Ethnicity,"Multiple/Other, NH",0.3
2025-11-29T00:00:00.000,United States,COVID-19,Race/Ethnicity,"White, NH",0.4
2025-11-29T00:00:00.000,United States,COVID-19,Race/Ethnicity,"Asian/NHOPI, NH",0.3
2025-11-29T00:00:00.000,United States,COVID-19,Race/Ethnicity,"AI/AN, NH",0.5
2025-11-29T00:00:00.000,United States,COVID-19,Race/Ethnicity,"Black, NH",0.3
2025-11-29T00:00:00.000,United States,Combined,Sex,Male,2.1
2025-11-29T00:00:00.000,United States,Combined,Sex,Invalid,0.0
2025-11-29T00:00:00.000,United States,Combined,Sex,Other,0.0
2025-11-29T00:00:00.000,United States,Combined,Sex,Female,2.1
2025-11-29T00:00:00.000,United States,Combined,Age Group,50-64 years,1.0
2025-11-29T00:00:00.000,United States,Combined,Age Group,1-4 years,6.8
2025-11-29T00:00:00.000,United States,Combined,Age Group,<1 year,6.4
2025-11-29T00:00:00.000,United States,Combined,Age Group,65+ years,1.2
2025-11-29T00:00:00.000,United States,Combined,Age Group,5-17 years,5.8
2025-11-29T00:00:00.000,United States,Combined,Age Group,18-49 years,1.4
2025-11-29T00:00:00.000,United States,Combined,Race/Ethnicity,Hispanic,3.3
2025-11-29T00:00:00.000,United States,Combined,Race/Ethnicity,"Multiple/Other, NH",2.2
2025-11-29T00:00:00.000,United States,Combined,Race/Ethnicity,"White, NH",1.5
2025-11-29T00:00:00.000,United States,Combined,Race/Ethnicity,"Asian/NHOPI, NH",3.0
2025-11-29T00:00:00.000,United States,Combined,Race/Ethnicity,"AI/AN, NH",1.7
2025-11-29T00:00:00.000,United States,Combined,Race/Ethnicity,"Black, NH",2.6
2025-11-29T00:00:00.000,United States,Influenza,Sex,Male,1.5
2025-11-29T00:00:00.000,United States,Influenza,Sex,Invalid,0.0
2025-11-29T00:00:00.000,United States,Influenza,Sex,Other,0.0
2025-11-29T00:00:00.000,United States,Influenza,Sex,Female,1.4
2025-11-29T00:00:00.000,United States,Influenza,Age Group,50-64 years,0.6
2025-11-29T00:00:00.000,United States,Influenza,Age Group,1-4 years,4.2
2025-11-29T00:00:00.000,United States,Influenza,Age Group,<1 year,2.5
2025-11-29T00:00:00.000,United States,Influenza,Age Group,65+ years,0.6
2025-11-29T00:00:00.000,United States,Influenza,Age Group,5-17 years,5.3
2025-11-29T00:00:00.000,United States,Influenza,Age Group,18-49 years,1.1
2025-11-29T00:00:00.000,United States,Influenza,Race/Ethnicity,Hispanic,2.6
2025-11-29T00:00:00.000,United States,Influenza,Race/Ethnicity,"Multiple/Other, NH",1.6
2025-11-29T00:00:00.000,United States,Influenza,Race/Ethnicity,"White, NH",0.9
2025-11-29T00:00:00.000,United States,Influenza,Race/Ethnicity,"Asian/NHOPI, NH",2.4
2025-11-29T00:00:00.000,United States,Influenza,Race/Ethnicity,"AI/AN, NH",1.1
2025-11-29T00:00:00.000,United States,Influenza,Race/Ethnicity,"Black, NH",1.9
2025-11-29T00:00:00.000,United States,RSV,Sex,Male,0.3
2025-11-29T00:00:00.000,United States,RSV,Sex,Invalid,0.0
2025-11-29T00:00:00.000,United States,RSV,Sex,Other,0.0
2025-11-29T00:00:00.000,United States,RSV,Sex,Female,0.2
2025-11-29T00:00:00.000,United States,RSV,Age Group,50-64 years,0.1
2025-11-29T00:00:00.000,United States,RSV,Age Group,1-4 years,2.2
2025-11-29T00:00:00.000,United States,RSV,Age Group,<1 year,2.7
2025-11-29T00:00:00.000,United States,RSV,Age Group,65+ years,0.1
2025-11-29T00:00:00.000,United States,RSV,Age Group,5-17 years,0.3
2025-11-29T00:00:00.000,United States,RSV,Age Group,18-49 years,0.0
2025-11-29T00:00:00.000,United States,RSV,Race/Ethnicity,Hispanic,0.4
2025-11-29T00:00:00.000,United States,RSV,Race/Ethnicity,"Multiple/Other, NH",0.3
2025-11-29T00:00:00.000,United States,RSV,Race/Ethnicity,"White, NH",0.2
2025-11-29T00:00:00.000,United States,RSV,Race/Ethnicity,"Asian/NHOPI, NH",0.3
2025-11-29T00:00:00.000,United States,RSV,Race/Ethnicity,"Black, NH",0.3
2025-11-22T00:00:00.000,United States,Combined,Race/Ethnicity,"Black, NH",1.9
2025-11-22T00:00:00.000,United States,COVID-19,Sex,Male,0.3
2025-11-22T00:00:00.000,United States,COVID-19,Sex,Invalid,0.0
2025-11-22T00:00:00.000,United States,COVID-19,Sex,Other,0.0
2025-11-22T00:00:00.000,United States,COVID-19,Sex,Female,0.4
2025-11-22T00:00:00.000,United States,COVID-19,Age Group,50-64 years,0.3
2025-11-22T00:00:00.000,United States,COVID-19,Age Group,1-4 years,0.4
2025-11-22T00:00:00.000,United States,COVID-19,Age Group,<1 year,1.1
2025-11-22T00:00:00.000,United States,COVID-19,Age Group,65+ years,0.5
2025-11-22T00:00:00.000,United States,COVID-19,Age Group,5-17 years,0.2
2025-11-22T00:00:00.000,United States,COVID-19,Age Group,18-49 years,0.3
2025-11-22T00:00:00.000,United States,COVID-19,Race/Ethnicity,Hispanic,0.3
2025-11-22T00:00:00.000,United States,COVID-19,Race/Ethnicity,"Multiple/Other, NH",0.3
2025-11-22T00:00:00.000,United States,COVID-19,Race/Ethnicity,"White, NH",0.4
2025-11-22T00:00:00.000,United States,COVID-19,Race/Ethnicity,"Asian/NHOPI, NH",0.3
2025-11-22T00:00:00.000,United States,COVID-19,Race/Ethnicity,"AI/AN, NH",0.4
2025-11-22T00:00:00.000,United States,COVID-19,Race/Ethnicity,"Black, NH",0.3
2025-11-22T00:00:00.000,United States,Combined,Sex,Male,1.6
2025-11-22T00:00:00.000,United States,Combined,Sex,Invalid,0.0
2025-11-22T00:00:00.000,United States,Combined,Sex,Other,0.0
2025-11-22T00:00:00.000,United States,Combined,Sex,Female,1.5
2025-11-22T00:00:00.000,United States,Combined,Age Group,50-64 years,0.7
2025-11-22T00:00:00.000,United States,Combined,Age Group,1-4 years,4.9
2025-11-22T00:00:00.000,United States,Combined,Age Group,<1 year,4.7
2025-11-22T00:00:00.000,United States,Combined,Age Group,65+ years,0.9
2025-11-22T00:00:00.000,United States,Combined,Age Group,5-17 years,3.9
2025-11-22T00:00:00.000,United States,Combined,Age Group,18-49 years,1.0
2025-11-22T00:00:00.000,United States,Combined,Race/Ethnicity,Hispanic,2.4
2025-11-22T00:00:00.000,United States,Combined,Race/Ethnicity,"Multiple/Other, NH",1.5
2025-11-22T00:00:00.000,United States,Combined,Race/Ethnicity,"White, NH",1.1
2025-11-22T00:00:00.000,United States,Combined,Race/Ethnicity,"Asian/NHOPI, NH",2.0
2025-11-22T00:00:00.000,United States,Combined,Race/Ethnicity,"AI/AN, NH",1.1
2025-11-22T00:00:00.000,United States,Influenza,Sex,Male,1.0
2025-11-22T00:00:00.000,United States,Influenza,Sex,Invalid,0.0
2025-11-22T00:00:00.000,United States,Influenza,Sex,Other,0.0
2025-11-22T00:00:00.000,United States,Influenza,Sex,Female,1.0
2025-11-22T00:00:00.000,United States,Influenza,Age Group,50-64 years,0.4
2025-11-22T00:00:00.000,United States,Influenza,Age Group,1-4 years,2.7
2025-11-22T00:00:00.000,United States,Influenza,Age Group,<1 year,1.5
2025-11-22T00:00:00.000,United States,Influenza,Age Group,65+ years,0.4
2025-11-22T00:00:00.000,United States,Influenza,Age Group,5-17 years,3.5
2025-11-22T00:00:00.000,United States,Influenza,Age Group,18-49 years,0.7
2025-11-22T00:00:00.000,United States,Influenza,Race/Ethnicity,Hispanic,1.8
2025-11-22T00:00:00.000,United States,Influenza,Race/Ethnicity,"Multiple/Other, NH",1.0
2025-11-22T00:00:00.000,United States,Influenza,Race/Ethnicity,"White, NH",0.6
2025-11-22T00:00:00.000,United States,Influenza,Race/Ethnicity,"Asian/NHOPI, NH",1.6
2025-11-22T00:00:00.000,United States,Influenza,Race/Ethnicity,"AI/AN, NH",0.6
2025-11-22T00:00:00.000,United States,Influenza,Race/Ethnicity,"Black, NH",1.3
2025-11-22T00:00:00.000,United States,RSV,Sex,Male,0.2
2025-11-22T00:00:00.000,United States,RSV,Sex,Invalid,0.0
2025-11-22T00:00:00.000,United States,RSV,Sex,Other,0.0
2025-11-22T00:00:00.000,United States,RSV,Sex,Female,0.2
2025-11-22T00:00:00.000,United States,RSV,Age Group,50-64 years,0.0
2025-11-22T00:00:00.000,United States,RSV,Age Group,1-4 years,1.9
2025-11-22T00:00:00.000,United States,RSV,Age Group,<1 year,2.1
2025-11-22T00:00:00.000,United States,RSV,Age Group,65+ years,0.1
2025-11-22T00:00:00.000,United States,RSV,Age Group,5-17 years,0.2
2025-11-22T00:00:00.000,United States,RSV,Age Group,18-49 years,0.0
2025-11-22T00:00:00.000,United States,RSV,Race/Ethnicity,Hispanic,0.3
2025-11-22T00:00:00.000,United States,RSV,Race/Ethnicity,"Multiple/Other, NH",0.2
2025-11-22T00:00:00.000,United States,RSV,Race/Ethnicity,"White, NH",0.1
2025-11-22T00:00:00.000,United States,RSV,Race/Ethnicity,"Asian/NHOPI, NH",0.2
2025-11-22T00:00:00.000,United States,RSV,Race/Ethnicity,"AI/AN, NH",0.1
2025-11-22T00:00:00.000,United States,RSV,Race/Ethnicity,"Black, NH",0.3
2025-11-15T00:00:00.000,United States,RSV,Race/Ethnicity,"AI/AN, NH",0.1
2025-11-15T00:00:00.000,United States,COVID-19,Sex,Male,0.3
2025-11-15T00:00:00.000,United States,COVID-19,Sex,Invalid,0.0
2025-11-15T00:00:00.000,United States,COVID-19,Sex,Other,0.0
2025-11-15T00:00:00.000,United States,COVID-19,Sex,Female,0.4
2025-11-15T00:00:00.000,United States,COVID-19,Age Group,50-64 years,0.3
2025-11-15T00:00:00.000,United States,COVID-19,Age Group,1-4 years,0.4
2025-11-15T00:00:00.000,United States,COVID-19,Age Group,<1 year,1.1
2025-11-15T00:00:00.000,United States,COVID-19,Age Group,65+ years,0.5
2025-11-15T00:00:00.000,United States,COVID-19,Age Group,5-17 years,0.2
2025-11-15T00:00:00.000,United States,COVID-19,Age Group,18-49 years,0.3
2025-11-15T00:00:00.000,United States,COVID-19,Race/Ethnicity,Hispanic,0.3
2025-11-15T00:00:00.000,United States,COVID-19,Race/Ethnicity,"Multiple/Other, NH",0.3
2025-11-15T00:00:00.000,United States,COVID-19,Race/Ethnicity,"White, NH",0.4
2025-11-15T00:00:00.000,United States,COVID-19,Race/Ethnicity,"Asian/NHOPI, NH",0.2
2025-11-15T00:00:00.000,United States,COVID-19,Race/Ethnicity,"AI/AN, NH",0.4
2025-11-15T00:00:00.000,United States,COVID-19,Race/Ethnicity,"Black, NH",0.3
2025-11-15T00:00:00.000,United States,Combined,Sex,Male,1.1
2025-11-15T00:00:00.000,United States,Combined,Sex,Invalid,0.0
2025-11-15T00:00:00.000,United States,Combined,Sex,Other,0.0
2025-11-15T00:00:00.000,United States,Combined,Sex,Female,1.1
2025-11-15T00:00:00.000,United States,Combined,Age Group,50-64 years,0.6
2025-11-15T00:00:00.000,United States,Combined,Age Group,1-4 years,3.3
2025-11-15T00:00:00.000,United States,Combined,Age Group,<1 year,3.9
2025-11-15T00:00:00.000,United States,Combined,Age Group,65+ years,0.8
2025-11-15T00:00:00.000,United States,Combined,Age Group,5-17 years,2.4
2025-11-15T00:00:00.000,United States,Combined,Age Group,18-49 years,0.7
2025-11-15T00:00:00.000,United States,Combined,Race/Ethnicity,Hispanic,1.6
2025-11-15T00:00:00.000,United States,Combined,Race/Ethnicity,"Multiple/Other, NH",1.0
2025-11-15T00:00:00.000,United States,Combined,Race/Ethnicity,"White, NH",0.8
2025-11-15T00:00:00.000,United States,Combined,Race/Ethnicity,"Asian/NHOPI, NH",1.5
2025-11-15T00:00:00.000,United States,Combined,Race/Ethnicity,"AI/AN, NH",0.9
2025-11-15T00:00:00.000,United States,RSV,Race/Ethnicity,"Black, NH",0.2
2025-11-15T00:00:00.000,United States,Combined,Race/Ethnicity,"Black, NH",1.3
2025-11-15T00:00:00.000,United States,Influenza,Sex,Male,0.6
2025-11-15T00:00:00.000,United States,Influenza,Sex,Invalid,0.0
2025-11-15T00:00:00.000,United States,Influenza,Sex,Other,0.0
2025-11-15T00:00:00.000,United States,Influenza,Sex,Female,0.6
2025-11-15T00:00:00.000,United States,Influenza,Age Group,50-64 years,0.3
2025-11-15T00:00:00.000,United States,Influenza,Age Group,1-4 years,1.6
2025-11-15T00:00:00.000,United States,Influenza,Age Group,<1 year,1.1
2025-11-15T00:00:00.000,United States,Influenza,Age Group,65+ years,0.3
2025-11-15T00:00:00.000,United States,Influenza,Age Group,5-17 years,2.1
2025-11-15T00:00:00.000,United States,Influenza,Age Group,18-49 years,0.4
2025-11-15T00:00:00.000,United States,Influenza,Race/Ethnicity,Hispanic,1.1
2025-11-15T00:00:00.000,United States,Influenza,Race/Ethnicity,"Multiple/Other, NH",0.6
2025-11-15T00:00:00.000,United States,Influenza,Race/Ethnicity,"White, NH",0.4
2025-11-15T00:00:00.000,United States,Influenza,Race/Ethnicity,"Asian/NHOPI, NH",1.2
2025-11-15T00:00:00.000,United States,Influenza,Race/Ethnicity,"AI/AN, NH",0.4
2025-11-15T00:00:00.000,United States,Influenza,Race/Ethnicity,"Black, NH",0.8
2025-11-15T00:00:00.000,United States,RSV,Sex,Male,0.2
2025-11-15T00:00:00.000,United States,RSV,Sex,Invalid,0.0
2025-11-15T00:00:00.000,United States,RSV,Sex,Other,0.0
2025-11-15T00:00:00.000,United States,RSV,Sex,Female,0.1
2025-11-15T00:00:00.000,United States,RSV,Age Group,50-64 years,0.0
2025-11-15T00:00:00.000,United States,RSV,Age Group,1-4 years,1.4
2025-11-15T00:00:00.000,United States,RSV,Age Group,<1 year,1.7
2025-11-15T00:00:00.000,United States,RSV,Age Group,65+ years,0.0
2025-11-15T00:00:00.000,United States,RSV,Age Group,5-17 years,0.1
2025-11-15T00:00:00.000,United States,RSV,Age Group,18-49 years,0.0
2025-11-15T00:00:00.000,United States,RSV,Race/Ethnicity,Hispanic,0.3
2025-11-15T00:00:00.000,United States,RSV,Race/Ethnicity,"Multiple/Other, NH",0.2
2025-11-15T00:00:00.000,United States,RSV,Race/Ethnicity,"White, NH",0.1
2025-11-15T00:00:00.000,United States,RSV,Race/Ethnicity,"Asian/NHOPI, NH",0.1
2025-11-08T00:00:00.000,United States,RSV,Race/Ethnicity,"AI/AN, NH",0.1
2025-11-08T00:00:00.000,United States,COVID-19,Sex,Male,0.3
2025-11-08T00:00:00.000,United States,COVID-19,Sex,Invalid,0.0
2025-11-08T00:00:00.000,United States,COVID-19,Sex,Other,0.0
2025-11-08T00:00:00.000,United States,COVID-19,Sex,Female,0.3
2025-11-08T00:00:00.000,United States,COVID-19,Age Group,50-64 years,0.3
2025-11-08T00:00:00.000,United States,COVID-19,Age Group,1-4 years,0.4
2025-11-08T00:00:00.000,United States,COVID-19,Age Group,<1 year,1.0
2025-11-08T00:00:00.000,United States,COVID-19,Age Group,65+ years,0.5
2025-11-08T00:00:00.000,United States,COVID-19,Age Group,5-17 years,0.2
2025-11-08T00:00:00.000,United States,COVID-19,Age Group,18-49 years,0.3
2025-11-08T00:00:00.000,United States,COVID-19,Race/Ethnicity,Hispanic,0.3
2025-11-08T00:00:00.000,United States,COVID-19,Race/Ethnicity,"Multiple/Other, NH",0.3
2025-11-08T00:00:00.000,United States,COVID-19,Race/Ethnicity,"White, NH",0.3
2025-11-08T00:00:00.000,United States,COVID-19,Race/Ethnicity,"Asian/NHOPI, NH",0.3
2025-11-08T00:00:00.000,United States,COVID-19,Race/Ethnicity,"AI/AN, NH",0.3
2025-11-08T00:00:00.000,United States,COVID-19,Race/Ethnicity,"Black, NH",0.3
2025-11-08T00:00:00.000,United States,Combined,Sex,Male,0.9
2025-11-08T00:00:00.000,United States,Combined,Sex,Invalid,0.0
2025-11-08T00:00:00.000,United States,Combined,Sex,Other,0.0
2025-11-08T00:00:00.000,United States,Combined,Sex,Female,0.9
2025-11-08T00:00:00.000,United States,Combined,Age Group,50-64 years,0.5
2025-11-08T00:00:00.000,United States,Combined,Age Group,1-4 years,2.7
2025-11-08T00:00:00.000,United States,Combined,Age Group,<1 year,3.2
2025-11-08T00:00:00.000,United States,Combined,Age Group,65+ years,0.7
2025-11-08T00:00:00.000,United States,Combined,Age Group,5-17 years,1.7
2025-11-08T00:00:00.000,United States,Combined,Age Group,18-49 years,0.6
2025-11-08T00:00:00.000,United States,Combined,Race/Ethnicity,Hispanic,1.2
2025-11-08T00:00:00.000,United States,Combined,Race/Ethnicity,"Multiple/Other, NH",0.9
2025-11-08T00:00:00.000,United States,Combined,Race/Ethnicity,"White, NH",0.7
2025-11-08T00:00:00.000,United States,Combined,Race/Ethnicity,"Asian/NHOPI, NH",1.4
2025-11-08T00:00:00.000,United States,Combined,Race/Ethnicity,"AI/AN, NH",0.7
2025-11-08T00:00:00.000,United States,Combined,Race/Ethnicity,"Black, NH",1.0
2025-11-08T00:00:00.000,United States,Influenza,Sex,Male,0.4
2025-11-08T00:00:00.000,United States,Influenza,Sex,Invalid,0.0
2025-11-08T00:00:00.000,United States,Influenza,Sex,Other,0.0
2025-11-08T00:00:00.000,United States,Influenza,Sex,Female,0.4
2025-11-08T00:00:00.000,United States,Influenza,Age Group,50-64 years,0.2
2025-11-08T00:00:00.000,United States,Influenza,Age Group,1-4 years,1.1
2025-11-08T00:00:00.000,United States,Influenza,Age Group,<1 year,0.8
2025-11-08T00:00:00.000,United States,Influenza,Age Group,65+ years,0.2
2025-11-08T00:00:00.000,United States,Influenza,Age Group,5-17 years,1.4
2025-11-08T00:00:00.000,United States,Influenza,Age Group,18-49 years,0.3
2025-11-08T00:00:00.000,United States,Influenza,Race/Ethnicity,Hispanic,0.7
2025-11-08T00:00:00.000,United States,Influenza,Race/Ethnicity,"Multiple/Other, NH",0.5
2025-11-08T00:00:00.000,United States,Influenza,Race/Ethnicity,"White, NH",0.3
2025-11-08T00:00:00.000,United States,Influenza,Race/Ethnicity,"Asian/NHOPI, NH",1.0
2025-11-08T00:00:00.000,United States,Influenza,Race/Ethnicity,"AI/AN, NH",0.3
2025-11-08T00:00:00.000,United States,Influenza,Race/Ethnicity,"Black, NH",0.6
2025-11-08T00:00:00.000,United States,RSV,Sex,Male,0.2
2025-11-08T00:00:00.000,United States,RSV,Sex,Invalid,0.0
2025-11-08T00:00:00.000,United States,RSV,Sex,Other,0.0
2025-11-08T00:00:00.000,United States,RSV,Sex,Female,0.1
2025-11-08T00:00:00.000,United States,RSV,Age Group,50-64 years,0.0
2025-11-08T00:00:00.000,United States,RSV,Age Group,1-4 years,1.2
2025-11-08T00:00:00.000,United States,RSV,Age Group,<1 year,1.5
2025-11-08T00:00:00.000,United States,RSV,Age Group,65+ years,0.0
2025-11-08T00:00:00.000,United States,RSV,Age Group,5-17 years,0.1
2025-11-08T00:00:00.000,United States,RSV,Age Group,18-49 years,0.0
2025-11-08T00:00:00.000,United States,RSV,Race/Ethnicity,Hispanic,0.2
2025-11-08T00:00:00.000,United States,RSV,Race/Ethnicity,"Multiple/Other, NH",0.1
2025-11-08T00:00:00.000,United States,RSV,Race/Ethnicity,"White, NH",0.1
2025-11-08T00:00:00.000,United States,RSV,Race/Ethnicity,"Asian/NHOPI, NH",0.1
2025-11-08T00:00:00.000,United States,RSV,Race/Ethnicity,"Black, NH",0.2
2025-11-01T00:00:00.000,United States,RSV,Race/Ethnicity,"AI/AN, NH",0.1
2025-11-01T00:00:00.000,United States,RSV,Race/Ethnicity,"Asian/NHOPI, NH",0.1
2025-11-01T00:00:00.000,United States,RSV,Race/Ethnicity,"Black, NH",0.1
2025-11-01T00:00:00.000,United States,COVID-19,Sex,Male,0.3
2025-11-01T00:00:00.000,United States,COVID-19,Sex,Invalid,0.0
2025-11-01T00:00:00.000,United States,COVID-19,Sex,Other,0.0
2025-11-01T00:00:00.000,United States,COVID-19,Sex,Female,0.3
2025-11-01T00:00:00.000,United States,COVID-19,Age Group,50-64 years,0.3
2025-11-01T00:00:00.000,United States,COVID-19,Age Group,1-4 years,0.3
2025-11-01T00:00:00.000,United States,COVID-19,Age Group,<1 year,1.0
2025-11-01T00:00:00.000,United States,COVID-19,Age Group,65+ years,0.4
2025-11-01T00:00:00.000,United States,COVID-19,Age Group,5-17 years,0.2
2025-11-01T00:00:00.000,United States,COVID-19,Age Group,18-49 years,0.2
2025-11-01T00:00:00.000,United States,COVID-19,Race/Ethnicity,Hispanic,0.3
2025-11-01T00:00:00.000,United States,COVID-19,Race/Ethnicity,"Multiple/Other, NH",0.3
2025-11-01T00:00:00.000,United States,COVID-19,Race/Ethnicity,"White, NH",0.3
2025-11-01T00:00:00.000,United States,COVID-19,Race/Ethnicity,"Asian/NHOPI, NH",0.3
2025-11-01T00:00:00.000,United States,COVID-19,Race/Ethnicity,"AI/AN, NH",0.3
2025-11-01T00:00:00.000,United States,COVID-19,Race/Ethnicity,"Black, NH",0.3
2025-11-01T00:00:00.000,United States,Combined,Sex,Male,0.7
2025-11-01T00:00:00.000,United States,Combined,Sex,Invalid,0.0
2025-11-01T00:00:00.000,United States,Combined,Sex,Other,0.0
2025-11-01T00:00:00.000,United States,Combined,Sex,Female,0.7
2025-11-01T00:00:00.000,United States,Combined,Age Group,50-64 years,0.4
2025-11-01T00:00:00.000,United States,Combined,Age Group,1-4 years,2.2
2025-11-01T00:00:00.000,United States,Combined,Age Group,<1 year,2.6
2025-11-01T00:00:00.000,United States,Combined,Age Group,65+ years,0.6
2025-11-01T00:00:00.000,United States,Combined,Age Group,5-17 years,1.1
2025-11-01T00:00:00.000,United States,Combined,Age Group,18-49 years,0.5
2025-11-01T00:00:00.000,United States,Combined,Race/Ethnicity,Hispanic,0.9
2025-11-01T00:00:00.000,United States,Combined,Race/Ethnicity,"Multiple/Other, NH",0.7
2025-11-01T00:00:00.000,United States,Combined,Race/Ethnicity,"White, NH",0.6
2025-11-01T00:00:00.000,United States,Combined,Race/Ethnicity,"Asian/NHOPI, NH",1.1
2025-11-01T00:00:00.000,United States,Combined,Race/Ethnicity,"AI/AN, NH",0.6
2025-11-01T00:00:00.000,United States,Combined,Race/Ethnicity,"Black, NH",0.8
2025-11-01T00:00:00.000,United States,Influenza,Sex,Male,0.3
2025-11-01T00:00:00.000,United States,Influenza,Sex,Invalid,0.0
2025-11-01T00:00:00.000,United States,Influenza,Sex,Other,0.0
2025-11-01T00:00:00.000,United States,Influenza,Sex,Female,0.3
2025-11-01T00:00:00.000,United States,Influenza,Age Group,50-64 years,0.2
2025-11-01T00:00:00.000,United States,Influenza,Age Group,1-4 years,0.9
2025-11-01T00:00:00.000,United States,Influenza,Age Group,<1 year,0.4
2025-11-01T00:00:00.000,United States,Influenza,Age Group,65+ years,0.2
2025-11-01T00:00:00.000,United States,Influenza,Age Group,5-17 years,0.8
2025-11-01T00:00:00.000,United States,Influenza,Age Group,18-49 years,0.2
2025-11-01T00:00:00.000,United States,Influenza,Race/Ethnicity,Hispanic,0.5
2025-11-01T00:00:00.000,United States,Influenza,Race/Ethnicity,"Multiple/Other, NH",0.3
2025-11-01T00:00:00.000,United States,Influenza,Race/Ethnicity,"White, NH",0.2
2025-11-01T00:00:00.000,United States,Influenza,Race/Ethnicity,"Asian/NHOPI, NH",0.7
2025-11-01T00:00:00.000,United States,Influenza,Race/Ethnicity,"AI/AN, NH",0.2
2025-11-01T00:00:00.000,United States,Influenza,Race/Ethnicity,"Black, NH",0.4
2025-11-01T00:00:00.000,United States,RSV,Sex,Male,0.1
2025-11-01T00:00:00.000,United States,RSV,Sex,Invalid,0.0
2025-11-01T00:00:00.000,United States,RSV,Sex,Other,0.0
2025-11-01T00:00:00.000,United States,RSV,Sex,Female,0.1
2025-11-01T00:00:00.000,United States,RSV,Age Group,50-64 years,0.0
2025-11-01T00:00:00.000,United States,RSV,Age Group,1-4 years,1.1
2025-11-01T00:00:00.000,United States,RSV,Age Group,<1 year,1.2
2025-11-01T00:00:00.000,United States,RSV,Age Group,65+ years,0.0
2025-11-01T00:00:00.000,United States,RSV,Age Group,5-17 years,0.1
2025-11-01T00:00:00.000,United States,RSV,Age Group,18-49 years,0.0
2025-11-01T00:00:00.000,United States,RSV,Race/Ethnicity,Hispanic,0.2
2025-11-01T00:00:00.000,United States,RSV,Race/Ethnicity,"Multiple/Other, NH",0.1
2025-11-01T00:00:00.000,United States,RSV,Race/Ethnicity,"White, NH",0.1
2025-10-25T00:00:00.000,United States,COVID-19,Sex,Invalid,0.0
2025-10-25T00:00:00.000,United States,COVID-19,Sex,Male,0.3
2025-10-25T00:00:00.000,United States,RSV,Race/Ethnicity,"Black, NH",0.1
2025-10-25T00:00:00.000,United States,RSV,Race/Ethnicity,"AI/AN, NH",0.0
2025-10-25T00:00:00.000,United States,RSV,Race/Ethnicity,"Asian/NHOPI, NH",0.1
2025-10-25T00:00:00.000,United States,RSV,Race/Ethnicity,"White, NH",0.1
2025-10-25T00:00:00.000,United States,RSV,Race/Ethnicity,"Multiple/Other, NH",0.1
2025-10-25T00:00:00.000,United States,RSV,Race/Ethnicity,Hispanic,0.2
2025-10-25T00:00:00.000,United States,RSV,Age Group,18-49 years,0.0
2025-10-25T00:00:00.000,United States,RSV,Age Group,5-17 years,0.1
2025-10-25T00:00:00.000,United States,RSV,Age Group,65+ years,0.0
2025-10-25T00:00:00.000,United States,RSV,Age Group,<1 year,1.0
2025-10-25T00:00:00.000,United States,RSV,Age Group,1-4 years,0.8
2025-10-25T00:00:00.000,United States,RSV,Age Group,50-64 years,0.0
2025-10-25T00:00:00.000,United States,RSV,Sex,Female,0.1
2025-10-25T00:00:00.000,United States,RSV,Sex,Other,0.0
2025-10-25T00:00:00.000,United States,RSV,Sex,Invalid,0.0
2025-10-25T00:00:00.000,United States,RSV,Sex,Male,0.1
2025-10-25T00:00:00.000,United States,Influenza,Race/Ethnicity,"Black, NH",0.3
2025-10-25T00:00:00.000,United States,Influenza,Race/Ethnicity,"AI/AN, NH",0.2
2025-10-25T00:00:00.000,United States,Influenza,Race/Ethnicity,"Asian/NHOPI, NH",0.5
2025-10-25T00:00:00.000,United States,Influenza,Race/Ethnicity,"White, NH",0.2
2025-10-25T00:00:00.000,United States,Influenza,Race/Ethnicity,"Multiple/Other, NH",0.2
2025-10-25T00:00:00.000,United States,Influenza,Race/Ethnicity,Hispanic,0.3
2025-10-25T00:00:00.000,United States,Influenza,Age Group,18-49 years,0.2
2025-10-25T00:00:00.000,United States,Influenza,Age Group,5-17 years,0.6
2025-10-25T00:00:00.000,United States,Influenza,Age Group,65+ years,0.1
2025-10-25T00:00:00.000,United States,Influenza,Age Group,<1 year,0.3
2025-10-25T00:00:00.000,United States,Influenza,Age Group,1-4 years,0.7
2025-10-25T00:00:00.000,United States,Influenza,Age Group,50-64 years,0.1
2025-10-25T00:00:00.000,United States,Influenza,Sex,Female,0.2
2025-10-25T00:00:00.000,United States,Influenza,Sex,Other,0.0
2025-10-25T00:00:00.000,United States,Influenza,Sex,Invalid,0.0
2025-10-25T00:00:00.000,United States,Influenza,Sex,Male,0.2
2025-10-25T00:00:00.000,United States,Combined,Race/Ethnicity,"Black, NH",0.7
2025-10-25T00:00:00.000,United States,Combined,Race/Ethnicity,"AI/AN, NH",0.6
2025-10-25T00:00:00.000,United States,Combined,Race/Ethnicity,"Asian/NHOPI, NH",1.0
2025-10-25T00:00:00.000,United States,Combined,Race/Ethnicity,"White, NH",0.5
2025-10-25T00:00:00.000,United States,Combined,Race/Ethnicity,"Multiple/Other, NH",0.6
2025-10-25T00:00:00.000,United States,Combined,Race/Ethnicity,Hispanic,0.8
2025-10-25T00:00:00.000,United States,Combined,Age Group,18-49 years,0.4
2025-10-25T00:00:00.000,United States,Combined,Age Group,5-17 years,0.8
2025-10-25T00:00:00.000,United States,Combined,Age Group,65+ years,0.6
2025-10-25T00:00:00.000,United States,Combined,Age Group,<1 year,2.3
2025-10-25T00:00:00.000,United States,Combined,Age Group,1-4 years,1.9
2025-10-25T00:00:00.000,United States,Combined,Age Group,50-64 years,0.4
2025-10-25T00:00:00.000,United States,Combined,Sex,Female,0.6
2025-10-25T00:00:00.000,United States,Combined,Sex,Other,0.0
2025-10-25T00:00:00.000,United States,Combined,Sex,Invalid,0.0
2025-10-25T00:00:00.000,United States,Combined,Sex,Male,0.6
2025-10-25T00:00:00.000,United States,COVID-19,Race/Ethnicity,"Black, NH",0.3
2025-10-25T00:00:00.000,United States,COVID-19,Race/Ethnicity,"AI/AN, NH",0.4
2025-10-25T00:00:00.000,United States,COVID-19,Race/Ethnicity,"Asian/NHOPI, NH",0.4
2025-10-25T00:00:00.000,United States,COVID-19,Race/Ethnicity,"White, NH",0.3
2025-10-25T00:00:00.000,United States,COVID-19,Race/Ethnicity,"Multiple/Other, NH",0.3
2025-10-25T00:00:00.000,United States,COVID-19,Race/Ethnicity,Hispanic,0.3
2025-10-25T00:00:00.000,United States,COVID-19,Age Group,18-49 years,0.2
2025-10-25T00:00:00.000,United States,COVID-19,Age Group,5-17 years,0.2
2025-10-25T00:00:00.000,United States,COVID-19,Age Group,65+ years,0.5
2025-10-25T00:00:00.000,United States,COVID-19,Age Group,<1 year,1.0
2025-10-25T00:00:00.000,United States,COVID-19,Age Group,1-4 years,0.4
2025-10-25T00:00:00.000,United States,COVID-19,Age Group,50-64 years,0.3
2025-10-25T00:00:00.000,United States,COVID-19,Sex,Female,0.3
2025-10-25T00:00:00.000,United States,COVID-19,Sex,Other,0.0
2025-10-18T00:00:00.000,United States,COVID-19,Sex,Invalid,0.0
2025-10-18T00:00:00.000,United States,RSV,Race/Ethnicity,"Black, NH",0.1
2025-10-18T00:00:00.000,United States,RSV,Race/Ethnicity,"AI/AN, NH",0.1
2025-10-18T00:00:00.000,United States,RSV,Race/Ethnicity,"Asian/NHOPI, NH",0.1
2025-10-18T00:00:00.000,United States,RSV,Race/Ethnicity,"White, NH",0.0
2025-10-18T00:00:00.000,United States,RSV,Race/Ethnicity,"Multiple/Other, NH",0.1
2025-10-18T00:00:00.000,United States,RSV,Race/Ethnicity,Hispanic,0.1
2025-10-18T00:00:00.000,United States,RSV,Age Group,18-49 years,0.0
2025-10-18T00:00:00.000,United States,RSV,Age Group,5-17 years,0.1
2025-10-18T00:00:00.000,United States,RSV,Age Group,65+ years,0.0
2025-10-18T00:00:00.000,United States,RSV,Age Group,<1 year,1.0
2025-10-18T00:00:00.000,United States,RSV,Age Group,1-4 years,0.7
2025-10-18T00:00:00.000,United States,RSV,Age Group,50-64 years,0.0
2025-10-18T00:00:00.000,United States,RSV,Sex,Female,0.1
2025-10-18T00:00:00.000,United States,RSV,Sex,Other,0.0
2025-10-18T00:00:00.000,United States,RSV,Sex,Invalid,0.0
2025-10-18T00:00:00.000,United States,RSV,Sex,Male,0.1
2025-10-18T00:00:00.000,United States,Influenza,Race/Ethnicity,"Black, NH",0.3
2025-10-18T00:00:00.000,United States,Influenza,Race/Ethnicity,"AI/AN, NH",0.1
2025-10-18T00:00:00.000,United States,Influenza,Race/Ethnicity,"Asian/NHOPI, NH",0.4
2025-10-18T00:00:00.000,United States,Influenza,Race/Ethnicity,"White, NH",0.1
2025-10-18T00:00:00.000,United States,Influenza,Race/Ethnicity,"Multiple/Other, NH",0.2
2025-10-18T00:00:00.000,United States,Influenza,Race/Ethnicity,Hispanic,0.3
2025-10-18T00:00:00.000,United States,Influenza,Age Group,18-49 years,0.2
2025-10-18T00:00:00.000,United States,Influenza,Age Group,5-17 years,0.5
2025-10-18T00:00:00.000,United States,Influenza,Age Group,65+ years,0.1
2025-10-18T00:00:00.000,United States,Influenza,Age Group,<1 year,0.3
2025-10-18T00:00:00.000,United States,Influenza,Age Group,1-4 years,0.6
2025-10-18T00:00:00.000,United States,Influenza,Age Group,50-64 years,0.1
2025-10-18T00:00:00.000,United States,Influenza,Sex,Female,0.2
2025-10-18T00:00:00.000,United States,Influenza,Sex,Other,0.0
2025-10-18T00:00:00.000,United States,Influenza,Sex,Invalid,0.0
2025-10-18T00:00:00.000,United States,Influenza,Sex,Male,0.2
2025-10-18T00:00:00.000,United States,Combined,Race/Ethnicity,"Black, NH",0.7
2025-10-18T00:00:00.000,United States,Combined,Race/Ethnicity,"AI/AN, NH",0.6
2025-10-18T00:00:00.000,United States,Combined,Race/Ethnicity,"Asian/NHOPI, NH",0.9
2025-10-18T00:00:00.000,United States,Combined,Race/Ethnicity,"White, NH",0.6
2025-10-18T00:00:00.000,United States,Combined,Race/Ethnicity,"Multiple/Other, NH",0.6
2025-10-18T00:00:00.000,United States,Combined,Race/Ethnicity,Hispanic,0.8
2025-10-18T00:00:00.000,United States,Combined,Age Group,18-49 years,0.4
2025-10-18T00:00:00.000,United States,Combined,Age Group,5-17 years,0.7
2025-10-18T00:00:00.000,United States,Combined,Age Group,65+ years,0.7
2025-10-18T00:00:00.000,United States,Combined,Age Group,<1 year,2.4
2025-10-18T00:00:00.000,United States,Combined,Age Group,1-4 years,1.7
2025-10-18T00:00:00.000,United States,Combined,Age Group,50-64 years,0.4
2025-10-18T00:00:00.000,United States,Combined,Sex,Female,0.6
2025-10-18T00:00:00.000,United States,Combined,Sex,Other,0.0
2025-10-18T00:00:00.000,United States,Combined,Sex,Invalid,0.0
2025-10-18T00:00:00.000,United States,Combined,Sex,Male,0.6
2025-10-18T00:00:00.000,United States,COVID-19,Race/Ethnicity,"Black, NH",0.3
2025-10-18T00:00:00.000,United States,COVID-19,Race/Ethnicity,"AI/AN, NH",0.5
2025-10-18T00:00:00.000,United States,COVID-19,Race/Ethnicity,"Asian/NHOPI, NH",0.4
2025-10-18T00:00:00.000,United States,COVID-19,Race/Ethnicity,"White, NH",0.4
2025-10-18T00:00:00.000,United States,COVID-19,Race/Ethnicity,"Multiple/Other, NH",0.4
2025-10-18T00:00:00.000,United States,COVID-19,Race/Ethnicity,Hispanic,0.4
2025-10-18T00:00:00.000,United States,COVID-19,Age Group,18-49 years,0.3
2025-10-18T00:00:00.000,United States,COVID-19,Age Group,5-17 years,0.2
2025-10-18T00:00:00.000,United States,COVID-19,Age Group,65+ years,0.6
2025-10-18T00:00:00.000,United States,COVID-19,Age Group,<1 year,1.2
2025-10-18T00:00:00.000,United States,COVID-19,Age Group,1-4 years,0.4
2025-10-18T00:00:00.000,United States,COVID-19,Age Group,50-64 years,0.3
2025-10-18T00:00:00.000,United States,COVID-19,Sex,Female,0.4
2025-10-18T00:00:00.000,United States,COVID-19,Sex,Other,0.0
2025-10-18T00:00:00.000,United States,COVID-19,Sex,Male,0.3
2025-10-11T00:00:00.000,United States,COVID-19,Sex,Male,0.4
2025-10-11T00:00:00.000,United States,RSV,Race/Ethnicity,"Black, NH",0.1
2025-10-11T00:00:00.000,United States,COVID-19,Sex,Other,0.0
2025-10-11T00:00:00.000,United States,COVID-19,Sex,Female,0.5
2025-10-11T00:00:00.000,United States,COVID-19,Age Group,50-64 years,0.4
2025-10-11T00:00:00.000,United States,COVID-19,Age Group,1-4 years,0.5
2025-10-11T00:00:00.000,United States,COVID-19,Age Group,<1 year,1.4
2025-10-11T00:00:00.000,United States,COVID-19,Age Group,65+ years,0.7
2025-10-11T00:00:00.000,United States,COVID-19,Age Group,5-17 years,0.2
2025-10-11T00:00:00.000,United States,COVID-19,Age Group,18-49 years,0.3
2025-10-11T00:00:00.000,United States,COVID-19,Race/Ethnicity,Hispanic,0.5
2025-10-11T00:00:00.000,United States,COVID-19,Race/Ethnicity,"Multiple/Other, NH",0.4
2025-10-11T00:00:00.000,United States,COVID-19,Race/Ethnicity,"White, NH",0.5
2025-10-11T00:00:00.000,United States,COVID-19,Race/Ethnicity,"Asian/NHOPI, NH",0.6
2025-10-11T00:00:00.000,United States,COVID-19,Race/Ethnicity,"AI/AN, NH",0.4
2025-10-11T00:00:00.000,United States,COVID-19,Race/Ethnicity,"Black, NH",0.4
2025-10-11T00:00:00.000,United States,Combined,Sex,Male,0.7
2025-10-11T00:00:00.000,United States,Combined,Sex,Invalid,0.0
2025-10-11T00:00:00.000,United States,Combined,Sex,Other,0.0
2025-10-11T00:00:00.000,United States,Combined,Sex,Female,0.7
2025-10-11T00:00:00.000,United States,Combined,Age Group,50-64 years,0.5
2025-10-11T00:00:00.000,United States,Combined,Age Group,1-4 years,1.6
2025-10-11T00:00:00.000,United States,Combined,Age Group,<1 year,2.5
2025-10-11T00:00:00.000,United States,Combined,Age Group,65+ years,0.8
2025-10-11T00:00:00.000,United States,Combined,Age Group,5-17 years,0.7
2025-10-11T00:00:00.000,United States,Combined,Age Group,18-49 years,0.5
2025-10-11T00:00:00.000,United States,Combined,Race/Ethnicity,Hispanic,0.8
2025-10-11T00:00:00.000,United States,Combined,Race/Ethnicity,"Multiple/Other, NH",0.7
2025-10-11T00:00:00.000,United States,Combined,Race/Ethnicity,"White, NH",0.6
2025-10-11T00:00:00.000,United States,Combined,Race/Ethnicity,"Asian/NHOPI, NH",1.0
2025-10-11T00:00:00.000,United States,Combined,Race/Ethnicity,"AI/AN, NH",0.6
2025-10-11T00:00:00.000,United States,Combined,Race/Ethnicity,"Black, NH",0.7
2025-10-11T00:00:00.000,United States,Influenza,Sex,Male,0.2
2025-10-11T00:00:00.000,United States,Influenza,Sex,Invalid,0.0
2025-10-11T00:00:00.000,United States,Influenza,Sex,Other,0.0
2025-10-11T00:00:00.000,United States,Influenza,Sex,Female,0.2
2025-10-11T00:00:00.000,United States,Influenza,Age Group,50-64 years,0.1
2025-10-11T00:00:00.000,United States,Influenza,Age Group,1-4 years,0.5
2025-10-11T00:00:00.000,United States,Influenza,Age Group,<1 year,0.3
2025-10-11T00:00:00.000,United States,Influenza,Age Group,65+ years,0.1
2025-10-11T00:00:00.000,United States,Influenza,Age Group,5-17 years,0.4
2025-10-11T00:00:00.000,United States,Influenza,Age Group,18-49 years,0.1
2025-10-11T00:00:00.000,United States,Influenza,Race/Ethnicity,Hispanic,0.3
2025-10-11T00:00:00.000,United States,Influenza,Race/Ethnicity,"Multiple/Other, NH",0.2
2025-10-11T00:00:00.000,United States,Influenza,Race/Ethnicity,"White, NH",0.1
2025-10-11T00:00:00.000,United States,Influenza,Race/Ethnicity,"Asian/NHOPI, NH",0.3
2025-10-11T00:00:00.000,United States,Influenza,Race/Ethnicity,"AI/AN, NH",0.1
2025-10-11T00:00:00.000,United States,Influenza,Race/Ethnicity,"Black, NH",0.2
2025-10-11T00:00:00.000,United States,RSV,Sex,Male,0.1
2025-10-11T00:00:00.000,United States,RSV,Sex,Invalid,0.0
2025-10-11T00:00:00.000,United States,RSV,Sex,Other,0.0
2025-10-11T00:00:00.000,United States,RSV,Sex,Female,0.1
2025-10-11T00:00:00.000,United States,RSV,Age Group,50-64 years,0.0
2025-10-11T00:00:00.000,United States,RSV,Age Group,1-4 years,0.6
2025-10-11T00:00:00.000,United States,RSV,Age Group,<1 year,0.8
2025-10-11T00:00:00.000,United States,RSV,Age Group,65+ years,0.0
2025-10-11T00:00:00.000,United States,RSV,Age Group,5-17 years,0.1
2025-10-11T00:00:00.000,United States,RSV,Age Group,18-49 years,0.0
2025-10-11T00:00:00.000,United States,RSV,Race/Ethnicity,Hispanic,0.1
2025-10-11T00:00:00.000,United States,RSV,Race/Ethnicity,"Multiple/Other, NH",0.1
2025-10-11T00:00:00.000,United States,RSV,Race/Ethnicity,"White, NH",0.0
2025-10-11T00:00:00.000,United States,RSV,Race/Ethnicity,"Asian/NHOPI, NH",0.1
2025-10-11T00:00:00.000,United States,COVID-19,Sex,Invalid,0.0
2025-10-11T00:00:00.000,United States,RSV,Race/Ethnicity,"AI/AN, NH",0.0
2025-10-04T00:00:00.000,United States,Influenza,Sex,Other,0.0
2025-10-04T00:00:00.000,United States,COVID-19,Sex,Male,0.5
2025-10-04T00:00:00.000,United States,COVID-19,Sex,Invalid,0.0
2025-10-04T00:00:00.000,United States,RSV,Race/Ethnicity,"Black, NH",0.1
2025-10-04T00:00:00.000,United States,RSV,Race/Ethnicity,"AI/AN, NH",0.0
2025-10-04T00:00:00.000,United States,RSV,Race/Ethnicity,"Asian/NHOPI, NH",0.1
2025-10-04T00:00:00.000,United States,RSV,Race/Ethnicity,"White, NH",0.0
2025-10-04T00:00:00.000,United States,RSV,Race/Ethnicity,"Multiple/Other, NH",0.1
2025-10-04T00:00:00.000,United States,RSV,Race/Ethnicity,Hispanic,0.1
2025-10-04T00:00:00.000,United States,RSV,Age Group,18-49 years,0.0
2025-10-04T00:00:00.000,United States,RSV,Age Group,5-17 years,0.0
2025-10-04T00:00:00.000,United States,RSV,Age Group,65+ years,0.0
2025-10-04T00:00:00.000,United States,RSV,Age Group,<1 year,0.6
2025-10-04T00:00:00.000,United States,RSV,Age Group,1-4 years,0.5
2025-10-04T00:00:00.000,United States,RSV,Age Group,50-64 years,0.0
2025-10-04T00:00:00.000,United States,RSV,Sex,Female,0.0
2025-10-04T00:00:00.000,United States,RSV,Sex,Other,0.0
2025-10-04T00:00:00.000,United States,RSV,Sex,Invalid,0.0
2025-10-04T00:00:00.000,United States,RSV,Sex,Male,0.1
2025-10-04T00:00:00.000,United States,Influenza,Race/Ethnicity,"Black, NH",0.2
2025-10-04T00:00:00.000,United States,Influenza,Race/Ethnicity,"AI/AN, NH",0.2
2025-10-04T00:00:00.000,United States,Influenza,Race/Ethnicity,"Asian/NHOPI, NH",0.3
2025-10-04T00:00:00.000,United States,Influenza,Race/Ethnicity,"White, NH",0.1
2025-10-04T00:00:00.000,United States,Influenza,Race/Ethnicity,"Multiple/Other, NH",0.2
2025-10-04T00:00:00.000,United States,Influenza,Race/Ethnicity,Hispanic,0.2
2025-10-04T00:00:00.000,United States,Influenza,Age Group,18-49 years,0.1
2025-10-04T00:00:00.000,United States,Influenza,Age Group,5-17 years,0.4
2025-10-04T00:00:00.000,United States,Influenza,Age Group,65+ years,0.1
2025-10-04T00:00:00.000,United States,Influenza,Age Group,<1 year,0.2
2025-10-04T00:00:00.000,United States,Influenza,Age Group,1-4 years,0.5
2025-10-04T00:00:00.000,United States,Influenza,Age Group,50-64 years,0.1
2025-10-04T00:00:00.000,United States,Influenza,Sex,Female,0.2
2025-10-04T00:00:00.000,United States,Influenza,Sex,Invalid,0.0
2025-10-04T00:00:00.000,United States,Influenza,Sex,Male,0.2
2025-10-04T00:00:00.000,United States,Combined,Race/Ethnicity,"Black, NH",0.8
2025-10-04T00:00:00.000,United States,Combined,Race/Ethnicity,"AI/AN, NH",0.8
2025-10-04T00:00:00.000,United States,Combined,Race/Ethnicity,"Asian/NHOPI, NH",1.1
2025-10-04T00:00:00.000,United States,Combined,Race/Ethnicity,"White, NH",0.7
2025-10-04T00:00:00.000,United States,Combined,Race/Ethnicity,"Multiple/Other, NH",0.8
2025-10-04T00:00:00.000,United States,Combined,Race/Ethnicity,Hispanic,0.9
2025-10-04T00:00:00.000,United States,Combined,Age Group,18-49 years,0.6
2025-10-04T00:00:00.000,United States,Combined,Age Group,5-17 years,0.7
2025-10-04T00:00:00.000,United States,Combined,Age Group,65+ years,1.0
2025-10-04T00:00:00.000,United States,Combined,Age Group,<1 year,2.6
2025-10-04T00:00:00.000,United States,Combined,Age Group,1-4 years,1.6
2025-10-04T00:00:00.000,United States,Combined,Age Group,50-64 years,0.6
2025-10-04T00:00:00.000,United States,Combined,Sex,Female,0.8
2025-10-04T00:00:00.000,United States,Combined,Sex,Other,0.0
2025-10-04T00:00:00.000,United States,Combined,Sex,Invalid,0.0
2025-10-04T00:00:00.000,United States,Combined,Sex,Male,0.8
2025-10-04T00:00:00.000,United States,COVID-19,Race/Ethnicity,"Black, NH",0.5
2025-10-04T00:00:00.000,United States,COVID-19,Race/Ethnicity,"AI/AN, NH",0.6
2025-10-04T00:00:00.000,United States,COVID-19,Race/Ethnicity,"Asian/NHOPI, NH",0.7
2025-10-04T00:00:00.000,United States,COVID-19,Race/Ethnicity,"White, NH",0.6
2025-10-04T00:00:00.000,United States,COVID-19,Race/Ethnicity,"Multiple/Other, NH",0.5
2025-10-04T00:00:00.000,United States,COVID-19,Race/Ethnicity,Hispanic,0.6
2025-10-04T00:00:00.000,United States,COVID-19,Age Group,18-49 years,0.4
2025-10-04T00:00:00.000,United States,COVID-19,Age Group,5-17 years,0.3
2025-10-04T00:00:00.000,United States,COVID-19,Age Group,65+ years,0.9
2025-10-04T00:00:00.000,United States,COVID-19,Age Group,<1 year,1.7
2025-10-04T00:00:00.000,United States,COVID-19,Age Group,1-4 years,0.7
2025-10-04T00:00:00.000,United States,COVID-19,Age Group,50-64 years,0.5
2025-10-04T00:00:00.000,United States,COVID-19,Sex,Female,0.6
2025-10-04T00:00:00.000,United States,COVID-19,Sex,Other,0.0
2025-09-27T00:00:00.000,United States,RSV,Race/Ethnicity,"White, NH",0.0
2025-09-27T00:00:00.000,United States,RSV,Race/Ethnicity,"AI/AN, NH",0.0
2025-09-27T00:00:00.000,United States,RSV,Race/Ethnicity,"Black, NH",0.1
2025-09-27T00:00:00.000,United States,COVID-19,Sex,Male,0.7
2025-09-27T00:00:00.000,United States,COVID-19,Sex,Invalid,0.0
2025-09-27T00:00:00.000,United States,COVID-19,Sex,Other,0.0
2025-09-27T00:00:00.000,United States,COVID-19,Sex,Female,0.8
2025-09-27T00:00:00.000,United States,COVID-19,Age Group,50-64 years,0.6
2025-09-27T00:00:00.000,United States,COVID-19,Age Group,1-4 years,0.9
2025-09-27T00:00:00.000,United States,COVID-19,Age Group,<1 year,2.5
2025-09-27T00:00:00.000,United States,COVID-19,Age Group,65+ years,1.1
2025-09-27T00:00:00.000,United States,COVID-19,Age Group,5-17 years,0.4
2025-09-27T00:00:00.000,United States,COVID-19,Age Group,18-49 years,0.6
2025-09-27T00:00:00.000,United States,COVID-19,Race/Ethnicity,Hispanic,0.8
2025-09-27T00:00:00.000,United States,COVID-19,Race/Ethnicity,"Multiple/Other, NH",0.8
2025-09-27T00:00:00.000,United States,COVID-19,Race/Ethnicity,"White, NH",0.8
2025-09-27T00:00:00.000,United States,COVID-19,Race/Ethnicity,"Asian/NHOPI, NH",0.9
2025-09-27T00:00:00.000,United States,COVID-19,Race/Ethnicity,"AI/AN, NH",0.8
2025-09-27T00:00:00.000,United States,COVID-19,Race/Ethnicity,"Black, NH",0.7
2025-09-27T00:00:00.000,United States,Combined,Sex,Male,0.9
2025-09-27T00:00:00.000,United States,Combined,Sex,Invalid,0.0
2025-09-27T00:00:00.000,United States,Combined,Sex,Other,0.0
2025-09-27T00:00:00.000,United States,Combined,Sex,Female,1.0
2025-09-27T00:00:00.000,United States,Combined,Age Group,50-64 years,0.7
2025-09-27T00:00:00.000,United States,Combined,Age Group,1-4 years,1.8
2025-09-27T00:00:00.000,United States,Combined,Age Group,<1 year,3.2
2025-09-27T00:00:00.000,United States,Combined,Age Group,65+ years,1.2
2025-09-27T00:00:00.000,United States,Combined,Age Group,5-17 years,0.7
2025-09-27T00:00:00.000,United States,Combined,Age Group,18-49 years,0.7
2025-09-27T00:00:00.000,United States,Combined,Race/Ethnicity,Hispanic,1.1
2025-09-27T00:00:00.000,United States,Combined,Race/Ethnicity,"Multiple/Other, NH",0.9
2025-09-27T00:00:00.000,United States,Combined,Race/Ethnicity,"White, NH",0.9
2025-09-27T00:00:00.000,United States,RSV,Race/Ethnicity,"Asian/NHOPI, NH",0.1
2025-09-27T00:00:00.000,United States,Combined,Race/Ethnicity,"Asian/NHOPI, NH",1.3
2025-09-27T00:00:00.000,United States,Combined,Race/Ethnicity,"AI/AN, NH",1.0
2025-09-27T00:00:00.000,United States,Combined,Race/Ethnicity,"Black, NH",1.0
2025-09-27T00:00:00.000,United States,Influenza,Sex,Male,0.2
2025-09-27T00:00:00.000,United States,Influenza,Sex,Invalid,0.0
2025-09-27T00:00:00.000,United States,Influenza,Sex,Other,0.0
2025-09-27T00:00:00.000,United States,Influenza,Sex,Female,0.2
2025-09-27T00:00:00.000,United States,Influenza,Age Group,50-64 years,0.1
2025-09-27T00:00:00.000,United States,Influenza,Age Group,1-4 years,0.5
2025-09-27T00:00:00.000,United States,Influenza,Age Group,<1 year,0.2
2025-09-27T00:00:00.000,United States,Influenza,Age Group,65+ years,0.1
2025-09-27T00:00:00.000,United States,Influenza,Age Group,5-17 years,0.3
2025-09-27T00:00:00.000,United States,Influenza,Age Group,18-49 years,0.1
2025-09-27T00:00:00.000,United States,Influenza,Race/Ethnicity,Hispanic,0.2
2025-09-27T00:00:00.000,United States,Influenza,Race/Ethnicity,"Multiple/Other, NH",0.1
2025-09-27T00:00:00.000,United States,Influenza,Race/Ethnicity,"White, NH",0.1
2025-09-27T00:00:00.000,United States,Influenza,Race/Ethnicity,"Asian/NHOPI, NH",0.3
2025-09-27T00:00:00.000,United States,Influenza,Race/Ethnicity,"AI/AN, NH",0.2
2025-09-27T00:00:00.000,United States,Influenza,Race/Ethnicity,"Black, NH",0.2
2025-09-27T00:00:00.000,United States,RSV,Sex,Male,0.0
2025-09-27T00:00:00.000,United States,RSV,Sex,Invalid,0.0
2025-09-27T00:00:00.000,United States,RSV,Sex,Other,0.0
2025-09-27T00:00:00.000,United States,RSV,Sex,Female,0.0
2025-09-27T00:00:00.000,United States,RSV,Age Group,50-64 years,0.0
2025-09-27T00:00:00.000,United States,RSV,Age Group,1-4 years,0.4
2025-09-27T00:00:00.000,United States,RSV,Age Group,<1 year,0.5
2025-09-27T00:00:00.000,United States,RSV,Age Group,65+ years,0.0
2025-09-27T00:00:00.000,United States,RSV,Age Group,5-17 years,0.0
2025-09-27T00:00:00.000,United States,RSV,Age Group,18-49 years,0.0
2025-09-27T00:00:00.000,United States,RSV,Race/Ethnicity,Hispanic,0.1
2025-09-27T00:00:00.000,United States,RSV,Race/Ethnicity,"Multiple/Other, NH",0.0
2025-09-20T00:00:00.000,United States,COVID-19,Sex,Male,0.9
2025-09-20T00:00:00.000,United States,RSV,Race/Ethnicity,"Black, NH",0.0
2025-09-20T00:00:00.000,United States,RSV,Race/Ethnicity,"AI/AN, NH",0.0
2025-09-20T00:00:00.000,United States,RSV,Race/Ethnicity,"Asian/NHOPI, NH",0.1
2025-09-20T00:00:00.000,United States,RSV,Race/Ethnicity,"White, NH",0.0
2025-09-20T00:00:00.000,United States,RSV,Race/Ethnicity,"Multiple/Other, NH",0.0
2025-09-20T00:00:00.000,United States,RSV,Race/Ethnicity,Hispanic,0.1
2025-09-20T00:00:00.000,United States,RSV,Age Group,18-49 years,0.0
2025-09-20T00:00:00.000,United States,RSV,Age Group,5-17 years,0.0
2025-09-20T00:00:00.000,United States,RSV,Age Group,65+ years,0.0
2025-09-20T00:00:00.000,United States,RSV,Age Group,<1 year,0.4
2025-09-20T00:00:00.000,United States,RSV,Age Group,1-4 years,0.3
2025-09-20T00:00:00.000,United States,RSV,Age Group,50-64 years,0.0
2025-09-20T00:00:00.000,United States,RSV,Sex,Female,0.0
2025-09-20T00:00:00.000,United States,RSV,Sex,Other,0.0
2025-09-20T00:00:00.000,United States,RSV,Sex,Invalid,0.0
2025-09-20T00:00:00.000,United States,RSV,Sex,Male,0.0
2025-09-20T00:00:00.000,United States,Influenza,Race/Ethnicity,"Black, NH",0.2
2025-09-20T00:00:00.000,United States,Influenza,Race/Ethnicity,"AI/AN, NH",0.2
2025-09-20T00:00:00.000,United States,Influenza,Race/Ethnicity,"Asian/NHOPI, NH",0.2
2025-09-20T00:00:00.000,United States,Influenza,Race/Ethnicity,"White, NH",0.1
2025-09-20T00:00:00.000,United States,Influenza,Race/Ethnicity,"Multiple/Other, NH",0.1
2025-09-20T00:00:00.000,United States,Influenza,Race/Ethnicity,Hispanic,0.2
2025-09-20T00:00:00.000,United States,Influenza,Age Group,18-49 years,0.1
2025-09-20T00:00:00.000,United States,Influenza,Age Group,5-17 years,0.3
2025-09-20T00:00:00.000,United States,Influenza,Age Group,65+ years,0.1
2025-09-20T00:00:00.000,United States,Influenza,Age Group,<1 year,0.2
2025-09-20T00:00:00.000,United States,Influenza,Age Group,1-4 years,0.4
2025-09-20T00:00:00.000,United States,Influenza,Age Group,50-64 years,0.1
2025-09-20T00:00:00.000,United States,Influenza,Sex,Female,0.2
2025-09-20T00:00:00.000,United States,Influenza,Sex,Other,0.0
2025-09-20T00:00:00.000,United States,Influenza,Sex,Invalid,0.0
2025-09-20T00:00:00.000,United States,Influenza,Sex,Male,0.1
2025-09-20T00:00:00.000,United States,Combined,Race/Ethnicity,"Black, NH",1.2
2025-09-20T00:00:00.000,United States,Combined,Race/Ethnicity,"AI/AN, NH",1.1
2025-09-20T00:00:00.000,United States,Combined,Race/Ethnicity,"Asian/NHOPI, NH",1.4
2025-09-20T00:00:00.000,United States,Combined,Race/Ethnicity,"White, NH",1.1
2025-09-20T00:00:00.000,United States,Combined,Race/Ethnicity,"Multiple/Other, NH",1.2
2025-09-20T00:00:00.000,United States,Combined,Race/Ethnicity,Hispanic,1.4
2025-09-20T00:00:00.000,United States,Combined,Age Group,18-49 years,0.9
2025-09-20T00:00:00.000,United States,Combined,Age Group,5-17 years,0.9
2025-09-20T00:00:00.000,United States,Combined,Age Group,65+ years,1.5
2025-09-20T00:00:00.000,United States,Combined,Age Group,<1 year,3.8
2025-09-20T00:00:00.000,United States,Combined,Age Group,1-4 years,2.0
2025-09-20T00:00:00.000,United States,Combined,Age Group,50-64 years,1.0
2025-09-20T00:00:00.000,United States,Combined,Sex,Female,1.2
2025-09-20T00:00:00.000,United States,Combined,Sex,Other,0.0
2025-09-20T00:00:00.000,United States,Combined,Sex,Invalid,0.0
2025-09-20T00:00:00.000,United States,Combined,Sex,Male,1.1
2025-09-20T00:00:00.000,United States,COVID-19,Race/Ethnicity,"Black, NH",1.0
2025-09-20T00:00:00.000,United States,COVID-19,Race/Ethnicity,"AI/AN, NH",1.0
2025-09-20T00:00:00.000,United States,COVID-19,Race/Ethnicity,"Asian/NHOPI, NH",1.1
2025-09-20T00:00:00.000,United States,COVID-19,Race/Ethnicity,"White, NH",1.0
2025-09-20T00:00:00.000,United States,COVID-19,Race/Ethnicity,"Multiple/Other, NH",1.0
2025-09-20T00:00:00.000,United States,COVID-19,Race/Ethnicity,Hispanic,1.2
2025-09-20T00:00:00.000,United States,COVID-19,Age Group,18-49 years,0.8
2025-09-20T00:00:00.000,United States,COVID-19,Age Group,5-17 years,0.6
2025-09-20T00:00:00.000,United States,COVID-19,Age Group,65+ years,1.4
2025-09-20T00:00:00.000,United States,COVID-19,Age Group,<1 year,3.3
2025-09-20T00:00:00.000,United States,COVID-19,Age Group,1-4 years,1.3
2025-09-20T00:00:00.000,United States,COVID-19,Age Group,50-64 years,0.9
2025-09-20T00:00:00.000,United States,COVID-19,Sex,Female,1.1
2025-09-20T00:00:00.000,United States,COVID-19,Sex,Other,0.0
2025-09-20T00:00:00.000,United States,COVID-19,Sex,Invalid,0.0
2025-09-13T00:00:00.000,United States,RSV,Race/Ethnicity,"Asian/NHOPI, NH",0.0
2025-09-13T00:00:00.000,United States,RSV,Race/Ethnicity,"AI/AN, NH",0.0
2025-09-13T00:00:00.000,United States,RSV,Race/Ethnicity,"Black, NH",0.0
2025-09-13T00:00:00.000,United States,COVID-19,Sex,Male,1.2
2025-09-13T00:00:00.000,United States,COVID-19,Sex,Invalid,0.0
2025-09-13T00:00:00.000,United States,COVID-19,Sex,Other,0.0
2025-09-13T00:00:00.000,United States,COVID-19,Sex,Female,1.4
2025-09-13T00:00:00.000,United States,COVID-19,Age Group,50-64 years,1.0
2025-09-13T00:00:00.000,United States,COVID-19,Age Group,1-4 years,1.6
2025-09-13T00:00:00.000,United States,COVID-19,Age Group,<1 year,4.3
2025-09-13T00:00:00.000,United States,COVID-19,Age Group,65+ years,1.6
2025-09-13T00:00:00.000,United States,COVID-19,Age Group,5-17 years,0.9
2025-09-13T00:00:00.000,United States,COVID-19,Age Group,18-49 years,1.1
2025-09-13T00:00:00.000,United States,COVID-19,Race/Ethnicity,Hispanic,1.6
2025-09-13T00:00:00.000,United States,COVID-19,Race/Ethnicity,"Multiple/Other, NH",1.3
2025-09-13T00:00:00.000,United States,COVID-19,Race/Ethnicity,"White, NH",1.2
2025-09-13T00:00:00.000,United States,COVID-19,Race/Ethnicity,"Asian/NHOPI, NH",1.6
2025-09-13T00:00:00.000,United States,COVID-19,Race/Ethnicity,"AI/AN, NH",1.3
2025-09-13T00:00:00.000,United States,COVID-19,Race/Ethnicity,"Black, NH",1.3
2025-09-13T00:00:00.000,United States,Combined,Sex,Male,1.3
2025-09-13T00:00:00.000,United States,Combined,Sex,Invalid,0.0
2025-09-13T00:00:00.000,United States,Combined,Sex,Other,0.0
2025-09-13T00:00:00.000,United States,Combined,Sex,Female,1.5
2025-09-13T00:00:00.000,United States,Combined,Age Group,50-64 years,1.1
2025-09-13T00:00:00.000,United States,Combined,Age Group,1-4 years,2.2
2025-09-13T00:00:00.000,United States,Combined,Age Group,<1 year,4.9
2025-09-13T00:00:00.000,United States,Combined,Age Group,65+ years,1.7
2025-09-13T00:00:00.000,United States,Combined,Age Group,5-17 years,1.2
2025-09-13T00:00:00.000,United States,Combined,Age Group,18-49 years,1.2
2025-09-13T00:00:00.000,United States,Combined,Race/Ethnicity,Hispanic,1.8
2025-09-13T00:00:00.000,United States,Combined,Race/Ethnicity,"Multiple/Other, NH",1.5
2025-09-13T00:00:00.000,United States,Combined,Race/Ethnicity,"White, NH",1.3
2025-09-13T00:00:00.000,United States,Combined,Race/Ethnicity,"Asian/NHOPI, NH",1.8
2025-09-13T00:00:00.000,United States,Combined,Race/Ethnicity,"AI/AN, NH",1.6
2025-09-13T00:00:00.000,United States,Combined,Race/Ethnicity,"Black, NH",1.5
2025-09-13T00:00:00.000,United States,Influenza,Sex,Male,0.2
2025-09-13T00:00:00.000,United States,Influenza,Sex,Invalid,0.0
2025-09-13T00:00:00.000,United States,Influenza,Sex,Other,0.0
2025-09-13T00:00:00.000,United States,Influenza,Sex,Female,0.2
2025-09-13T00:00:00.000,United States,Influenza,Age Group,50-64 years,0.1
2025-09-13T00:00:00.000,United States,Influenza,Age Group,1-4 years,0.4
2025-09-13T00:00:00.000,United States,Influenza,Age Group,<1 year,0.2
2025-09-13T00:00:00.000,United States,Influenza,Age Group,65+ years,0.1
2025-09-13T00:00:00.000,United States,Influenza,Age Group,5-17 years,0.3
2025-09-13T00:00:00.000,United States,Influenza,Age Group,18-49 years,0.1
2025-09-13T00:00:00.000,United States,Influenza,Race/Ethnicity,Hispanic,0.2
2025-09-13T00:00:00.000,United States,Influenza,Race/Ethnicity,"Multiple/Other, NH",0.1
2025-09-13T00:00:00.000,United States,Influenza,Race/Ethnicity,"White, NH",0.1
2025-09-13T00:00:00.000,United States,Influenza,Race/Ethnicity,"Asian/NHOPI, NH",0.2
2025-09-13T00:00:00.000,United States,Influenza,Race/Ethnicity,"AI/AN, NH",0.2
2025-09-13T00:00:00.000,United States,Influenza,Race/Ethnicity,"Black, NH",0.3
2025-09-13T00:00:00.000,United States,RSV,Sex,Male,0.0
2025-09-13T00:00:00.000,United States,RSV,Sex,Invalid,0.0
2025-09-13T00:00:00.000,United States,RSV,Sex,Other,0.0
2025-09-13T00:00:00.000,United States,RSV,Sex,Female,0.0
2025-09-13T00:00:00.000,United States,RSV,Age Group,50-64 years,0.0
2025-09-13T00:00:00.000,United States,RSV,Age Group,1-4 years,0.3
2025-09-13T00:00:00.000,United States,RSV,Age Group,<1 year,0.3
2025-09-13T00:00:00.000,United States,RSV,Age Group,65+ years,0.0
2025-09-13T00:00:00.000,United States,RSV,Age Group,5-17 years,0.0
2025-09-13T00:00:00.000,United States,RSV,Age Group,18-49 years,0.0
2025-09-13T00:00:00.000,United States,RSV,Race/Ethnicity,Hispanic,0.1
2025-09-13T00:00:00.000,United States,RSV,Race/Ethnicity,"Multiple/Other, NH",0.0
2025-09-13T00:00:00.000,United States,RSV,Race/Ethnicity,"White, NH",0.0
2025-09-06T00:00:00.000,United States,RSV,Race/Ethnicity,"Black, NH",0.0
2025-09-06T00:00:00.000,United States,COVID-19,Sex,Invalid,0.0
2025-09-06T00:00:00.000,United States,COVID-19,Sex,Other,0.0
2025-09-06T00:00:00.000,United States,COVID-19,Sex,Female,1.7
2025-09-06T00:00:00.000,United States,COVID-19,Age Group,50-64 years,1.2
2025-09-06T00:00:00.000,United States,COVID-19,Age Group,1-4 years,2.1
2025-09-06T00:00:00.000,United States,COVID-19,Age Group,<1 year,5.4
2025-09-06T00:00:00.000,United States,COVID-19,Age Group,65+ years,1.7
2025-09-06T00:00:00.000,United States,COVID-19,Age Group,5-17 years,1.4
2025-09-06T00:00:00.000,United States,COVID-19,Age Group,18-49 years,1.3
2025-09-06T00:00:00.000,United States,COVID-19,Race/Ethnicity,Hispanic,2.1
2025-09-06T00:00:00.000,United States,COVID-19,Race/Ethnicity,"Multiple/Other, NH",1.6
2025-09-06T00:00:00.000,United States,COVID-19,Race/Ethnicity,"White, NH",1.3
2025-09-06T00:00:00.000,United States,COVID-19,Race/Ethnicity,"Asian/NHOPI, NH",1.9
2025-09-06T00:00:00.000,United States,COVID-19,Race/Ethnicity,"AI/AN, NH",1.6
2025-09-06T00:00:00.000,United States,COVID-19,Race/Ethnicity,"Black, NH",1.7
2025-09-06T00:00:00.000,United States,Combined,Sex,Male,1.6
2025-09-06T00:00:00.000,United States,Combined,Sex,Invalid,0.0
2025-09-06T00:00:00.000,United States,Combined,Sex,Other,0.0
2025-09-06T00:00:00.000,United States,Combined,Sex,Female,1.9
2025-09-06T00:00:00.000,United States,Combined,Age Group,50-64 years,1.3
2025-09-06T00:00:00.000,United States,Combined,Age Group,1-4 years,2.8
2025-09-06T00:00:00.000,United States,Combined,Age Group,<1 year,5.8
2025-09-06T00:00:00.000,United States,Combined,Age Group,65+ years,1.8
2025-09-06T00:00:00.000,United States,Combined,Age Group,5-17 years,1.7
2025-09-06T00:00:00.000,United States,Combined,Age Group,18-49 years,1.5
2025-09-06T00:00:00.000,United States,Combined,Race/Ethnicity,Hispanic,2.3
2025-09-06T00:00:00.000,United States,Combined,Race/Ethnicity,"Multiple/Other, NH",1.8
2025-09-06T00:00:00.000,United States,Combined,Race/Ethnicity,"White, NH",1.4
2025-09-06T00:00:00.000,United States,Combined,Race/Ethnicity,"Asian/NHOPI, NH",2.2
2025-09-06T00:00:00.000,United States,Combined,Race/Ethnicity,"AI/AN, NH",1.8
2025-09-06T00:00:00.000,United States,Combined,Race/Ethnicity,"Black, NH",2.0
2025-09-06T00:00:00.000,United States,Influenza,Sex,Male,0.2
2025-09-06T00:00:00.000,United States,Influenza,Sex,Invalid,0.0
2025-09-06T00:00:00.000,United States,Influenza,Sex,Other,0.0
2025-09-06T00:00:00.000,United States,Influenza,Sex,Female,0.2
2025-09-06T00:00:00.000,United States,Influenza,Age Group,50-64 years,0.1
2025-09-06T00:00:00.000,United States,Influenza,Age Group,1-4 years,0.4
2025-09-06T00:00:00.000,United States,Influenza,Age Group,<1 year,0.2
2025-09-06T00:00:00.000,United States,Influenza,Age Group,65+ years,0.1
2025-09-06T00:00:00.000,United States,Influenza,Age Group,5-17 years,0.3
2025-09-06T00:00:00.000,United States,Influenza,Age Group,18-49 years,0.2
2025-09-06T00:00:00.000,United States,Influenza,Race/Ethnicity,Hispanic,0.2
2025-09-06T00:00:00.000,United States,Influenza,Race/Ethnicity,"Multiple/Other, NH",0.1
2025-09-06T00:00:00.000,United States,Influenza,Race/Ethnicity,"White, NH",0.1
2025-09-06T00:00:00.000,United States,Influenza,Race/Ethnicity,"Asian/NHOPI, NH",0.3
2025-09-06T00:00:00.000,United States,Influenza,Race/Ethnicity,"AI/AN, NH",0.2
2025-09-06T00:00:00.000,United States,Influenza,Race/Ethnicity,"Black, NH",0.3
2025-09-06T00:00:00.000,United States,RSV,Sex,Male,0.0
2025-09-06T00:00:00.000,United States,RSV,Sex,Invalid,0.0
2025-09-06T00:00:00.000,United States,RSV,Sex,Other,0.0
2025-09-06T00:00:00.000,United States,RSV,Sex,Female,0.0
2025-09-06T00:00:00.000,United States,RSV,Age Group,50-64 years,0.0
2025-09-06T00:00:00.000,United States,RSV,Age Group,1-4 years,0.2
2025-09-06T00:00:00.000,United States,RSV,Age Group,<1 year,0.3
2025-09-06T00:00:00.000,United States,RSV,Age Group,65+ years,0.0
2025-09-06T00:00:00.000,United States,RSV,Age Group,5-17 years,0.0
2025-09-06T00:00:00.000,United States,RSV,Age Group,18-49 years,0.0
2025-09-06T00:00:00.000,United States,RSV,Race/Ethnicity,Hispanic,0.0
2025-09-06T00:00:00.000,United States,RSV,Race/Ethnicity,"Multiple/Other, NH",0.0
2025-09-06T00:00:00.000,United States,RSV,Race/Ethnicity,"White, NH",0.0
2025-09-06T00:00:00.000,United States,RSV,Race/Ethnicity,"Asian/NHOPI, NH",0.0
2025-09-06T00:00:00.000,United States,RSV,Race/Ethnicity,"AI/AN, NH",0.0
2025-09-06T00:00:00.000,United States,COVID-19,Sex,Male,1.4
2025-08-30T00:00:00.000,United States,COVID-19,Age Group,1-4 years,2.5
2025-08-30T00:00:00.000,United States,RSV,Race/Ethnicity,"Black, NH",0.0
2025-08-30T00:00:00.000,United States,RSV,Race/Ethnicity,"AI/AN, NH",0.0
2025-08-30T00:00:00.000,United States,COVID-19,Sex,Male,1.5
2025-08-30T00:00:00.000,United States,COVID-19,Sex,Invalid,0.0
2025-08-30T00:00:00.000,United States,COVID-19,Sex,Other,0.0
2025-08-30T00:00:00.000,United States,COVID-19,Sex,Female,1.8
2025-08-30T00:00:00.000,United States,COVID-19,Age Group,50-64 years,1.2
2025-08-30T00:00:00.000,United States,COVID-19,Age Group,<1 year,6.1
2025-08-30T00:00:00.000,United States,COVID-19,Age Group,65+ years,1.6
2025-08-30T00:00:00.000,United States,COVID-19,Age Group,5-17 years,2.1
2025-08-30T00:00:00.000,United States,COVID-19,Age Group,18-49 years,1.4
2025-08-30T00:00:00.000,United States,COVID-19,Race/Ethnicity,Hispanic,2.5
2025-08-30T00:00:00.000,United States,COVID-19,Race/Ethnicity,"Multiple/Other, NH",1.7
2025-08-30T00:00:00.000,United States,COVID-19,Race/Ethnicity,"White, NH",1.3
2025-08-30T00:00:00.000,United States,COVID-19,Race/Ethnicity,"Asian/NHOPI, NH",1.9
2025-08-30T00:00:00.000,United States,COVID-19,Race/Ethnicity,"AI/AN, NH",1.5
2025-08-30T00:00:00.000,United States,COVID-19,Race/Ethnicity,"Black, NH",1.9
2025-08-30T00:00:00.000,United States,Combined,Sex,Male,1.7
2025-08-30T00:00:00.000,United States,Combined,Sex,Invalid,0.0
2025-08-30T00:00:00.000,United States,Combined,Sex,Other,0.0
2025-08-30T00:00:00.000,United States,Combined,Sex,Female,1.9
2025-08-30T00:00:00.000,United States,Combined,Age Group,50-64 years,1.3
2025-08-30T00:00:00.000,United States,Combined,Age Group,1-4 years,3.1
2025-08-30T00:00:00.000,United States,Combined,Age Group,<1 year,6.6
2025-08-30T00:00:00.000,United States,Combined,Age Group,65+ years,1.7
2025-08-30T00:00:00.000,United States,Combined,Age Group,5-17 years,2.4
2025-08-30T00:00:00.000,United States,Combined,Age Group,18-49 years,1.5
2025-08-30T00:00:00.000,United States,Combined,Race/Ethnicity,Hispanic,2.7
2025-08-30T00:00:00.000,United States,Combined,Race/Ethnicity,"Multiple/Other, NH",1.9
2025-08-30T00:00:00.000,United States,Combined,Race/Ethnicity,"White, NH",1.4
2025-08-30T00:00:00.000,United States,Combined,Race/Ethnicity,"Asian/NHOPI, NH",2.2
2025-08-30T00:00:00.000,United States,Combined,Race/Ethnicity,"AI/AN, NH",1.6
2025-08-30T00:00:00.000,United States,Combined,Race/Ethnicity,"Black, NH",2.1
2025-08-30T00:00:00.000,United States,Influenza,Sex,Male,0.1
2025-08-30T00:00:00.000,United States,Influenza,Sex,Invalid,0.0
2025-08-30T00:00:00.000,United States,Influenza,Sex,Other,0.0
2025-08-30T00:00:00.000,United States,Influenza,Sex,Female,0.1
2025-08-30T00:00:00.000,United States,Influenza,Age Group,50-64 years,0.1
2025-08-30T00:00:00.000,United States,Influenza,Age Group,1-4 years,0.4
2025-08-30T00:00:00.000,United States,Influenza,Age Group,<1 year,0.2
2025-08-30T00:00:00.000,United States,Influenza,Age Group,65+ years,0.1
2025-08-30T00:00:00.000,United States,Influenza,Age Group,5-17 years,0.3
2025-08-30T00:00:00.000,United States,Influenza,Age Group,18-49 years,0.1
2025-08-30T00:00:00.000,United States,Influenza,Race/Ethnicity,Hispanic,0.2
2025-08-30T00:00:00.000,United States,Influenza,Race/Ethnicity,"Multiple/Other, NH",0.1
2025-08-30T00:00:00.000,United States,Influenza,Race/Ethnicity,"White, NH",0.1
2025-08-30T00:00:00.000,United States,Influenza,Race/Ethnicity,"Asian/NHOPI, NH",0.2
2025-08-30T00:00:00.000,United States,Influenza,Race/Ethnicity,"AI/AN, NH",0.1
2025-08-30T00:00:00.000,United States,Influenza,Race/Ethnicity,"Black, NH",0.2
2025-08-30T00:00:00.000,United States,RSV,Sex,Male,0.0
2025-08-30T00:00:00.000,United States,RSV,Sex,Invalid,0.0
2025-08-30T00:00:00.000,United States,RSV,Sex,Other,0.0
2025-08-30T00:00:00.000,United States,RSV,Sex,Female,0.0
2025-08-30T00:00:00.000,United States,RSV,Age Group,50-64 years,0.0
2025-08-30T00:00:00.000,United States,RSV,Age Group,1-4 years,0.2
2025-08-30T00:00:00.000,United States,RSV,Age Group,<1 year,0.3
2025-08-30T00:00:00.000,United States,RSV,Age Group,65+ years,0.0
2025-08-30T00:00:00.000,United States,RSV,Age Group,5-17 years,0.0
2025-08-30T00:00:00.000,United States,RSV,Age Group,18-49 years,0.0
2025-08-30T00:00:00.000,United States,RSV,Race/Ethnicity,Hispanic,0.0
2025-08-30T00:00:00.000,United States,RSV,Race/Ethnicity,"Multiple/Other, NH",0.0
2025-08-30T00:00:00.000,United States,RSV,Race/Ethnicity,"White, NH",0.0
2025-08-30T00:00:00.000,United States,RSV,Race/Ethnicity,"Asian/NHOPI, NH",0.0
2025-08-23T00:00:00.000,United States,COVID-19,Sex,Male,1.4
2025-08-23T00:00:00.000,United States,RSV,Race/Ethnicity,"Black, NH",0.0
2025-08-23T00:00:00.000,United States,RSV,Race/Ethnicity,"AI/AN, NH",0.0
2025-08-23T00:00:00.000,United States,RSV,Race/Ethnicity,"Asian/NHOPI, NH",0.0
2025-08-23T00:00:00.000,United States,RSV,Race/Ethnicity,"White, NH",0.0
2025-08-23T00:00:00.000,United States,RSV,Race/Ethnicity,"Multiple/Other, NH",0.0
2025-08-23T00:00:00.000,United States,RSV,Race/Ethnicity,Hispanic,0.0
2025-08-23T00:00:00.000,United States,RSV,Age Group,18-49 years,0.0
2025-08-23T00:00:00.000,United States,RSV,Age Group,5-17 years,0.0
2025-08-23T00:00:00.000,United States,RSV,Age Group,65+ years,0.0
2025-08-23T00:00:00.000,United States,RSV,Age Group,<1 year,0.2
2025-08-23T00:00:00.000,United States,RSV,Age Group,1-4 years,0.2
2025-08-23T00:00:00.000,United States,RSV,Age Group,50-64 years,0.0
2025-08-23T00:00:00.000,United States,RSV,Sex,Female,0.0
2025-08-23T00:00:00.000,United States,RSV,Sex,Other,0.0
2025-08-23T00:00:00.000,United States,RSV,Sex,Invalid,0.0
2025-08-23T00:00:00.000,United States,RSV,Sex,Male,0.0
2025-08-23T00:00:00.000,United States,Influenza,Race/Ethnicity,"Black, NH",0.2
2025-08-23T00:00:00.000,United States,Influenza,Race/Ethnicity,"AI/AN, NH",0.1
2025-08-23T00:00:00.000,United States,Influenza,Race/Ethnicity,"Asian/NHOPI, NH",0.2
2025-08-23T00:00:00.000,United States,Influenza,Race/Ethnicity,"White, NH",0.1
2025-08-23T00:00:00.000,United States,Influenza,Race/Ethnicity,"Multiple/Other, NH",0.1
2025-08-23T00:00:00.000,United States,Influenza,Race/Ethnicity,Hispanic,0.2
2025-08-23T00:00:00.000,United States,Influenza,Age Group,18-49 years,0.1
2025-08-23T00:00:00.000,United States,Influenza,Age Group,5-17 years,0.3
2025-08-23T00:00:00.000,United States,Influenza,Age Group,65+ years,0.1
2025-08-23T00:00:00.000,United States,Influenza,Age Group,<1 year,0.2
2025-08-23T00:00:00.000,United States,Influenza,Age Group,1-4 years,0.3
2025-08-23T00:00:00.000,United States,Influenza,Age Group,50-64 years,0.1
2025-08-23T00:00:00.000,United States,Influenza,Sex,Female,0.1
2025-08-23T00:00:00.000,United States,Influenza,Sex,Other,0.0
2025-08-23T00:00:00.000,United States,Influenza,Sex,Invalid,0.0
2025-08-23T00:00:00.000,United States,Influenza,Sex,Male,0.1
2025-08-23T00:00:00.000,United States,Combined,Race/Ethnicity,"Black, NH",2.0
2025-08-23T00:00:00.000,United States,Combined,Race/Ethnicity,"AI/AN, NH",2.1
2025-08-23T00:00:00.000,United States,Combined,Race/Ethnicity,"Asian/NHOPI, NH",2.2
2025-08-23T00:00:00.000,United States,Combined,Race/Ethnicity,"White, NH",1.2
2025-08-23T00:00:00.000,United States,Combined,Race/Ethnicity,"Multiple/Other, NH",1.7
2025-08-23T00:00:00.000,United States,Combined,Race/Ethnicity,Hispanic,2.6
2025-08-23T00:00:00.000,United States,Combined,Age Group,18-49 years,1.3
2025-08-23T00:00:00.000,United States,Combined,Age Group,5-17 years,2.5
2025-08-23T00:00:00.000,United States,Combined,Age Group,65+ years,1.5
2025-08-23T00:00:00.000,United States,Combined,Age Group,<1 year,7.4
2025-08-23T00:00:00.000,United States,Combined,Age Group,1-4 years,3.3
2025-08-23T00:00:00.000,United States,Combined,Age Group,50-64 years,1.1
2025-08-23T00:00:00.000,United States,Combined,Sex,Female,1.8
2025-08-23T00:00:00.000,United States,Combined,Sex,Other,0.0
2025-08-23T00:00:00.000,United States,Combined,Sex,Invalid,0.0
2025-08-23T00:00:00.000,United States,Combined,Sex,Male,1.5
2025-08-23T00:00:00.000,United States,COVID-19,Race/Ethnicity,"Black, NH",1.8
2025-08-23T00:00:00.000,United States,COVID-19,Race/Ethnicity,"AI/AN, NH",2.0
2025-08-23T00:00:00.000,United States,COVID-19,Race/Ethnicity,"Asian/NHOPI, NH",2.0
2025-08-23T00:00:00.000,United States,COVID-19,Race/Ethnicity,"White, NH",1.1
2025-08-23T00:00:00.000,United States,COVID-19,Race/Ethnicity,"Multiple/Other, NH",1.6
2025-08-23T00:00:00.000,United States,COVID-19,Race/Ethnicity,Hispanic,2.4
2025-08-23T00:00:00.000,United States,COVID-19,Age Group,18-49 years,1.2
2025-08-23T00:00:00.000,United States,COVID-19,Age Group,5-17 years,2.2
2025-08-23T00:00:00.000,United States,COVID-19,Age Group,65+ years,1.4
2025-08-23T00:00:00.000,United States,COVID-19,Age Group,<1 year,7.0
2025-08-23T00:00:00.000,United States,COVID-19,Age Group,1-4 years,2.8
2025-08-23T00:00:00.000,United States,COVID-19,Age Group,50-64 years,1.0
2025-08-23T00:00:00.000,United States,COVID-19,Sex,Female,1.6
2025-08-23T00:00:00.000,United States,COVID-19,Sex,Other,0.0
2025-08-23T00:00:00.000,United States,COVID-19,Sex,Invalid,0.0
2025-08-16T00:00:00.000,United States,COVID-19,Sex,Invalid,0.0
2025-08-16T00:00:00.000,United States,COVID-19,Sex,Male,1.2
2025-08-16T00:00:00.000,United States,RSV,Race/Ethnicity,"Asian/NHOPI, NH",0.0
2025-08-16T00:00:00.000,United States,RSV,Race/Ethnicity,"White, NH",0.0
2025-08-16T00:00:00.000,United States,RSV,Race/Ethnicity,"Multiple/Other, NH",0.0
2025-08-16T00:00:00.000,United States,RSV,Race/Ethnicity,Hispanic,0.0
2025-08-16T00:00:00.000,United States,RSV,Age Group,18-49 years,0.0
2025-08-16T00:00:00.000,United States,RSV,Age Group,5-17 years,0.0
2025-08-16T00:00:00.000,United States,RSV,Age Group,65+ years,0.0
2025-08-16T00:00:00.000,United States,RSV,Age Group,<1 year,0.3
2025-08-16T00:00:00.000,United States,RSV,Age Group,1-4 years,0.2
2025-08-16T00:00:00.000,United States,RSV,Age Group,50-64 years,0.0
2025-08-16T00:00:00.000,United States,RSV,Sex,Female,0.0
2025-08-16T00:00:00.000,United States,RSV,Sex,Other,0.0
2025-08-16T00:00:00.000,United States,RSV,Sex,Invalid,0.0
2025-08-16T00:00:00.000,United States,RSV,Sex,Male,0.0
2025-08-16T00:00:00.000,United States,Influenza,Race/Ethnicity,"Black, NH",0.2
2025-08-16T00:00:00.000,United States,Influenza,Race/Ethnicity,"AI/AN, NH",0.1
2025-08-16T00:00:00.000,United States,Influenza,Race/Ethnicity,"Asian/NHOPI, NH",0.2
2025-08-16T00:00:00.000,United States,Influenza,Race/Ethnicity,"White, NH",0.1
2025-08-16T00:00:00.000,United States,Influenza,Race/Ethnicity,"Multiple/Other, NH",0.1
2025-08-16T00:00:00.000,United States,Influenza,Race/Ethnicity,Hispanic,0.1
2025-08-16T00:00:00.000,United States,Influenza,Age Group,18-49 years,0.1
2025-08-16T00:00:00.000,United States,Influenza,Age Group,5-17 years,0.2
2025-08-16T00:00:00.000,United States,Influenza,Age Group,65+ years,0.1
2025-08-16T00:00:00.000,United States,Influenza,Age Group,<1 year,0.2
2025-08-16T00:00:00.000,United States,Influenza,Age Group,1-4 years,0.3
2025-08-16T00:00:00.000,United States,Influenza,Age Group,50-64 years,0.1
2025-08-16T00:00:00.000,United States,Influenza,Sex,Female,0.1
2025-08-16T00:00:00.000,United States,Influenza,Sex,Other,0.0
2025-08-16T00:00:00.000,United States,Influenza,Sex,Invalid,0.0
2025-08-16T00:00:00.000,United States,Influenza,Sex,Male,0.1
2025-08-16T00:00:00.000,United States,Combined,Race/Ethnicity,"Black, NH",1.6
2025-08-16T00:00:00.000,United States,Combined,Race/Ethnicity,"AI/AN, NH",1.6
2025-08-16T00:00:00.000,United States,Combined,Race/Ethnicity,"Asian/NHOPI, NH",2.0
2025-08-16T00:00:00.000,United States,Combined,Race/Ethnicity,"White, NH",1.0
2025-08-16T00:00:00.000,United States,Combined,Race/Ethnicity,"Multiple/Other, NH",1.4
2025-08-16T00:00:00.000,United States,Combined,Race/Ethnicity,Hispanic,2.2
2025-08-16T00:00:00.000,United States,Combined,Age Group,18-49 years,1.1
2025-08-16T00:00:00.000,United States,Combined,Age Group,5-17 years,1.6
2025-08-16T00:00:00.000,United States,Combined,Age Group,65+ years,1.4
2025-08-16T00:00:00.000,United States,Combined,Age Group,<1 year,6.6
2025-08-16T00:00:00.000,United States,Combined,Age Group,1-4 years,2.8
2025-08-16T00:00:00.000,United States,Combined,Age Group,50-64 years,1.0
2025-08-16T00:00:00.000,United States,Combined,Sex,Female,1.5
2025-08-16T00:00:00.000,United States,Combined,Sex,Other,0.0
2025-08-16T00:00:00.000,United States,Combined,Sex,Invalid,0.0
2025-08-16T00:00:00.000,United States,Combined,Sex,Male,1.3
2025-08-16T00:00:00.000,United States,COVID-19,Race/Ethnicity,"Black, NH",1.4
2025-08-16T00:00:00.000,United States,COVID-19,Race/Ethnicity,"AI/AN, NH",1.5
2025-08-16T00:00:00.000,United States,COVID-19,Race/Ethnicity,"Asian/NHOPI, NH",1.8
2025-08-16T00:00:00.000,United States,COVID-19,Race/Ethnicity,"White, NH",1.0
2025-08-16T00:00:00.000,United States,COVID-19,Race/Ethnicity,"Multiple/Other, NH",1.3
2025-08-16T00:00:00.000,United States,COVID-19,Race/Ethnicity,Hispanic,2.0
2025-08-16T00:00:00.000,United States,COVID-19,Age Group,18-49 years,1.0
2025-08-16T00:00:00.000,United States,COVID-19,Age Group,5-17 years,1.4
2025-08-16T00:00:00.000,United States,COVID-19,Age Group,65+ years,1.3
2025-08-16T00:00:00.000,United States,COVID-19,Age Group,<1 year,6.2
2025-08-16T00:00:00.000,United States,COVID-19,Age Group,1-4 years,2.3
2025-08-16T00:00:00.000,United States,COVID-19,Age Group,50-64 years,0.9
2025-08-16T00:00:00.000,United States,COVID-19,Sex,Female,1.4
2025-08-16T00:00:00.000,United States,COVID-19,Sex,Other,0.0
2025-08-16T00:00:00.000,United States,RSV,Race/Ethnicity,"AI/AN, NH",0.0
2025-08-16T00:00:00.000,United States,RSV,Race/Ethnicity,"Black, NH",0.0
2025-08-09T00:00:00.000,United States,RSV,Race/Ethnicity,"Black, NH",0.0
2025-08-09T00:00:00.000,United States,COVID-19,Sex,Male,1.0
2025-08-09T00:00:00.000,United States,COVID-19,Sex,Invalid,0.0
2025-08-09T00:00:00.000,United States,COVID-19,Sex,Other,0.0
2025-08-09T00:00:00.000,United States,COVID-19,Sex,Female,1.1
2025-08-09T00:00:00.000,United States,COVID-19,Age Group,50-64 years,0.8
2025-08-09T00:00:00.000,United States,COVID-19,Age Group,1-4 years,2.0
2025-08-09T00:00:00.000,United States,COVID-19,Age Group,<1 year,5.5
2025-08-09T00:00:00.000,United States,COVID-19,Age Group,65+ years,1.1
2025-08-09T00:00:00.000,United States,COVID-19,Age Group,5-17 years,0.8
2025-08-09T00:00:00.000,United States,COVID-19,Age Group,18-49 years,0.9
2025-08-09T00:00:00.000,United States,COVID-19,Race/Ethnicity,Hispanic,1.7
2025-08-09T00:00:00.000,United States,COVID-19,Race/Ethnicity,"Multiple/Other, NH",1.1
2025-08-09T00:00:00.000,United States,COVID-19,Race/Ethnicity,"White, NH",0.8
2025-08-09T00:00:00.000,United States,COVID-19,Race/Ethnicity,"Asian/NHOPI, NH",1.6
2025-08-09T00:00:00.000,United States,COVID-19,Race/Ethnicity,"AI/AN, NH",1.0
2025-08-09T00:00:00.000,United States,COVID-19,Race/Ethnicity,"Black, NH",1.2
2025-08-09T00:00:00.000,United States,Combined,Sex,Male,1.1
2025-08-09T00:00:00.000,United States,Combined,Sex,Invalid,0.0
2025-08-09T00:00:00.000,United States,Combined,Sex,Other,0.0
2025-08-09T00:00:00.000,United States,Combined,Sex,Female,1.3
2025-08-09T00:00:00.000,United States,Combined,Age Group,50-64 years,0.9
2025-08-09T00:00:00.000,United States,Combined,Age Group,1-4 years,2.4
2025-08-09T00:00:00.000,United States,Combined,Age Group,<1 year,5.9
2025-08-09T00:00:00.000,United States,Combined,Age Group,65+ years,1.2
2025-08-09T00:00:00.000,United States,Combined,Age Group,5-17 years,1.0
2025-08-09T00:00:00.000,United States,Combined,Age Group,18-49 years,1.0
2025-08-09T00:00:00.000,United States,Combined,Race/Ethnicity,Hispanic,1.9
2025-08-09T00:00:00.000,United States,Combined,Race/Ethnicity,"Multiple/Other, NH",1.2
2025-08-09T00:00:00.000,United States,Combined,Race/Ethnicity,"White, NH",0.9
2025-08-09T00:00:00.000,United States,Combined,Race/Ethnicity,"Asian/NHOPI, NH",1.8
2025-08-09T00:00:00.000,United States,Combined,Race/Ethnicity,"AI/AN, NH",1.1
2025-08-09T00:00:00.000,United States,Combined,Race/Ethnicity,"Black, NH",1.3
2025-08-09T00:00:00.000,United States,Influenza,Sex,Male,0.1
2025-08-09T00:00:00.000,United States,Influenza,Sex,Invalid,0.0
2025-08-09T00:00:00.000,United States,Influenza,Sex,Other,0.0
2025-08-09T00:00:00.000,United States,Influenza,Sex,Female,0.1
2025-08-09T00:00:00.000,United States,Influenza,Age Group,50-64 years,0.1
2025-08-09T00:00:00.000,United States,Influenza,Age Group,1-4 years,0.3
2025-08-09T00:00:00.000,United States,Influenza,Age Group,<1 year,0.2
2025-08-09T00:00:00.000,United States,Influenza,Age Group,65+ years,0.1
2025-08-09T00:00:00.000,United States,Influenza,Age Group,5-17 years,0.1
2025-08-09T00:00:00.000,United States,Influenza,Age Group,18-49 years,0.1
2025-08-09T00:00:00.000,United States,Influenza,Race/Ethnicity,Hispanic,0.1
2025-08-09T00:00:00.000,United States,Influenza,Race/Ethnicity,"Multiple/Other, NH",0.1
2025-08-09T00:00:00.000,United States,Influenza,Race/Ethnicity,"White, NH",0.1
2025-08-09T00:00:00.000,United States,Influenza,Race/Ethnicity,"Asian/NHOPI, NH",0.2
2025-08-09T00:00:00.000,United States,Influenza,Race/Ethnicity,"AI/AN, NH",0.1
2025-08-09T00:00:00.000,United States,Influenza,Race/Ethnicity,"Black, NH",0.1
2025-08-09T00:00:00.000,United States,RSV,Sex,Male,0.0
2025-08-09T00:00:00.000,United States,RSV,Sex,Invalid,0.0
2025-08-09T00:00:00.000,United States,RSV,Sex,Other,0.0
2025-08-09T00:00:00.000,United States,RSV,Sex,Female,0.0
2025-08-09T00:00:00.000,United States,RSV,Age Group,50-64 years,0.0
2025-08-09T00:00:00.000,United States,RSV,Age Group,1-4 years,0.1
2025-08-09T00:00:00.000,United States,RSV,Age Group,<1 year,0.3
2025-08-09T00:00:00.000,United States,RSV,Age Group,65+ years,0.0
2025-08-09T00:00:00.000,United States,RSV,Age Group,5-17 years,0.0
2025-08-09T00:00:00.000,United States,RSV,Age Group,18-49 years,0.0
2025-08-09T00:00:00.000,United States,RSV,Race/Ethnicity,Hispanic,0.0
2025-08-09T00:00:00.000,United States,RSV,Race/Ethnicity,"Multiple/Other, NH",0.0
2025-08-09T00:00:00.000,United States,RSV,Race/Ethnicity,"White, NH",0.0
2025-08-09T00:00:00.000,United States,RSV,Race/Ethnicity,"Asian/NHOPI, NH",0.0
2025-08-09T00:00:00.000,United States,RSV,Race/Ethnicity,"AI/AN, NH",0.0
2025-08-02T00:00:00.000,United States,COVID-19,Sex,Invalid,0.0
2025-08-02T00:00:00.000,United States,RSV,Race/Ethnicity,"Black, NH",0.0
2025-08-02T00:00:00.000,United States,COVID-19,Sex,Male,0.8
2025-08-02T00:00:00.000,United States,RSV,Race/Ethnicity,"AI/AN, NH",0.0
2025-08-02T00:00:00.000,United States,RSV,Race/Ethnicity,"Asian/NHOPI, NH",0.0
2025-08-02T00:00:00.000,United States,RSV,Race/Ethnicity,"White, NH",0.0
2025-08-02T00:00:00.000,United States,RSV,Race/Ethnicity,"Multiple/Other, NH",0.0
2025-08-02T00:00:00.000,United States,RSV,Race/Ethnicity,Hispanic,0.0
2025-08-02T00:00:00.000,United States,RSV,Age Group,18-49 years,0.0
2025-08-02T00:00:00.000,United States,RSV,Age Group,5-17 years,0.0
2025-08-02T00:00:00.000,United States,RSV,Age Group,65+ years,0.0
2025-08-02T00:00:00.000,United States,RSV,Age Group,<1 year,0.3
2025-08-02T00:00:00.000,United States,RSV,Age Group,1-4 years,0.2
2025-08-02T00:00:00.000,United States,RSV,Age Group,50-64 years,0.0
2025-08-02T00:00:00.000,United States,RSV,Sex,Female,0.0
2025-08-02T00:00:00.000,United States,RSV,Sex,Other,0.0
2025-08-02T00:00:00.000,United States,RSV,Sex,Invalid,0.0
2025-08-02T00:00:00.000,United States,RSV,Sex,Male,0.0
2025-08-02T00:00:00.000,United States,Influenza,Race/Ethnicity,"Black, NH",0.1
2025-08-02T00:00:00.000,United States,Influenza,Race/Ethnicity,"AI/AN, NH",0.1
2025-08-02T00:00:00.000,United States,Influenza,Race/Ethnicity,"Asian/NHOPI, NH",0.2
2025-08-02T00:00:00.000,United States,Influenza,Race/Ethnicity,"White, NH",0.1
2025-08-02T00:00:00.000,United States,Influenza,Race/Ethnicity,"Multiple/Other, NH",0.1
2025-08-02T00:00:00.000,United States,Influenza,Race/Ethnicity,Hispanic,0.1
2025-08-02T00:00:00.000,United States,Influenza,Age Group,18-49 years,0.1
2025-08-02T00:00:00.000,United States,Influenza,Age Group,5-17 years,0.1
2025-08-02T00:00:00.000,United States,Influenza,Age Group,65+ years,0.1
2025-08-02T00:00:00.000,United States,Influenza,Age Group,<1 year,0.2
2025-08-02T00:00:00.000,United States,Influenza,Age Group,1-4 years,0.3
2025-08-02T00:00:00.000,United States,Influenza,Age Group,50-64 years,0.1
2025-08-02T00:00:00.000,United States,Influenza,Sex,Female,0.1
2025-08-02T00:00:00.000,United States,Influenza,Sex,Other,0.0
2025-08-02T00:00:00.000,United States,Influenza,Sex,Invalid,0.0
2025-08-02T00:00:00.000,United States,Influenza,Sex,Male,0.1
2025-08-02T00:00:00.000,United States,Combined,Race/Ethnicity,"Black, NH",1.2
2025-08-02T00:00:00.000,United States,Combined,Race/Ethnicity,"AI/AN, NH",1.1
2025-08-02T00:00:00.000,United States,Combined,Race/Ethnicity,"Asian/NHOPI, NH",1.6
2025-08-02T00:00:00.000,United States,Combined,Race/Ethnicity,"White, NH",0.7
2025-08-02T00:00:00.000,United States,Combined,Race/Ethnicity,"Multiple/Other, NH",1.0
2025-08-02T00:00:00.000,United States,Combined,Race/Ethnicity,Hispanic,1.6
2025-08-02T00:00:00.000,United States,Combined,Age Group,18-49 years,0.8
2025-08-02T00:00:00.000,United States,Combined,Age Group,5-17 years,0.8
2025-08-02T00:00:00.000,United States,Combined,Age Group,65+ years,1.1
2025-08-02T00:00:00.000,United States,Combined,Age Group,<1 year,5.0
2025-08-02T00:00:00.000,United States,Combined,Age Group,1-4 years,2.0
2025-08-02T00:00:00.000,United States,Combined,Age Group,50-64 years,0.7
2025-08-02T00:00:00.000,United States,Combined,Sex,Female,1.1
2025-08-02T00:00:00.000,United States,Combined,Sex,Other,0.0
2025-08-02T00:00:00.000,United States,Combined,Sex,Invalid,0.0
2025-08-02T00:00:00.000,United States,Combined,Sex,Male,0.9
2025-08-02T00:00:00.000,United States,COVID-19,Race/Ethnicity,"Black, NH",1.0
2025-08-02T00:00:00.000,United States,COVID-19,Race/Ethnicity,"AI/AN, NH",1.0
2025-08-02T00:00:00.000,United States,COVID-19,Race/Ethnicity,"Asian/NHOPI, NH",1.4
2025-08-02T00:00:00.000,United States,COVID-19,Race/Ethnicity,"White, NH",0.7
2025-08-02T00:00:00.000,United States,COVID-19,Race/Ethnicity,"Multiple/Other, NH",0.9
2025-08-02T00:00:00.000,United States,COVID-19,Race/Ethnicity,Hispanic,1.5
2025-08-02T00:00:00.000,United States,COVID-19,Age Group,18-49 years,0.8
2025-08-02T00:00:00.000,United States,COVID-19,Age Group,5-17 years,0.7
2025-08-02T00:00:00.000,United States,COVID-19,Age Group,65+ years,1.0
2025-08-02T00:00:00.000,United States,COVID-19,Age Group,<1 year,4.6
2025-08-02T00:00:00.000,United States,COVID-19,Age Group,1-4 years,1.6
2025-08-02T00:00:00.000,United States,COVID-19,Age Group,50-64 years,0.7
2025-08-02T00:00:00.000,United States,COVID-19,Sex,Female,1.0
2025-08-02T00:00:00.000,United States,COVID-19,Sex,Other,0.0
2025-07-26T00:00:00.000,United States,RSV,Race/Ethnicity,"Black, NH",0.0
2025-07-26T00:00:00.000,United States,COVID-19,Sex,Male,0.7
2025-07-26T00:00:00.000,United States,COVID-19,Sex,Invalid,0.0
2025-07-26T00:00:00.000,United States,COVID-19,Sex,Other,0.0
2025-07-26T00:00:00.000,United States,COVID-19,Sex,Female,0.8
2025-07-26T00:00:00.000,United States,COVID-19,Age Group,50-64 years,0.6
2025-07-26T00:00:00.000,United States,COVID-19,Age Group,1-4 years,1.2
2025-07-26T00:00:00.000,United States,COVID-19,Age Group,<1 year,3.7
2025-07-26T00:00:00.000,United States,COVID-19,Age Group,65+ years,0.8
2025-07-26T00:00:00.000,United States,COVID-19,Age Group,5-17 years,0.5
2025-07-26T00:00:00.000,United States,COVID-19,Age Group,18-49 years,0.6
2025-07-26T00:00:00.000,United States,COVID-19,Race/Ethnicity,Hispanic,1.2
2025-07-26T00:00:00.000,United States,COVID-19,Race/Ethnicity,"Multiple/Other, NH",0.7
2025-07-26T00:00:00.000,United States,COVID-19,Race/Ethnicity,"White, NH",0.6
2025-07-26T00:00:00.000,United States,COVID-19,Race/Ethnicity,"Asian/NHOPI, NH",1.3
2025-07-26T00:00:00.000,United States,COVID-19,Race/Ethnicity,"AI/AN, NH",0.7
2025-07-26T00:00:00.000,United States,COVID-19,Race/Ethnicity,"Black, NH",0.8
2025-07-26T00:00:00.000,United States,Combined,Sex,Male,0.8
2025-07-26T00:00:00.000,United States,Combined,Sex,Invalid,0.0
2025-07-26T00:00:00.000,United States,Combined,Sex,Other,0.0
2025-07-26T00:00:00.000,United States,Combined,Sex,Female,0.9
2025-07-26T00:00:00.000,United States,Combined,Age Group,50-64 years,0.6
2025-07-26T00:00:00.000,United States,Combined,Age Group,1-4 years,1.6
2025-07-26T00:00:00.000,United States,Combined,Age Group,<1 year,4.2
2025-07-26T00:00:00.000,United States,Combined,Age Group,65+ years,0.9
2025-07-26T00:00:00.000,United States,Combined,Age Group,5-17 years,0.7
2025-07-26T00:00:00.000,United States,Combined,Age Group,18-49 years,0.7
2025-07-26T00:00:00.000,United States,Combined,Race/Ethnicity,Hispanic,1.3
2025-07-26T00:00:00.000,United States,Combined,Race/Ethnicity,"Multiple/Other, NH",0.8
2025-07-26T00:00:00.000,United States,Combined,Race/Ethnicity,"White, NH",0.6
2025-07-26T00:00:00.000,United States,Combined,Race/Ethnicity,"Asian/NHOPI, NH",1.5
2025-07-26T00:00:00.000,United States,Combined,Race/Ethnicity,"AI/AN, NH",0.8
2025-07-26T00:00:00.000,United States,Combined,Race/Ethnicity,"Black, NH",0.9
2025-07-26T00:00:00.000,United States,Influenza,Sex,Male,0.1
2025-07-26T00:00:00.000,United States,Influenza,Sex,Invalid,0.0
2025-07-26T00:00:00.000,United States,Influenza,Sex,Other,0.0
2025-07-26T00:00:00.000,United States,Influenza,Sex,Female,0.1
2025-07-26T00:00:00.000,United States,Influenza,Age Group,50-64 years,0.1
2025-07-26T00:00:00.000,United States,Influenza,Age Group,1-4 years,0.2
2025-07-26T00:00:00.000,United States,Influenza,Age Group,<1 year,0.2
2025-07-26T00:00:00.000,United States,Influenza,Age Group,65+ years,0.1
2025-07-26T00:00:00.000,United States,Influenza,Age Group,5-17 years,0.1
2025-07-26T00:00:00.000,United States,Influenza,Age Group,18-49 years,0.1
2025-07-26T00:00:00.000,United States,Influenza,Race/Ethnicity,Hispanic,0.1
2025-07-26T00:00:00.000,United States,Influenza,Race/Ethnicity,"Multiple/Other, NH",0.1
2025-07-26T00:00:00.000,United States,Influenza,Race/Ethnicity,"White, NH",0.1
2025-07-26T00:00:00.000,United States,Influenza,Race/Ethnicity,"Asian/NHOPI, NH",0.2
2025-07-26T00:00:00.000,United States,Influenza,Race/Ethnicity,"AI/AN, NH",0.1
2025-07-26T00:00:00.000,United States,Influenza,Race/Ethnicity,"Black, NH",0.1
2025-07-26T00:00:00.000,United States,RSV,Sex,Male,0.0
2025-07-26T00:00:00.000,United States,RSV,Sex,Invalid,0.0
2025-07-26T00:00:00.000,United States,RSV,Sex,Other,0.0
2025-07-26T00:00:00.000,United States,RSV,Sex,Female,0.0
2025-07-26T00:00:00.000,United States,RSV,Age Group,50-64 years,0.0
2025-07-26T00:00:00.000,United States,RSV,Age Group,1-4 years,0.1
2025-07-26T00:00:00.000,United States,RSV,Age Group,<1 year,0.3
2025-07-26T00:00:00.000,United States,RSV,Age Group,65+ years,0.0
2025-07-26T00:00:00.000,United States,RSV,Age Group,5-17 years,0.0
2025-07-26T00:00:00.000,United States,RSV,Age Group,18-49 years,0.0
2025-07-26T00:00:00.000,United States,RSV,Race/Ethnicity,Hispanic,0.0
2025-07-26T00:00:00.000,United States,RSV,Race/Ethnicity,"Multiple/Other, NH",0.0
2025-07-26T00:00:00.000,United States,RSV,Race/Ethnicity,"White, NH",0.0
2025-07-26T00:00:00.000,United States,RSV,Race/Ethnicity,"Asian/NHOPI, NH",0.0
2025-07-26T00:00:00.000,United States,RSV,Race/Ethnicity,"AI/AN, NH",0.0
2025-07-19T00:00:00.000,United States,RSV,Race/Ethnicity,"AI/AN, NH",0.0
2025-07-19T00:00:00.000,United States,RSV,Race/Ethnicity,"Black, NH",0.0
2025-07-19T00:00:00.000,United States,COVID-19,Sex,Male,0.6
2025-07-19T00:00:00.000,United States,COVID-19,Sex,Invalid,4.5
2025-07-19T00:00:00.000,United States,COVID-19,Sex,Other,0.0
2025-07-19T00:00:00.000,United States,COVID-19,Sex,Female,0.7
2025-07-19T00:00:00.000,United States,COVID-19,Age Group,50-64 years,0.5
2025-07-19T00:00:00.000,United States,COVID-19,Age Group,1-4 years,0.9
2025-07-19T00:00:00.000,United States,COVID-19,Age Group,<1 year,3.1
2025-07-19T00:00:00.000,United States,COVID-19,Age Group,65+ years,0.7
2025-07-19T00:00:00.000,United States,COVID-19,Age Group,5-17 years,0.4
2025-07-19T00:00:00.000,United States,COVID-19,Age Group,18-49 years,0.5
2025-07-19T00:00:00.000,United States,COVID-19,Race/Ethnicity,Hispanic,1.0
2025-07-19T00:00:00.000,United States,COVID-19,Race/Ethnicity,"Multiple/Other, NH",0.6
2025-07-19T00:00:00.000,United States,COVID-19,Race/Ethnicity,"White, NH",0.5
2025-07-19T00:00:00.000,United States,COVID-19,Race/Ethnicity,"Asian/NHOPI, NH",1.1
2025-07-19T00:00:00.000,United States,COVID-19,Race/Ethnicity,"AI/AN, NH",0.5
2025-07-19T00:00:00.000,United States,COVID-19,Race/Ethnicity,"Black, NH",0.7
2025-07-19T00:00:00.000,United States,Combined,Sex,Male,0.7
2025-07-19T00:00:00.000,United States,Combined,Sex,Invalid,4.5
2025-07-19T00:00:00.000,United States,Combined,Sex,Other,0.0
2025-07-19T00:00:00.000,United States,Combined,Sex,Female,0.8
2025-07-19T00:00:00.000,United States,Combined,Age Group,50-64 years,0.6
2025-07-19T00:00:00.000,United States,Combined,Age Group,1-4 years,1.3
2025-07-19T00:00:00.000,United States,Combined,Age Group,<1 year,3.5
2025-07-19T00:00:00.000,United States,Combined,Age Group,65+ years,0.8
2025-07-19T00:00:00.000,United States,Combined,Age Group,5-17 years,0.5
2025-07-19T00:00:00.000,United States,Combined,Age Group,18-49 years,0.6
2025-07-19T00:00:00.000,United States,Combined,Race/Ethnicity,Hispanic,1.1
2025-07-19T00:00:00.000,United States,Combined,Race/Ethnicity,"Multiple/Other, NH",0.7
2025-07-19T00:00:00.000,United States,Combined,Race/Ethnicity,"White, NH",0.6
2025-07-19T00:00:00.000,United States,Combined,Race/Ethnicity,"Asian/NHOPI, NH",1.2
2025-07-19T00:00:00.000,United States,Combined,Race/Ethnicity,"AI/AN, NH",0.6
2025-07-19T00:00:00.000,United States,Combined,Race/Ethnicity,"Black, NH",0.8
2025-07-19T00:00:00.000,United States,Influenza,Sex,Male,0.1
2025-07-19T00:00:00.000,United States,Influenza,Sex,Invalid,0.0
2025-07-19T00:00:00.000,United States,Influenza,Sex,Other,0.0
2025-07-19T00:00:00.000,United States,Influenza,Sex,Female,0.1
2025-07-19T00:00:00.000,United States,Influenza,Age Group,50-64 years,0.1
2025-07-19T00:00:00.000,United States,Influenza,Age Group,1-4 years,0.3
2025-07-19T00:00:00.000,United States,Influenza,Age Group,<1 year,0.2
2025-07-19T00:00:00.000,United States,Influenza,Age Group,65+ years,0.1
2025-07-19T00:00:00.000,United States,Influenza,Age Group,5-17 years,0.1
2025-07-19T00:00:00.000,United States,Influenza,Age Group,18-49 years,0.1
2025-07-19T00:00:00.000,United States,Influenza,Race/Ethnicity,Hispanic,0.1
2025-07-19T00:00:00.000,United States,Influenza,Race/Ethnicity,"Multiple/Other, NH",0.1
2025-07-19T00:00:00.000,United States,Influenza,Race/Ethnicity,"White, NH",0.1
2025-07-19T00:00:00.000,United States,Influenza,Race/Ethnicity,"Asian/NHOPI, NH",0.2
2025-07-19T00:00:00.000,United States,Influenza,Race/Ethnicity,"AI/AN, NH",0.1
2025-07-19T00:00:00.000,United States,Influenza,Race/Ethnicity,"Black, NH",0.1
2025-07-19T00:00:00.000,United States,RSV,Sex,Male,0.0
2025-07-19T00:00:00.000,United States,RSV,Sex,Invalid,0.0
2025-07-19T00:00:00.000,United States,RSV,Sex,Other,0.0
2025-07-19T00:00:00.000,United States,RSV,Sex,Female,0.0
2025-07-19T00:00:00.000,United States,RSV,Age Group,50-64 years,0.0
2025-07-19T00:00:00.000,United States,RSV,Age Group,1-4 years,0.2
2025-07-19T00:00:00.000,United States,RSV,Age Group,<1 year,0.2
2025-07-19T00:00:00.000,United States,RSV,Age Group,65+ years,0.0
2025-07-19T00:00:00.000,United States,RSV,Age Group,5-17 years,0.0
2025-07-19T00:00:00.000,United States,RSV,Age Group,18-49 years,0.0
2025-07-19T00:00:00.000,United States,RSV,Race/Ethnicity,Hispanic,0.0
2025-07-19T00:00:00.000,United States,RSV,Race/Ethnicity,"Multiple/Other, NH",0.0
2025-07-19T00:00:00.000,United States,RSV,Race/Ethnicity,"White, NH",0.0
2025-07-19T00:00:00.000,United States,RSV,Race/Ethnicity,"Asian/NHOPI, NH",0.0
2025-07-12T00:00:00.000,United States,COVID-19,Age Group,18-49 years,0.4
2025-07-12T00:00:00.000,United States,COVID-19,Sex,Male,0.5
2025-07-12T00:00:00.000,United States,RSV,Race/Ethnicity,"Black, NH",0.0
2025-07-12T00:00:00.000,United States,RSV,Race/Ethnicity,"AI/AN, NH",0.0
2025-07-12T00:00:00.000,United States,RSV,Race/Ethnicity,"Asian/NHOPI, NH",0.0
2025-07-12T00:00:00.000,United States,RSV,Race/Ethnicity,"White, NH",0.0
2025-07-12T00:00:00.000,United States,RSV,Race/Ethnicity,"Multiple/Other, NH",0.0
2025-07-12T00:00:00.000,United States,RSV,Race/Ethnicity,Hispanic,0.0
2025-07-12T00:00:00.000,United States,RSV,Age Group,18-49 years,0.0
2025-07-12T00:00:00.000,United States,RSV,Age Group,5-17 years,0.0
2025-07-12T00:00:00.000,United States,RSV,Age Group,65+ years,0.0
2025-07-12T00:00:00.000,United States,RSV,Age Group,<1 year,0.2
2025-07-12T00:00:00.000,United States,RSV,Age Group,1-4 years,0.1
2025-07-12T00:00:00.000,United States,RSV,Age Group,50-64 years,0.0
2025-07-12T00:00:00.000,United States,RSV,Sex,Female,0.0
2025-07-12T00:00:00.000,United States,RSV,Sex,Other,0.0
2025-07-12T00:00:00.000,United States,RSV,Sex,Invalid,0.0
2025-07-12T00:00:00.000,United States,RSV,Sex,Male,0.0
2025-07-12T00:00:00.000,United States,Influenza,Race/Ethnicity,"Black, NH",0.1
2025-07-12T00:00:00.000,United States,Influenza,Race/Ethnicity,"AI/AN, NH",0.1
2025-07-12T00:00:00.000,United States,Influenza,Race/Ethnicity,"Asian/NHOPI, NH",0.2
2025-07-12T00:00:00.000,United States,Influenza,Race/Ethnicity,"White, NH",0.1
2025-07-12T00:00:00.000,United States,Influenza,Race/Ethnicity,"Multiple/Other, NH",0.1
2025-07-12T00:00:00.000,United States,Influenza,Race/Ethnicity,Hispanic,0.2
2025-07-12T00:00:00.000,United States,Influenza,Age Group,18-49 years,0.1
2025-07-12T00:00:00.000,United States,Influenza,Age Group,5-17 years,0.2
2025-07-12T00:00:00.000,United States,Influenza,Age Group,65+ years,0.1
2025-07-12T00:00:00.000,United States,Influenza,Age Group,<1 year,0.3
2025-07-12T00:00:00.000,United States,Influenza,Age Group,1-4 years,0.3
2025-07-12T00:00:00.000,United States,Influenza,Age Group,50-64 years,0.1
2025-07-12T00:00:00.000,United States,Influenza,Sex,Female,0.1
2025-07-12T00:00:00.000,United States,Influenza,Sex,Other,5.1
2025-07-12T00:00:00.000,United States,Influenza,Sex,Invalid,0.0
2025-07-12T00:00:00.000,United States,Influenza,Sex,Male,0.1
2025-07-12T00:00:00.000,United States,Combined,Race/Ethnicity,"Black, NH",0.7
2025-07-12T00:00:00.000,United States,Combined,Race/Ethnicity,"AI/AN, NH",0.5
2025-07-12T00:00:00.000,United States,Combined,Race/Ethnicity,"Asian/NHOPI, NH",1.2
2025-07-12T00:00:00.000,United States,Combined,Race/Ethnicity,"White, NH",0.5
2025-07-12T00:00:00.000,United States,Combined,Race/Ethnicity,"Multiple/Other, NH",0.7
2025-07-12T00:00:00.000,United States,Combined,Race/Ethnicity,Hispanic,1.0
2025-07-12T00:00:00.000,United States,Combined,Age Group,18-49 years,0.5
2025-07-12T00:00:00.000,United States,Combined,Age Group,5-17 years,0.5
2025-07-12T00:00:00.000,United States,Combined,Age Group,65+ years,0.7
2025-07-12T00:00:00.000,United States,Combined,Age Group,<1 year,3.0
2025-07-12T00:00:00.000,United States,Combined,Age Group,1-4 years,1.2
2025-07-12T00:00:00.000,United States,Combined,Age Group,50-64 years,0.5
2025-07-12T00:00:00.000,United States,Combined,Sex,Female,0.7
2025-07-12T00:00:00.000,United States,Combined,Sex,Other,5.1
2025-07-12T00:00:00.000,United States,Combined,Sex,Invalid,0.0
2025-07-12T00:00:00.000,United States,Combined,Sex,Male,0.6
2025-07-12T00:00:00.000,United States,COVID-19,Race/Ethnicity,"Black, NH",0.6
2025-07-12T00:00:00.000,United States,COVID-19,Race/Ethnicity,"AI/AN, NH",0.4
2025-07-12T00:00:00.000,United States,COVID-19,Race/Ethnicity,"Asian/NHOPI, NH",1.0
2025-07-12T00:00:00.000,United States,COVID-19,Race/Ethnicity,"White, NH",0.4
2025-07-12T00:00:00.000,United States,COVID-19,Race/Ethnicity,"Multiple/Other, NH",0.6
2025-07-12T00:00:00.000,United States,COVID-19,Race/Ethnicity,Hispanic,0.9
2025-07-12T00:00:00.000,United States,COVID-19,Age Group,5-17 years,0.3
2025-07-12T00:00:00.000,United States,COVID-19,Age Group,65+ years,0.6
2025-07-12T00:00:00.000,United States,COVID-19,Age Group,<1 year,2.6
2025-07-12T00:00:00.000,United States,COVID-19,Age Group,1-4 years,0.8
2025-07-12T00:00:00.000,United States,COVID-19,Age Group,50-64 years,0.4
2025-07-12T00:00:00.000,United States,COVID-19,Sex,Female,0.6
2025-07-12T00:00:00.000,United States,COVID-19,Sex,Other,0.0
2025-07-12T00:00:00.000,United States,COVID-19,Sex,Invalid,0.0
2025-07-05T00:00:00.000,United States,COVID-19,Sex,Male,0.4
2025-07-05T00:00:00.000,United States,RSV,Race/Ethnicity,"AI/AN, NH",0.0
2025-07-05T00:00:00.000,United States,RSV,Race/Ethnicity,"Asian/NHOPI, NH",0.0
2025-07-05T00:00:00.000,United States,RSV,Race/Ethnicity,"White, NH",0.0
2025-07-05T00:00:00.000,United States,RSV,Race/Ethnicity,"Multiple/Other, NH",0.0
2025-07-05T00:00:00.000,United States,RSV,Race/Ethnicity,Hispanic,0.0
2025-07-05T00:00:00.000,United States,RSV,Age Group,18-49 years,0.0
2025-07-05T00:00:00.000,United States,RSV,Age Group,5-17 years,0.0
2025-07-05T00:00:00.000,United States,RSV,Age Group,65+ years,0.0
2025-07-05T00:00:00.000,United States,RSV,Age Group,<1 year,0.3
2025-07-05T00:00:00.000,United States,RSV,Age Group,1-4 years,0.2
2025-07-05T00:00:00.000,United States,RSV,Age Group,50-64 years,0.0
2025-07-05T00:00:00.000,United States,RSV,Sex,Female,0.0
2025-07-05T00:00:00.000,United States,RSV,Sex,Other,0.0
2025-07-05T00:00:00.000,United States,RSV,Sex,Invalid,0.0
2025-07-05T00:00:00.000,United States,RSV,Sex,Male,0.0
2025-07-05T00:00:00.000,United States,Influenza,Race/Ethnicity,"Black, NH",0.1
2025-07-05T00:00:00.000,United States,Influenza,Race/Ethnicity,"AI/AN, NH",0.1
2025-07-05T00:00:00.000,United States,Influenza,Race/Ethnicity,"Asian/NHOPI, NH",0.3
2025-07-05T00:00:00.000,United States,Influenza,Race/Ethnicity,"White, NH",0.1
2025-07-05T00:00:00.000,United States,Influenza,Race/Ethnicity,"Multiple/Other, NH",0.1
2025-07-05T00:00:00.000,United States,Influenza,Race/Ethnicity,Hispanic,0.2
2025-07-05T00:00:00.000,United States,Influenza,Age Group,18-49 years,0.1
2025-07-05T00:00:00.000,United States,Influenza,Age Group,5-17 years,0.2
2025-07-05T00:00:00.000,United States,Influenza,Age Group,65+ years,0.1
2025-07-05T00:00:00.000,United States,Influenza,Age Group,<1 year,0.3
2025-07-05T00:00:00.000,United States,Influenza,Age Group,1-4 years,0.3
2025-07-05T00:00:00.000,United States,Influenza,Age Group,50-64 years,0.1
2025-07-05T00:00:00.000,United States,Influenza,Sex,Female,0.1
2025-07-05T00:00:00.000,United States,Influenza,Sex,Other,0.0
2025-07-05T00:00:00.000,United States,Influenza,Sex,Invalid,0.0
2025-07-05T00:00:00.000,United States,Influenza,Sex,Male,0.1
2025-07-05T00:00:00.000,United States,Combined,Race/Ethnicity,"Black, NH",0.6
2025-07-05T00:00:00.000,United States,Combined,Race/Ethnicity,"AI/AN, NH",0.4
2025-07-05T00:00:00.000,United States,Combined,Race/Ethnicity,"Asian/NHOPI, NH",1.0
2025-07-05T00:00:00.000,United States,Combined,Race/Ethnicity,"White, NH",0.5
2025-07-05T00:00:00.000,United States,Combined,Race/Ethnicity,"Multiple/Other, NH",0.6
2025-07-05T00:00:00.000,United States,Combined,Race/Ethnicity,Hispanic,0.9
2025-07-05T00:00:00.000,United States,Combined,Age Group,18-49 years,0.5
2025-07-05T00:00:00.000,United States,Combined,Age Group,5-17 years,0.5
2025-07-05T00:00:00.000,United States,Combined,Age Group,65+ years,0.7
2025-07-05T00:00:00.000,United States,Combined,Age Group,<1 year,2.6
2025-07-05T00:00:00.000,United States,Combined,Age Group,1-4 years,1.1
2025-07-05T00:00:00.000,United States,Combined,Age Group,50-64 years,0.5
2025-07-05T00:00:00.000,United States,Combined,Sex,Female,0.6
2025-07-05T00:00:00.000,United States,Combined,Sex,Other,0.0
2025-07-05T00:00:00.000,United States,Combined,Sex,Invalid,0.0
2025-07-05T00:00:00.000,United States,Combined,Sex,Male,0.6
2025-07-05T00:00:00.000,United States,COVID-19,Race/Ethnicity,"Black, NH",0.5
2025-07-05T00:00:00.000,United States,COVID-19,Race/Ethnicity,"AI/AN, NH",0.3
2025-07-05T00:00:00.000,United States,COVID-19,Race/Ethnicity,"Asian/NHOPI, NH",0.8
2025-07-05T00:00:00.000,United States,COVID-19,Race/Ethnicity,"White, NH",0.4
2025-07-05T00:00:00.000,United States,COVID-19,Race/Ethnicity,"Multiple/Other, NH",0.4
2025-07-05T00:00:00.000,United States,COVID-19,Race/Ethnicity,Hispanic,0.7
2025-07-05T00:00:00.000,United States,COVID-19,Age Group,18-49 years,0.3
2025-07-05T00:00:00.000,United States,COVID-19,Age Group,5-17 years,0.2
2025-07-05T00:00:00.000,United States,RSV,Race/Ethnicity,"Black, NH",0.0
2025-07-05T00:00:00.000,United States,COVID-19,Age Group,65+ years,0.6
2025-07-05T00:00:00.000,United States,COVID-19,Age Group,<1 year,2.1
2025-07-05T00:00:00.000,United States,COVID-19,Age Group,1-4 years,0.7
2025-07-05T00:00:00.000,United States,COVID-19,Age Group,50-64 years,0.4
2025-07-05T00:00:00.000,United States,COVID-19,Sex,Female,0.5
2025-07-05T00:00:00.000,United States,COVID-19,Sex,Other,0.0
2025-07-05T00:00:00.000,United States,COVID-19,Sex,Invalid,0.0
2025-06-28T00:00:00.000,United States,Combined,Sex,Female,0.6
2025-06-28T00:00:00.000,United States,COVID-19,Sex,Male,0.4
2025-06-28T00:00:00.000,United States,RSV,Race/Ethnicity,"Black, NH",0.0
2025-06-28T00:00:00.000,United States,RSV,Race/Ethnicity,"AI/AN, NH",0.0
2025-06-28T00:00:00.000,United States,RSV,Race/Ethnicity,"Asian/NHOPI, NH",0.0
2025-06-28T00:00:00.000,United States,RSV,Race/Ethnicity,"White, NH",0.0
2025-06-28T00:00:00.000,United States,RSV,Race/Ethnicity,"Multiple/Other, NH",0.0
2025-06-28T00:00:00.000,United States,RSV,Race/Ethnicity,Hispanic,0.0
2025-06-28T00:00:00.000,United States,RSV,Age Group,18-49 years,0.0
2025-06-28T00:00:00.000,United States,RSV,Age Group,5-17 years,0.0
2025-06-28T00:00:00.000,United States,RSV,Age Group,65+ years,0.0
2025-06-28T00:00:00.000,United States,RSV,Age Group,<1 year,0.3
2025-06-28T00:00:00.000,United States,RSV,Age Group,1-4 years,0.1
2025-06-28T00:00:00.000,United States,RSV,Age Group,50-64 years,0.0
2025-06-28T00:00:00.000,United States,RSV,Sex,Female,0.0
2025-06-28T00:00:00.000,United States,RSV,Sex,Other,0.0
2025-06-28T00:00:00.000,United States,RSV,Sex,Invalid,0.0
2025-06-28T00:00:00.000,United States,RSV,Sex,Male,0.0
2025-06-28T00:00:00.000,United States,Influenza,Race/Ethnicity,"Black, NH",0.2
2025-06-28T00:00:00.000,United States,Influenza,Race/Ethnicity,"AI/AN, NH",0.1
2025-06-28T00:00:00.000,United States,Influenza,Race/Ethnicity,"Asian/NHOPI, NH",0.3
2025-06-28T00:00:00.000,United States,Influenza,Race/Ethnicity,"White, NH",0.1
2025-06-28T00:00:00.000,United States,Influenza,Race/Ethnicity,"Multiple/Other, NH",0.1
2025-06-28T00:00:00.000,United States,Influenza,Race/Ethnicity,Hispanic,0.2
2025-06-28T00:00:00.000,United States,Influenza,Age Group,18-49 years,0.1
2025-06-28T00:00:00.000,United States,Influenza,Age Group,5-17 years,0.3
2025-06-28T00:00:00.000,United States,Influenza,Age Group,65+ years,0.1
2025-06-28T00:00:00.000,United States,Influenza,Age Group,<1 year,0.3
2025-06-28T00:00:00.000,United States,Influenza,Age Group,1-4 years,0.4
2025-06-28T00:00:00.000,United States,Influenza,Age Group,50-64 years,0.1
2025-06-28T00:00:00.000,United States,Influenza,Sex,Female,0.1
2025-06-28T00:00:00.000,United States,Influenza,Sex,Other,0.0
2025-06-28T00:00:00.000,United States,Influenza,Sex,Invalid,0.0
2025-06-28T00:00:00.000,United States,Influenza,Sex,Male,0.1
2025-06-28T00:00:00.000,United States,Combined,Race/Ethnicity,"Black, NH",0.6
2025-06-28T00:00:00.000,United States,Combined,Race/Ethnicity,"AI/AN, NH",0.5
2025-06-28T00:00:00.000,United States,Combined,Race/Ethnicity,"Asian/NHOPI, NH",1.0
2025-06-28T00:00:00.000,United States,Combined,Race/Ethnicity,"White, NH",0.5
2025-06-28T00:00:00.000,United States,Combined,Race/Ethnicity,"Multiple/Other, NH",0.6
2025-06-28T00:00:00.000,United States,Combined,Race/Ethnicity,Hispanic,0.9
2025-06-28T00:00:00.000,United States,Combined,Age Group,18-49 years,0.5
2025-06-28T00:00:00.000,United States,Combined,Age Group,5-17 years,0.5
2025-06-28T00:00:00.000,United States,Combined,Age Group,65+ years,0.6
2025-06-28T00:00:00.000,United States,Combined,Age Group,<1 year,2.3
2025-06-28T00:00:00.000,United States,Combined,Age Group,1-4 years,1.1
2025-06-28T00:00:00.000,United States,Combined,Age Group,50-64 years,0.4
2025-06-28T00:00:00.000,United States,Combined,Sex,Other,0.0
2025-06-28T00:00:00.000,United States,Combined,Sex,Invalid,0.0
2025-06-28T00:00:00.000,United States,Combined,Sex,Male,0.5
2025-06-28T00:00:00.000,United States,COVID-19,Race/Ethnicity,"Black, NH",0.4
2025-06-28T00:00:00.000,United States,COVID-19,Race/Ethnicity,"AI/AN, NH",0.4
2025-06-28T00:00:00.000,United States,COVID-19,Race/Ethnicity,"Asian/NHOPI, NH",0.7
2025-06-28T00:00:00.000,United States,COVID-19,Race/Ethnicity,"White, NH",0.3
2025-06-28T00:00:00.000,United States,COVID-19,Race/Ethnicity,"Multiple/Other, NH",0.4
2025-06-28T00:00:00.000,United States,COVID-19,Race/Ethnicity,Hispanic,0.6
2025-06-28T00:00:00.000,United States,COVID-19,Age Group,18-49 years,0.3
2025-06-28T00:00:00.000,United States,COVID-19,Age Group,5-17 years,0.2
2025-06-28T00:00:00.000,United States,COVID-19,Age Group,65+ years,0.5
2025-06-28T00:00:00.000,United States,COVID-19,Age Group,<1 year,1.8
2025-06-28T00:00:00.000,United States,COVID-19,Age Group,1-4 years,0.6
2025-06-28T00:00:00.000,United States,COVID-19,Age Group,50-64 years,0.3
2025-06-28T00:00:00.000,United States,COVID-19,Sex,Female,0.4
2025-06-28T00:00:00.000,United States,COVID-19,Sex,Other,0.0
2025-06-28T00:00:00.000,United States,COVID-19,Sex,Invalid,0.0
2025-06-21T00:00:00.000,United States,COVID-19,Sex,Other,0.0
2025-06-21T00:00:00.000,United States,COVID-19,Sex,Male,0.4
2025-06-21T00:00:00.000,United States,COVID-19,Sex,Invalid,0.0
2025-06-21T00:00:00.000,United States,RSV,Race/Ethnicity,"AI/AN, NH",0.0
2025-06-21T00:00:00.000,United States,RSV,Race/Ethnicity,"Asian/NHOPI, NH",0.0
2025-06-21T00:00:00.000,United States,RSV,Race/Ethnicity,"White, NH",0.0
2025-06-21T00:00:00.000,United States,RSV,Race/Ethnicity,"Multiple/Other, NH",0.0
2025-06-21T00:00:00.000,United States,RSV,Race/Ethnicity,Hispanic,0.0
2025-06-21T00:00:00.000,United States,RSV,Age Group,18-49 years,0.0
2025-06-21T00:00:00.000,United States,RSV,Age Group,5-17 years,0.0
2025-06-21T00:00:00.000,United States,RSV,Age Group,65+ years,0.0
2025-06-21T00:00:00.000,United States,RSV,Age Group,<1 year,0.3
2025-06-21T00:00:00.000,United States,RSV,Age Group,1-4 years,0.2
2025-06-21T00:00:00.000,United States,RSV,Age Group,50-64 years,0.0
2025-06-21T00:00:00.000,United States,RSV,Sex,Female,0.0
2025-06-21T00:00:00.000,United States,RSV,Sex,Other,0.0
2025-06-21T00:00:00.000,United States,RSV,Sex,Invalid,0.0
2025-06-21T00:00:00.000,United States,RSV,Sex,Male,0.0
2025-06-21T00:00:00.000,United States,Influenza,Race/Ethnicity,"Black, NH",0.2
2025-06-21T00:00:00.000,United States,Influenza,Race/Ethnicity,"AI/AN, NH",0.2
2025-06-21T00:00:00.000,United States,Influenza,Race/Ethnicity,"Asian/NHOPI, NH",0.3
2025-06-21T00:00:00.000,United States,Influenza,Race/Ethnicity,"White, NH",0.1
2025-06-21T00:00:00.000,United States,Influenza,Race/Ethnicity,"Multiple/Other, NH",0.2
2025-06-21T00:00:00.000,United States,Influenza,Race/Ethnicity,Hispanic,0.3
2025-06-21T00:00:00.000,United States,Influenza,Age Group,18-49 years,0.1
2025-06-21T00:00:00.000,United States,Influenza,Age Group,5-17 years,0.3
2025-06-21T00:00:00.000,United States,Influenza,Age Group,65+ years,0.1
2025-06-21T00:00:00.000,United States,Influenza,Age Group,<1 year,0.3
2025-06-21T00:00:00.000,United States,Influenza,Age Group,1-4 years,0.4
2025-06-21T00:00:00.000,United States,Influenza,Age Group,50-64 years,0.1
2025-06-21T00:00:00.000,United States,Influenza,Sex,Female,0.2
2025-06-21T00:00:00.000,United States,Influenza,Sex,Other,0.0
2025-06-21T00:00:00.000,United States,Influenza,Sex,Invalid,0.0
2025-06-21T00:00:00.000,United States,Influenza,Sex,Male,0.2
2025-06-21T00:00:00.000,United States,Combined,Race/Ethnicity,"Black, NH",0.5
2025-06-21T00:00:00.000,United States,Combined,Race/Ethnicity,"AI/AN, NH",0.5
2025-06-21T00:00:00.000,United States,Combined,Race/Ethnicity,"Asian/NHOPI, NH",0.9
2025-06-21T00:00:00.000,United States,Combined,Race/Ethnicity,"White, NH",0.4
2025-06-21T00:00:00.000,United States,Combined,Race/Ethnicity,"Multiple/Other, NH",0.6
2025-06-21T00:00:00.000,United States,Combined,Race/Ethnicity,Hispanic,0.9
2025-06-21T00:00:00.000,United States,Combined,Age Group,18-49 years,0.4
2025-06-21T00:00:00.000,United States,Combined,Age Group,5-17 years,0.5
2025-06-21T00:00:00.000,United States,Combined,Age Group,65+ years,0.6
2025-06-21T00:00:00.000,United States,Combined,Age Group,<1 year,2.2
2025-06-21T00:00:00.000,United States,Combined,Age Group,1-4 years,1.0
2025-06-21T00:00:00.000,United States,Combined,Age Group,50-64 years,0.4
2025-06-21T00:00:00.000,United States,Combined,Sex,Female,0.6
2025-06-21T00:00:00.000,United States,RSV,Race/Ethnicity,"Black, NH",0.0
2025-06-21T00:00:00.000,United States,Combined,Sex,Other,0.0
2025-06-21T00:00:00.000,United States,Combined,Sex,Invalid,0.0
2025-06-21T00:00:00.000,United States,Combined,Sex,Male,0.5
2025-06-21T00:00:00.000,United States,COVID-19,Race/Ethnicity,"Black, NH",0.4
2025-06-21T00:00:00.000,United States,COVID-19,Race/Ethnicity,"AI/AN, NH",0.4
2025-06-21T00:00:00.000,United States,COVID-19,Race/Ethnicity,"Asian/NHOPI, NH",0.6
2025-06-21T00:00:00.000,United States,COVID-19,Race/Ethnicity,"White, NH",0.3
2025-06-21T00:00:00.000,United States,COVID-19,Race/Ethnicity,"Multiple/Other, NH",0.4
2025-06-21T00:00:00.000,United States,COVID-19,Race/Ethnicity,Hispanic,0.6
2025-06-21T00:00:00.000,United States,COVID-19,Age Group,18-49 years,0.3
2025-06-21T00:00:00.000,United States,COVID-19,Age Group,5-17 years,0.2
2025-06-21T00:00:00.000,United States,COVID-19,Age Group,65+ years,0.5
2025-06-21T00:00:00.000,United States,COVID-19,Age Group,<1 year,1.6
2025-06-21T00:00:00.000,United States,COVID-19,Age Group,1-4 years,0.5
2025-06-21T00:00:00.000,United States,COVID-19,Age Group,50-64 years,0.3
2025-06-21T00:00:00.000,United States,COVID-19,Sex,Female,0.4
2025-06-14T00:00:00.000,United States,COVID-19,Sex,Female,0.4
2025-06-14T00:00:00.000,United States,COVID-19,Sex,Invalid,0.0
2025-06-14T00:00:00.000,United States,COVID-19,Sex,Male,0.3
2025-06-14T00:00:00.000,United States,RSV,Race/Ethnicity,"Black, NH",0.0
2025-06-14T00:00:00.000,United States,RSV,Race/Ethnicity,"AI/AN, NH",0.0
2025-06-14T00:00:00.000,United States,RSV,Race/Ethnicity,"Asian/NHOPI, NH",0.0
2025-06-14T00:00:00.000,United States,RSV,Race/Ethnicity,"White, NH",0.0
2025-06-14T00:00:00.000,United States,RSV,Race/Ethnicity,"Multiple/Other, NH",0.0
2025-06-14T00:00:00.000,United States,RSV,Race/Ethnicity,Hispanic,0.0
2025-06-14T00:00:00.000,United States,RSV,Age Group,18-49 years,0.0
2025-06-14T00:00:00.000,United States,RSV,Age Group,5-17 years,0.0
2025-06-14T00:00:00.000,United States,RSV,Age Group,65+ years,0.0
2025-06-14T00:00:00.000,United States,RSV,Age Group,<1 year,0.3
2025-06-14T00:00:00.000,United States,RSV,Age Group,1-4 years,0.2
2025-06-14T00:00:00.000,United States,RSV,Age Group,50-64 years,0.0
2025-06-14T00:00:00.000,United States,RSV,Sex,Female,0.0
2025-06-14T00:00:00.000,United States,RSV,Sex,Other,0.0
2025-06-14T00:00:00.000,United States,RSV,Sex,Invalid,0.0
2025-06-14T00:00:00.000,United States,RSV,Sex,Male,0.0
2025-06-14T00:00:00.000,United States,Influenza,Race/Ethnicity,"Black, NH",0.2
2025-06-14T00:00:00.000,United States,Influenza,Race/Ethnicity,"AI/AN, NH",0.2
2025-06-14T00:00:00.000,United States,Influenza,Race/Ethnicity,"Asian/NHOPI, NH",0.4
2025-06-14T00:00:00.000,United States,Influenza,Race/Ethnicity,"White, NH",0.1
2025-06-14T00:00:00.000,United States,Influenza,Race/Ethnicity,"Multiple/Other, NH",0.2
2025-06-14T00:00:00.000,United States,Influenza,Race/Ethnicity,Hispanic,0.3
2025-06-14T00:00:00.000,United States,Influenza,Age Group,18-49 years,0.2
2025-06-14T00:00:00.000,United States,Influenza,Age Group,5-17 years,0.4
2025-06-14T00:00:00.000,United States,Influenza,Age Group,65+ years,0.1
2025-06-14T00:00:00.000,United States,Influenza,Age Group,<1 year,0.3
2025-06-14T00:00:00.000,United States,Influenza,Age Group,1-4 years,0.5
2025-06-14T00:00:00.000,United States,Influenza,Age Group,50-64 years,0.1
2025-06-14T00:00:00.000,United States,Influenza,Sex,Female,0.2
2025-06-14T00:00:00.000,United States,Influenza,Sex,Other,0.0
2025-06-14T00:00:00.000,United States,Influenza,Sex,Invalid,0.0
2025-06-14T00:00:00.000,United States,Influenza,Sex,Male,0.2
2025-06-14T00:00:00.000,United States,Combined,Race/Ethnicity,"Black, NH",0.5
2025-06-14T00:00:00.000,United States,Combined,Race/Ethnicity,"AI/AN, NH",0.6
2025-06-14T00:00:00.000,United States,Combined,Race/Ethnicity,"Asian/NHOPI, NH",1.1
2025-06-14T00:00:00.000,United States,Combined,Race/Ethnicity,"White, NH",0.4
2025-06-14T00:00:00.000,United States,Combined,Race/Ethnicity,"Multiple/Other, NH",0.6
2025-06-14T00:00:00.000,United States,Combined,Race/Ethnicity,Hispanic,0.9
2025-06-14T00:00:00.000,United States,Combined,Age Group,18-49 years,0.4
2025-06-14T00:00:00.000,United States,Combined,Age Group,5-17 years,0.6
2025-06-14T00:00:00.000,United States,Combined,Age Group,65+ years,0.6
2025-06-14T00:00:00.000,United States,Combined,Age Group,<1 year,2.0
2025-06-14T00:00:00.000,United States,Combined,Age Group,1-4 years,1.1
2025-06-14T00:00:00.000,United States,Combined,Age Group,50-64 years,0.4
2025-06-14T00:00:00.000,United States,Combined,Sex,Female,0.6
2025-06-14T00:00:00.000,United States,Combined,Sex,Other,0.0
2025-06-14T00:00:00.000,United States,Combined,Sex,Invalid,0.0
2025-06-14T00:00:00.000,United States,Combined,Sex,Male,0.5
2025-06-14T00:00:00.000,United States,COVID-19,Race/Ethnicity,"Black, NH",0.3
2025-06-14T00:00:00.000,United States,COVID-19,Race/Ethnicity,"AI/AN, NH",0.4
2025-06-14T00:00:00.000,United States,COVID-19,Race/Ethnicity,"Asian/NHOPI, NH",0.7
2025-06-14T00:00:00.000,United States,COVID-19,Race/Ethnicity,"White, NH",0.3
2025-06-14T00:00:00.000,United States,COVID-19,Race/Ethnicity,"Multiple/Other, NH",0.4
2025-06-14T00:00:00.000,United States,COVID-19,Race/Ethnicity,Hispanic,0.5
2025-06-14T00:00:00.000,United States,COVID-19,Age Group,18-49 years,0.3
2025-06-14T00:00:00.000,United States,COVID-19,Age Group,5-17 years,0.1
2025-06-14T00:00:00.000,United States,COVID-19,Age Group,65+ years,0.5
2025-06-14T00:00:00.000,United States,COVID-19,Age Group,<1 year,1.4
2025-06-14T00:00:00.000,United States,COVID-19,Age Group,1-4 years,0.5
2025-06-14T00:00:00.000,United States,COVID-19,Age Group,50-64 years,0.3
2025-06-14T00:00:00.000,United States,COVID-19,Sex,Other,0.0
2025-06-07T00:00:00.000,United States,COVID-19,Sex,Female,0.4
2025-06-07T00:00:00.000,United States,COVID-19,Sex,Invalid,0.0
2025-06-07T00:00:00.000,United States,COVID-19,Sex,Male,0.3
2025-06-07T00:00:00.000,United States,COVID-19,Sex,Other,0.0
2025-06-07T00:00:00.000,United States,RSV,Race/Ethnicity,"Black, NH",0.0
2025-06-07T00:00:00.000,United States,RSV,Race/Ethnicity,"AI/AN, NH",0.0
2025-06-07T00:00:00.000,United States,RSV,Race/Ethnicity,"Asian/NHOPI, NH",0.0
2025-06-07T00:00:00.000,United States,RSV,Race/Ethnicity,"White, NH",0.0
2025-06-07T00:00:00.000,United States,RSV,Race/Ethnicity,"Multiple/Other, NH",0.0
2025-06-07T00:00:00.000,United States,RSV,Race/Ethnicity,Hispanic,0.0
2025-06-07T00:00:00.000,United States,RSV,Age Group,18-49 years,0.0
2025-06-07T00:00:00.000,United States,RSV,Age Group,5-17 years,0.0
2025-06-07T00:00:00.000,United States,RSV,Age Group,65+ years,0.0
2025-06-07T00:00:00.000,United States,RSV,Age Group,<1 year,0.4
2025-06-07T00:00:00.000,United States,RSV,Age Group,1-4 years,0.2
2025-06-07T00:00:00.000,United States,RSV,Age Group,50-64 years,0.0
2025-06-07T00:00:00.000,United States,RSV,Sex,Female,0.0
2025-06-07T00:00:00.000,United States,RSV,Sex,Other,0.0
2025-06-07T00:00:00.000,United States,RSV,Sex,Invalid,0.0
2025-06-07T00:00:00.000,United States,RSV,Sex,Male,0.0
2025-06-07T00:00:00.000,United States,Influenza,Race/Ethnicity,"Black, NH",0.2
2025-06-07T00:00:00.000,United States,Influenza,Race/Ethnicity,"AI/AN, NH",0.3
2025-06-07T00:00:00.000,United States,Influenza,Race/Ethnicity,"Asian/NHOPI, NH",0.5
2025-06-07T00:00:00.000,United States,Influenza,Race/Ethnicity,"White, NH",0.2
2025-06-07T00:00:00.000,United States,Influenza,Race/Ethnicity,"Multiple/Other, NH",0.2
2025-06-07T00:00:00.000,United States,Influenza,Race/Ethnicity,Hispanic,0.4
2025-06-07T00:00:00.000,United States,Influenza,Age Group,18-49 years,0.2
2025-06-07T00:00:00.000,United States,Influenza,Age Group,5-17 years,0.5
2025-06-07T00:00:00.000,United States,Influenza,Age Group,65+ years,0.1
2025-06-07T00:00:00.000,United States,Influenza,Age Group,<1 year,0.4
2025-06-07T00:00:00.000,United States,Influenza,Age Group,1-4 years,0.5
2025-06-07T00:00:00.000,United States,Influenza,Age Group,50-64 years,0.1
2025-06-07T00:00:00.000,United States,Influenza,Sex,Female,0.2
2025-06-07T00:00:00.000,United States,Influenza,Sex,Other,0.0
2025-06-07T00:00:00.000,United States,Influenza,Sex,Invalid,0.0
2025-06-07T00:00:00.000,United States,Influenza,Sex,Male,0.2
2025-06-07T00:00:00.000,United States,Combined,Race/Ethnicity,"Black, NH",0.6
2025-06-07T00:00:00.000,United States,Combined,Race/Ethnicity,"AI/AN, NH",0.6
2025-06-07T00:00:00.000,United States,Combined,Race/Ethnicity,"Asian/NHOPI, NH",1.2
2025-06-07T00:00:00.000,United States,Combined,Race/Ethnicity,"White, NH",0.5
2025-06-07T00:00:00.000,United States,Combined,Race/Ethnicity,"Multiple/Other, NH",0.6
2025-06-07T00:00:00.000,United States,Combined,Race/Ethnicity,Hispanic,0.9
2025-06-07T00:00:00.000,United States,Combined,Age Group,18-49 years,0.5
2025-06-07T00:00:00.000,United States,Combined,Age Group,5-17 years,0.7
2025-06-07T00:00:00.000,United States,Combined,Age Group,65+ years,0.6
2025-06-07T00:00:00.000,United States,Combined,Age Group,<1 year,2.1
2025-06-07T00:00:00.000,United States,Combined,Age Group,1-4 years,1.1
2025-06-07T00:00:00.000,United States,Combined,Age Group,50-64 years,0.5
2025-06-07T00:00:00.000,United States,Combined,Sex,Female,0.6
2025-06-07T00:00:00.000,United States,Combined,Sex,Other,0.0
2025-06-07T00:00:00.000,United States,Combined,Sex,Invalid,0.0
2025-06-07T00:00:00.000,United States,Combined,Sex,Male,0.6
2025-06-07T00:00:00.000,United States,COVID-19,Race/Ethnicity,"Black, NH",0.4
2025-06-07T00:00:00.000,United States,COVID-19,Race/Ethnicity,"AI/AN, NH",0.4
2025-06-07T00:00:00.000,United States,COVID-19,Race/Ethnicity,"Asian/NHOPI, NH",0.7
2025-06-07T00:00:00.000,United States,COVID-19,Race/Ethnicity,"White, NH",0.3
2025-06-07T00:00:00.000,United States,COVID-19,Race/Ethnicity,"Multiple/Other, NH",0.4
2025-06-07T00:00:00.000,United States,COVID-19,Race/Ethnicity,Hispanic,0.5
2025-06-07T00:00:00.000,United States,COVID-19,Age Group,18-49 years,0.3
2025-06-07T00:00:00.000,United States,COVID-19,Age Group,5-17 years,0.2
2025-06-07T00:00:00.000,United States,COVID-19,Age Group,65+ years,0.5
2025-06-07T00:00:00.000,United States,COVID-19,Age Group,<1 year,1.3
2025-06-07T00:00:00.000,United States,COVID-19,Age Group,1-4 years,0.4
2025-06-07T00:00:00.000,United States,COVID-19,Age Group,50-64 years,0.3
2025-05-31T00:00:00.000,United States,Combined,Age Group,5-17 years,1.0
2025-05-31T00:00:00.000,United States,COVID-19,Sex,Male,0.3
2025-05-31T00:00:00.000,United States,COVID-19,Sex,Invalid,0.0
2025-05-31T00:00:00.000,United States,COVID-19,Sex,Other,0.0
2025-05-31T00:00:00.000,United States,COVID-19,Sex,Female,0.4
2025-05-31T00:00:00.000,United States,COVID-19,Age Group,50-64 years,0.3
2025-05-31T00:00:00.000,United States,COVID-19,Age Group,1-4 years,0.4
2025-05-31T00:00:00.000,United States,COVID-19,Age Group,<1 year,1.3
2025-05-31T00:00:00.000,United States,COVID-19,Age Group,65+ years,0.5
2025-05-31T00:00:00.000,United States,COVID-19,Age Group,5-17 years,0.2
2025-05-31T00:00:00.000,United States,COVID-19,Age Group,18-49 years,0.3
2025-05-31T00:00:00.000,United States,COVID-19,Race/Ethnicity,Hispanic,0.5
2025-05-31T00:00:00.000,United States,COVID-19,Race/Ethnicity,"Multiple/Other, NH",0.4
2025-05-31T00:00:00.000,United States,COVID-19,Race/Ethnicity,"White, NH",0.3
2025-05-31T00:00:00.000,United States,COVID-19,Race/Ethnicity,"Asian/NHOPI, NH",0.7
2025-05-31T00:00:00.000,United States,COVID-19,Race/Ethnicity,"AI/AN, NH",0.5
2025-05-31T00:00:00.000,United States,COVID-19,Race/Ethnicity,"Black, NH",0.3
2025-05-31T00:00:00.000,United States,Combined,Sex,Male,0.6
2025-05-31T00:00:00.000,United States,Combined,Sex,Invalid,0.0
2025-05-31T00:00:00.000,United States,Combined,Sex,Other,0.0
2025-05-31T00:00:00.000,United States,Combined,Sex,Female,0.7
2025-05-31T00:00:00.000,United States,Combined,Age Group,50-64 years,0.5
2025-05-31T00:00:00.000,United States,Combined,Age Group,1-4 years,1.3
2025-05-31T00:00:00.000,United States,Combined,Age Group,<1 year,2.1
2025-05-31T00:00:00.000,United States,Combined,Age Group,65+ years,0.7
2025-05-31T00:00:00.000,United States,Combined,Age Group,18-49 years,0.5
2025-05-31T00:00:00.000,United States,Combined,Race/Ethnicity,Hispanic,1.0
2025-05-31T00:00:00.000,United States,Combined,Race/Ethnicity,"Multiple/Other, NH",0.7
2025-05-31T00:00:00.000,United States,Combined,Race/Ethnicity,"White, NH",0.5
2025-05-31T00:00:00.000,United States,Combined,Race/Ethnicity,"Asian/NHOPI, NH",1.2
2025-05-31T00:00:00.000,United States,Combined,Race/Ethnicity,"AI/AN, NH",0.8
2025-05-31T00:00:00.000,United States,Combined,Race/Ethnicity,"Black, NH",0.7
2025-05-31T00:00:00.000,United States,Influenza,Sex,Male,0.3
2025-05-31T00:00:00.000,United States,Influenza,Sex,Invalid,0.0
2025-05-31T00:00:00.000,United States,Influenza,Sex,Other,0.0
2025-05-31T00:00:00.000,United States,Influenza,Sex,Female,0.3
2025-05-31T00:00:00.000,United States,Influenza,Age Group,50-64 years,0.2
2025-05-31T00:00:00.000,United States,Influenza,Age Group,1-4 years,0.7
2025-05-31T00:00:00.000,United States,Influenza,Age Group,<1 year,0.5
2025-05-31T00:00:00.000,United States,Influenza,Age Group,65+ years,0.1
2025-05-31T00:00:00.000,United States,Influenza,Age Group,5-17 years,0.8
2025-05-31T00:00:00.000,United States,Influenza,Age Group,18-49 years,0.2
2025-05-31T00:00:00.000,United States,Influenza,Race/Ethnicity,Hispanic,0.5
2025-05-31T00:00:00.000,United States,Influenza,Race/Ethnicity,"Multiple/Other, NH",0.3
2025-05-31T00:00:00.000,United States,Influenza,Race/Ethnicity,"White, NH",0.2
2025-05-31T00:00:00.000,United States,Influenza,Race/Ethnicity,"Asian/NHOPI, NH",0.5
2025-05-31T00:00:00.000,United States,Influenza,Race/Ethnicity,"AI/AN, NH",0.3
2025-05-31T00:00:00.000,United States,Influenza,Race/Ethnicity,"Black, NH",0.3
2025-05-31T00:00:00.000,United States,RSV,Sex,Male,0.0
2025-05-31T00:00:00.000,United States,RSV,Sex,Invalid,0.0
2025-05-31T00:00:00.000,United States,RSV,Sex,Other,0.0
2025-05-31T00:00:00.000,United States,RSV,Sex,Female,0.0
2025-05-31T00:00:00.000,United States,RSV,Age Group,50-64 years,0.0
2025-05-31T00:00:00.000,United States,RSV,Age Group,1-4 years,0.3
2025-05-31T00:00:00.000,United States,RSV,Age Group,<1 year,0.4
2025-05-31T00:00:00.000,United States,RSV,Age Group,65+ years,0.0
2025-05-31T00:00:00.000,United States,RSV,Age Group,5-17 years,0.0
2025-05-31T00:00:00.000,United States,RSV,Age Group,18-49 years,0.0
2025-05-31T00:00:00.000,United States,RSV,Race/Ethnicity,Hispanic,0.0
2025-05-31T00:00:00.000,United States,RSV,Race/Ethnicity,"Multiple/Other, NH",0.0
2025-05-31T00:00:00.000,United States,RSV,Race/Ethnicity,"White, NH",0.0
2025-05-31T00:00:00.000,United States,RSV,Race/Ethnicity,"Asian/NHOPI, NH",0.0
2025-05-31T00:00:00.000,United States,RSV,Race/Ethnicity,"AI/AN, NH",0.0
2025-05-31T00:00:00.000,United States,RSV,Race/Ethnicity,"Black, NH",0.0
2025-05-24T00:00:00.000,United States,COVID-19,Age Group,50-64 years,0.3
2025-05-24T00:00:00.000,United States,COVID-19,Age Group,1-4 years,0.4
2025-05-24T00:00:00.000,United States,RSV,Race/Ethnicity,"AI/AN, NH",0.0
2025-05-24T00:00:00.000,United States,RSV,Race/Ethnicity,"Black, NH",0.0
2025-05-24T00:00:00.000,United States,COVID-19,Age Group,<1 year,1.2
2025-05-24T00:00:00.000,United States,COVID-19,Age Group,65+ years,0.5
2025-05-24T00:00:00.000,United States,COVID-19,Age Group,5-17 years,0.2
2025-05-24T00:00:00.000,United States,COVID-19,Age Group,18-49 years,0.3
2025-05-24T00:00:00.000,United States,COVID-19,Race/Ethnicity,Hispanic,0.4
2025-05-24T00:00:00.000,United States,COVID-19,Race/Ethnicity,"Multiple/Other, NH",0.3
2025-05-24T00:00:00.000,United States,COVID-19,Race/Ethnicity,"White, NH",0.3
2025-05-24T00:00:00.000,United States,COVID-19,Race/Ethnicity,"Asian/NHOPI, NH",0.6
2025-05-24T00:00:00.000,United States,COVID-19,Race/Ethnicity,"AI/AN, NH",0.4
2025-05-24T00:00:00.000,United States,COVID-19,Race/Ethnicity,"Black, NH",0.3
2025-05-24T00:00:00.000,United States,Combined,Sex,Male,0.6
2025-05-24T00:00:00.000,United States,Combined,Sex,Invalid,0.0
2025-05-24T00:00:00.000,United States,Combined,Sex,Other,0.0
2025-05-24T00:00:00.000,United States,Combined,Sex,Female,0.7
2025-05-24T00:00:00.000,United States,Combined,Age Group,50-64 years,0.4
2025-05-24T00:00:00.000,United States,Combined,Age Group,1-4 years,1.2
2025-05-24T00:00:00.000,United States,Combined,Age Group,<1 year,2.1
2025-05-24T00:00:00.000,United States,Combined,Age Group,65+ years,0.6
2025-05-24T00:00:00.000,United States,Combined,Age Group,5-17 years,1.1
2025-05-24T00:00:00.000,United States,Combined,Age Group,18-49 years,0.5
2025-05-24T00:00:00.000,United States,Combined,Race/Ethnicity,Hispanic,0.9
2025-05-24T00:00:00.000,United States,Combined,Race/Ethnicity,"Multiple/Other, NH",0.7
2025-05-24T00:00:00.000,United States,Combined,Race/Ethnicity,"White, NH",0.5
2025-05-24T00:00:00.000,United States,Combined,Race/Ethnicity,"Asian/NHOPI, NH",1.3
2025-05-24T00:00:00.000,United States,Combined,Race/Ethnicity,"AI/AN, NH",0.8
2025-05-24T00:00:00.000,United States,Combined,Race/Ethnicity,"Black, NH",0.7
2025-05-24T00:00:00.000,United States,Influenza,Sex,Male,0.3
2025-05-24T00:00:00.000,United States,Influenza,Sex,Invalid,0.0
2025-05-24T00:00:00.000,United States,COVID-19,Sex,Other,0.0
2025-05-24T00:00:00.000,United States,Influenza,Sex,Other,0.0
2025-05-24T00:00:00.000,United States,Influenza,Sex,Female,0.3
2025-05-24T00:00:00.000,United States,Influenza,Age Group,50-64 years,0.1
2025-05-24T00:00:00.000,United States,Influenza,Age Group,1-4 years,0.6
2025-05-24T00:00:00.000,United States,Influenza,Age Group,<1 year,0.5
2025-05-24T00:00:00.000,United States,Influenza,Age Group,65+ years,0.1
2025-05-24T00:00:00.000,United States,Influenza,Age Group,5-17 years,0.9
2025-05-24T00:00:00.000,United States,Influenza,Age Group,18-49 years,0.2
2025-05-24T00:00:00.000,United States,Influenza,Race/Ethnicity,Hispanic,0.5
2025-05-24T00:00:00.000,United States,Influenza,Race/Ethnicity,"Multiple/Other, NH",0.3
2025-05-24T00:00:00.000,United States,Influenza,Race/Ethnicity,"White, NH",0.2
2025-05-24T00:00:00.000,United States,Influenza,Race/Ethnicity,"Asian/NHOPI, NH",0.6
2025-05-24T00:00:00.000,United States,Influenza,Race/Ethnicity,"AI/AN, NH",0.3
2025-05-24T00:00:00.000,United States,Influenza,Race/Ethnicity,"Black, NH",0.3
2025-05-24T00:00:00.000,United States,RSV,Sex,Male,0.0
2025-05-24T00:00:00.000,United States,RSV,Sex,Invalid,0.0
2025-05-24T00:00:00.000,United States,RSV,Sex,Other,0.0
2025-05-24T00:00:00.000,United States,RSV,Sex,Female,0.0
2025-05-24T00:00:00.000,United States,RSV,Age Group,50-64 years,0.0
2025-05-24T00:00:00.000,United States,RSV,Age Group,1-4 years,0.2
2025-05-24T00:00:00.000,United States,RSV,Age Group,<1 year,0.5
2025-05-24T00:00:00.000,United States,RSV,Age Group,65+ years,0.0
2025-05-24T00:00:00.000,United States,RSV,Age Group,5-17 years,0.0
2025-05-24T00:00:00.000,United States,RSV,Age Group,18-49 years,0.0
2025-05-24T00:00:00.000,United States,RSV,Race/Ethnicity,Hispanic,0.0
2025-05-24T00:00:00.000,United States,RSV,Race/Ethnicity,"Multiple/Other, NH",0.0
2025-05-24T00:00:00.000,United States,RSV,Race/Ethnicity,"White, NH",0.0
2025-05-24T00:00:00.000,United States,RSV,Race/Ethnicity,"Asian/NHOPI, NH",0.0
2025-05-24T00:00:00.000,United States,COVID-19,Sex,Invalid,0.0
2025-05-24T00:00:00.000,United States,COVID-19,Sex,Male,0.3
2025-05-24T00:00:00.000,United States,COVID-19,Sex,Female,0.4
2025-05-17T00:00:00.000,United States,COVID-19,Sex,Other,0.0
2025-05-17T00:00:00.000,United States,RSV,Race/Ethnicity,"Black, NH",0.0
2025-05-17T00:00:00.000,United States,RSV,Race/Ethnicity,"AI/AN, NH",0.0
2025-05-17T00:00:00.000,United States,RSV,Race/Ethnicity,"Asian/NHOPI, NH",0.0
2025-05-17T00:00:00.000,United States,RSV,Race/Ethnicity,"White, NH",0.0
2025-05-17T00:00:00.000,United States,RSV,Race/Ethnicity,"Multiple/Other, NH",0.0
2025-05-17T00:00:00.000,United States,RSV,Race/Ethnicity,Hispanic,0.1
2025-05-17T00:00:00.000,United States,RSV,Age Group,18-49 years,0.0
2025-05-17T00:00:00.000,United States,RSV,Age Group,5-17 years,0.0
2025-05-17T00:00:00.000,United States,RSV,Age Group,65+ years,0.0
2025-05-17T00:00:00.000,United States,RSV,Age Group,<1 year,0.5
2025-05-17T00:00:00.000,United States,RSV,Age Group,1-4 years,0.3
2025-05-17T00:00:00.000,United States,RSV,Age Group,50-64 years,0.0
2025-05-17T00:00:00.000,United States,RSV,Sex,Female,0.0
2025-05-17T00:00:00.000,United States,RSV,Sex,Other,0.0
2025-05-17T00:00:00.000,United States,RSV,Sex,Invalid,0.0
2025-05-17T00:00:00.000,United States,RSV,Sex,Male,0.0
2025-05-17T00:00:00.000,United States,Influenza,Race/Ethnicity,"Black, NH",0.4
2025-05-17T00:00:00.000,United States,Influenza,Race/Ethnicity,"AI/AN, NH",0.3
2025-05-17T00:00:00.000,United States,Influenza,Race/Ethnicity,"Asian/NHOPI, NH",0.7
2025-05-17T00:00:00.000,United States,Influenza,Race/Ethnicity,"White, NH",0.2
2025-05-17T00:00:00.000,United States,Influenza,Race/Ethnicity,"Multiple/Other, NH",0.3
2025-05-17T00:00:00.000,United States,Influenza,Race/Ethnicity,Hispanic,0.6
2025-05-17T00:00:00.000,United States,Influenza,Age Group,18-49 years,0.3
2025-05-17T00:00:00.000,United States,Influenza,Age Group,5-17 years,1.0
2025-05-17T00:00:00.000,United States,Influenza,Age Group,65+ years,0.2
2025-05-17T00:00:00.000,United States,COVID-19,Sex,Male,0.3
2025-05-17T00:00:00.000,United States,Influenza,Age Group,<1 year,0.6
2025-05-17T00:00:00.000,United States,Influenza,Age Group,1-4 years,0.8
2025-05-17T00:00:00.000,United States,Influenza,Age Group,50-64 years,0.2
2025-05-17T00:00:00.000,United States,Influenza,Sex,Female,0.3
2025-05-17T00:00:00.000,United States,Influenza,Sex,Other,0.0
2025-05-17T00:00:00.000,United States,Influenza,Sex,Invalid,0.0
2025-05-17T00:00:00.000,United States,Influenza,Sex,Male,0.3
2025-05-17T00:00:00.000,United States,Combined,Race/Ethnicity,"Black, NH",0.7
2025-05-17T00:00:00.000,United States,Combined,Race/Ethnicity,"AI/AN, NH",0.6
2025-05-17T00:00:00.000,United States,Combined,Race/Ethnicity,"Asian/NHOPI, NH",1.3
2025-05-17T00:00:00.000,United States,Combined,Race/Ethnicity,"White, NH",0.6
2025-05-17T00:00:00.000,United States,Combined,Race/Ethnicity,"Multiple/Other, NH",0.7
2025-05-17T00:00:00.000,United States,Combined,Race/Ethnicity,Hispanic,1.1
2025-05-17T00:00:00.000,United States,Combined,Age Group,18-49 years,0.5
2025-05-17T00:00:00.000,United States,Combined,Age Group,5-17 years,1.2
2025-05-17T00:00:00.000,United States,Combined,Age Group,65+ years,0.7
2025-05-17T00:00:00.000,United States,Combined,Age Group,<1 year,2.4
2025-05-17T00:00:00.000,United States,Combined,Age Group,1-4 years,1.4
2025-05-17T00:00:00.000,United States,Combined,Age Group,50-64 years,0.5
2025-05-17T00:00:00.000,United States,Combined,Sex,Female,0.7
2025-05-17T00:00:00.000,United States,Combined,Sex,Other,0.0
2025-05-17T00:00:00.000,United States,Combined,Sex,Invalid,0.0
2025-05-17T00:00:00.000,United States,Combined,Sex,Male,0.7
2025-05-17T00:00:00.000,United States,COVID-19,Race/Ethnicity,"Black, NH",0.3
2025-05-17T00:00:00.000,United States,COVID-19,Race/Ethnicity,"AI/AN, NH",0.3
2025-05-17T00:00:00.000,United States,COVID-19,Race/Ethnicity,"Asian/NHOPI, NH",0.6
2025-05-17T00:00:00.000,United States,COVID-19,Race/Ethnicity,"White, NH",0.3
2025-05-17T00:00:00.000,United States,COVID-19,Race/Ethnicity,"Multiple/Other, NH",0.4
2025-05-17T00:00:00.000,United States,COVID-19,Race/Ethnicity,Hispanic,0.4
2025-05-17T00:00:00.000,United States,COVID-19,Age Group,18-49 years,0.3
2025-05-17T00:00:00.000,United States,COVID-19,Age Group,5-17 years,0.2
2025-05-17T00:00:00.000,United States,COVID-19,Age Group,65+ years,0.5
2025-05-17T00:00:00.000,United States,COVID-19,Age Group,<1 year,1.3
2025-05-17T00:00:00.000,United States,COVID-19,Age Group,1-4 years,0.4
2025-05-17T00:00:00.000,United States,COVID-19,Age Group,50-64 years,0.3
2025-05-17T00:00:00.000,United States,COVID-19,Sex,Female,0.4
2025-05-17T00:00:00.000,United States,COVID-19,Sex,Invalid,0.0
2025-05-10T00:00:00.000,United States,Influenza,Race/Ethnicity,"AI/AN, NH",0.4
2025-05-10T00:00:00.000,United States,COVID-19,Sex,Male,0.3
2025-05-10T00:00:00.000,United States,COVID-19,Sex,Invalid,0.0
2025-05-10T00:00:00.000,United States,COVID-19,Sex,Other,0.0
2025-05-10T00:00:00.000,United States,COVID-19,Sex,Female,0.4
2025-05-10T00:00:00.000,United States,COVID-19,Age Group,50-64 years,0.3
2025-05-10T00:00:00.000,United States,COVID-19,Age Group,1-4 years,0.4
2025-05-10T00:00:00.000,United States,COVID-19,Age Group,<1 year,1.2
2025-05-10T00:00:00.000,United States,COVID-19,Age Group,65+ years,0.5
2025-05-10T00:00:00.000,United States,COVID-19,Age Group,5-17 years,0.2
2025-05-10T00:00:00.000,United States,COVID-19,Age Group,18-49 years,0.3
2025-05-10T00:00:00.000,United States,COVID-19,Race/Ethnicity,Hispanic,0.4
2025-05-10T00:00:00.000,United States,COVID-19,Race/Ethnicity,"Multiple/Other, NH",0.3
2025-05-10T00:00:00.000,United States,COVID-19,Race/Ethnicity,"White, NH",0.3
2025-05-10T00:00:00.000,United States,COVID-19,Race/Ethnicity,"Asian/NHOPI, NH",0.5
2025-05-10T00:00:00.000,United States,COVID-19,Race/Ethnicity,"AI/AN, NH",0.4
2025-05-10T00:00:00.000,United States,COVID-19,Race/Ethnicity,"Black, NH",0.3
2025-05-10T00:00:00.000,United States,Combined,Sex,Male,0.7
2025-05-10T00:00:00.000,United States,Combined,Sex,Invalid,0.0
2025-05-10T00:00:00.000,United States,Combined,Sex,Other,0.0
2025-05-10T00:00:00.000,United States,Combined,Sex,Female,0.8
2025-05-10T00:00:00.000,United States,Combined,Age Group,50-64 years,0.5
2025-05-10T00:00:00.000,United States,Combined,Age Group,1-4 years,1.6
2025-05-10T00:00:00.000,United States,Combined,Age Group,<1 year,2.3
2025-05-10T00:00:00.000,United States,Combined,Age Group,65+ years,0.7
2025-05-10T00:00:00.000,United States,Combined,Age Group,5-17 years,1.3
2025-05-10T00:00:00.000,United States,Combined,Age Group,18-49 years,0.6
2025-05-10T00:00:00.000,United States,Combined,Race/Ethnicity,Hispanic,1.1
2025-05-10T00:00:00.000,United States,Combined,Race/Ethnicity,"Multiple/Other, NH",0.8
2025-05-10T00:00:00.000,United States,Combined,Race/Ethnicity,"White, NH",0.6
2025-05-10T00:00:00.000,United States,Combined,Race/Ethnicity,"Asian/NHOPI, NH",1.3
2025-05-10T00:00:00.000,United States,Combined,Race/Ethnicity,"AI/AN, NH",0.9
2025-05-10T00:00:00.000,United States,Combined,Race/Ethnicity,"Black, NH",0.7
2025-05-10T00:00:00.000,United States,Influenza,Sex,Male,0.4
2025-05-10T00:00:00.000,United States,Influenza,Sex,Invalid,0.0
2025-05-10T00:00:00.000,United States,Influenza,Sex,Other,0.0
2025-05-10T00:00:00.000,United States,Influenza,Sex,Female,0.4
2025-05-10T00:00:00.000,United States,Influenza,Age Group,50-64 years,0.2
2025-05-10T00:00:00.000,United States,Influenza,Age Group,1-4 years,0.9
2025-05-10T00:00:00.000,United States,Influenza,Age Group,<1 year,0.6
2025-05-10T00:00:00.000,United States,Influenza,Age Group,65+ years,0.2
2025-05-10T00:00:00.000,United States,Influenza,Age Group,5-17 years,1.1
2025-05-10T00:00:00.000,United States,Influenza,Age Group,18-49 years,0.3
2025-05-10T00:00:00.000,United States,Influenza,Race/Ethnicity,Hispanic,0.6
2025-05-10T00:00:00.000,United States,Influenza,Race/Ethnicity,"Multiple/Other, NH",0.4
2025-05-10T00:00:00.000,United States,Influenza,Race/Ethnicity,"White, NH",0.3
2025-05-10T00:00:00.000,United States,Influenza,Race/Ethnicity,"Asian/NHOPI, NH",0.7
2025-05-10T00:00:00.000,United States,RSV,Race/Ethnicity,"Black, NH",0.0
2025-05-10T00:00:00.000,United States,Influenza,Race/Ethnicity,"Black, NH",0.4
2025-05-10T00:00:00.000,United States,RSV,Sex,Male,0.1
2025-05-10T00:00:00.000,United States,RSV,Sex,Invalid,0.0
2025-05-10T00:00:00.000,United States,RSV,Sex,Other,0.0
2025-05-10T00:00:00.000,United States,RSV,Sex,Female,0.0
2025-05-10T00:00:00.000,United States,RSV,Age Group,50-64 years,0.0
2025-05-10T00:00:00.000,United States,RSV,Age Group,1-4 years,0.3
2025-05-10T00:00:00.000,United States,RSV,Age Group,<1 year,0.6
2025-05-10T00:00:00.000,United States,RSV,Age Group,65+ years,0.0
2025-05-10T00:00:00.000,United States,RSV,Age Group,5-17 years,0.0
2025-05-10T00:00:00.000,United States,RSV,Age Group,18-49 years,0.0
2025-05-10T00:00:00.000,United States,RSV,Race/Ethnicity,Hispanic,0.0
2025-05-10T00:00:00.000,United States,RSV,Race/Ethnicity,"Multiple/Other, NH",0.1
2025-05-10T00:00:00.000,United States,RSV,Race/Ethnicity,"White, NH",0.1
2025-05-10T00:00:00.000,United States,RSV,Race/Ethnicity,"Asian/NHOPI, NH",0.1
2025-05-10T00:00:00.000,United States,RSV,Race/Ethnicity,"AI/AN, NH",0.1
2025-05-03T00:00:00.000,United States,Combined,Race/Ethnicity,"White, NH",0.7
2025-05-03T00:00:00.000,United States,RSV,Race/Ethnicity,"Multiple/Other, NH",0.1
2025-05-03T00:00:00.000,United States,RSV,Race/Ethnicity,Hispanic,0.1
2025-05-03T00:00:00.000,United States,RSV,Age Group,18-49 years,0.0
2025-05-03T00:00:00.000,United States,RSV,Age Group,5-17 years,0.0
2025-05-03T00:00:00.000,United States,RSV,Age Group,65+ years,0.1
2025-05-03T00:00:00.000,United States,RSV,Age Group,<1 year,0.8
2025-05-03T00:00:00.000,United States,RSV,Age Group,1-4 years,0.4
2025-05-03T00:00:00.000,United States,RSV,Age Group,50-64 years,0.0
2025-05-03T00:00:00.000,United States,RSV,Sex,Female,0.1
2025-05-03T00:00:00.000,United States,RSV,Sex,Other,0.0
2025-05-03T00:00:00.000,United States,RSV,Sex,Invalid,0.0
2025-05-03T00:00:00.000,United States,RSV,Sex,Male,0.1
2025-05-03T00:00:00.000,United States,Influenza,Race/Ethnicity,"Black, NH",0.5
2025-05-03T00:00:00.000,United States,Influenza,Race/Ethnicity,"AI/AN, NH",0.6
2025-05-03T00:00:00.000,United States,Influenza,Race/Ethnicity,"Asian/NHOPI, NH",0.8
2025-05-03T00:00:00.000,United States,Influenza,Race/Ethnicity,"White, NH",0.3
2025-05-03T00:00:00.000,United States,Influenza,Race/Ethnicity,"Multiple/Other, NH",0.5
2025-05-03T00:00:00.000,United States,Influenza,Race/Ethnicity,Hispanic,0.7
2025-05-03T00:00:00.000,United States,Influenza,Age Group,18-49 years,0.4
2025-05-03T00:00:00.000,United States,Influenza,Age Group,5-17 years,1.2
2025-05-03T00:00:00.000,United States,Influenza,Age Group,65+ years,0.2
2025-05-03T00:00:00.000,United States,Influenza,Age Group,<1 year,0.7
2025-05-03T00:00:00.000,United States,Influenza,Age Group,1-4 years,1.0
2025-05-03T00:00:00.000,United States,Influenza,Age Group,50-64 years,0.2
2025-05-03T00:00:00.000,United States,Influenza,Sex,Female,0.4
2025-05-03T00:00:00.000,United States,Influenza,Sex,Other,0.0
2025-05-03T00:00:00.000,United States,Influenza,Sex,Invalid,0.0
2025-05-03T00:00:00.000,United States,Influenza,Sex,Male,0.4
2025-05-03T00:00:00.000,United States,Combined,Race/Ethnicity,"Black, NH",0.9
2025-05-03T00:00:00.000,United States,Combined,Race/Ethnicity,"AI/AN, NH",1.0
2025-05-03T00:00:00.000,United States,Combined,Race/Ethnicity,"Asian/NHOPI, NH",1.4
2025-05-03T00:00:00.000,United States,RSV,Race/Ethnicity,"Black, NH",0.1
2025-05-03T00:00:00.000,United States,Combined,Race/Ethnicity,"Multiple/Other, NH",0.9
2025-05-03T00:00:00.000,United States,Combined,Race/Ethnicity,Hispanic,1.2
2025-05-03T00:00:00.000,United States,Combined,Age Group,18-49 years,0.7
2025-05-03T00:00:00.000,United States,Combined,Age Group,5-17 years,1.4
2025-05-03T00:00:00.000,United States,Combined,Age Group,65+ years,0.8
2025-05-03T00:00:00.000,United States,Combined,Age Group,<1 year,2.8
2025-05-03T00:00:00.000,United States,Combined,Age Group,1-4 years,1.8
2025-05-03T00:00:00.000,United States,Combined,Age Group,50-64 years,0.6
2025-05-03T00:00:00.000,United States,Combined,Sex,Female,0.9
2025-05-03T00:00:00.000,United States,Combined,Sex,Other,0.0
2025-05-03T00:00:00.000,United States,Combined,Sex,Invalid,0.0
2025-05-03T00:00:00.000,United States,Combined,Sex,Male,0.9
2025-05-03T00:00:00.000,United States,COVID-19,Race/Ethnicity,"Black, NH",0.4
2025-05-03T00:00:00.000,United States,COVID-19,Race/Ethnicity,"AI/AN, NH",0.4
2025-05-03T00:00:00.000,United States,COVID-19,Race/Ethnicity,"Asian/NHOPI, NH",0.5
2025-05-03T00:00:00.000,United States,COVID-19,Race/Ethnicity,"White, NH",0.4
2025-05-03T00:00:00.000,United States,COVID-19,Race/Ethnicity,"Multiple/Other, NH",0.4
2025-05-03T00:00:00.000,United States,COVID-19,Race/Ethnicity,Hispanic,0.4
2025-05-03T00:00:00.000,United States,COVID-19,Age Group,18-49 years,0.3
2025-05-03T00:00:00.000,United States,COVID-19,Age Group,5-17 years,0.2
2025-05-03T00:00:00.000,United States,COVID-19,Age Group,65+ years,0.6
2025-05-03T00:00:00.000,United States,COVID-19,Age Group,<1 year,1.4
2025-05-03T00:00:00.000,United States,COVID-19,Age Group,1-4 years,0.4
2025-05-03T00:00:00.000,United States,COVID-19,Age Group,50-64 years,0.3
2025-05-03T00:00:00.000,United States,COVID-19,Sex,Female,0.4
2025-05-03T00:00:00.000,United States,COVID-19,Sex,Other,0.0
2025-05-03T00:00:00.000,United States,COVID-19,Sex,Invalid,0.0
2025-05-03T00:00:00.000,United States,COVID-19,Sex,Male,0.4
2025-05-03T00:00:00.000,United States,RSV,Race/Ethnicity,"White, NH",0.1
2025-05-03T00:00:00.000,United States,RSV,Race/Ethnicity,"Asian/NHOPI, NH",0.1
2025-05-03T00:00:00.000,United States,RSV,Race/Ethnicity,"AI/AN, NH",0.1
2025-04-26T00:00:00.000,United States,RSV,Race/Ethnicity,"Black, NH",0.1
2025-04-26T00:00:00.000,United States,COVID-19,Sex,Female,0.5
2025-04-26T00:00:00.000,United States,COVID-19,Age Group,50-64 years,0.4
2025-04-26T00:00:00.000,United States,COVID-19,Age Group,1-4 years,0.5
2025-04-26T00:00:00.000,United States,COVID-19,Age Group,<1 year,1.6
2025-04-26T00:00:00.000,United States,COVID-19,Age Group,65+ years,0.7
2025-04-26T00:00:00.000,United States,COVID-19,Age Group,5-17 years,0.2
2025-04-26T00:00:00.000,United States,COVID-19,Age Group,18-49 years,0.3
2025-04-26T00:00:00.000,United States,COVID-19,Race/Ethnicity,Hispanic,0.5
2025-04-26T00:00:00.000,United States,COVID-19,Race/Ethnicity,"Multiple/Other, NH",0.4
2025-04-26T00:00:00.000,United States,COVID-19,Race/Ethnicity,"White, NH",0.4
2025-04-26T00:00:00.000,United States,COVID-19,Race/Ethnicity,"Asian/NHOPI, NH",0.5
2025-04-26T00:00:00.000,United States,COVID-19,Race/Ethnicity,"AI/AN, NH",0.4
2025-04-26T00:00:00.000,United States,COVID-19,Race/Ethnicity,"Black, NH",0.4
2025-04-26T00:00:00.000,United States,Combined,Sex,Male,1.1
2025-04-26T00:00:00.000,United States,Combined,Sex,Invalid,0.0
2025-04-26T00:00:00.000,United States,Combined,Sex,Other,0.0
2025-04-26T00:00:00.000,United States,Combined,Sex,Female,1.1
2025-04-26T00:00:00.000,United States,Combined,Age Group,50-64 years,0.7
2025-04-26T00:00:00.000,United States,Combined,Age Group,1-4 years,2.4
2025-04-26T00:00:00.000,United States,Combined,Age Group,<1 year,3.5
2025-04-26T00:00:00.000,United States,Combined,Age Group,65+ years,1.0
2025-04-26T00:00:00.000,United States,Combined,Age Group,5-17 years,1.8
2025-04-26T00:00:00.000,United States,Combined,Age Group,18-49 years,0.9
2025-04-26T00:00:00.000,United States,Combined,Race/Ethnicity,Hispanic,1.4
2025-04-26T00:00:00.000,United States,Combined,Race/Ethnicity,"Multiple/Other, NH",1.1
2025-04-26T00:00:00.000,United States,Combined,Race/Ethnicity,"White, NH",1.0
2025-04-26T00:00:00.000,United States,Combined,Race/Ethnicity,"Asian/NHOPI, NH",1.6
2025-04-26T00:00:00.000,United States,Combined,Race/Ethnicity,"AI/AN, NH",1.5
2025-04-26T00:00:00.000,United States,Combined,Race/Ethnicity,"Black, NH",1.1
2025-04-26T00:00:00.000,United States,Influenza,Sex,Male,0.6
2025-04-26T00:00:00.000,United States,Influenza,Sex,Invalid,0.0
2025-04-26T00:00:00.000,United States,Influenza,Sex,Other,0.0
2025-04-26T00:00:00.000,United States,Influenza,Sex,Female,0.6
2025-04-26T00:00:00.000,United States,Influenza,Age Group,50-64 years,0.3
2025-04-26T00:00:00.000,United States,Influenza,Age Group,1-4 years,1.4
2025-04-26T00:00:00.000,United States,Influenza,Age Group,<1 year,0.9
2025-04-26T00:00:00.000,United States,Influenza,Age Group,65+ years,0.3
2025-04-26T00:00:00.000,United States,Influenza,Age Group,5-17 years,1.6
2025-04-26T00:00:00.000,United States,Influenza,Age Group,18-49 years,0.5
2025-04-26T00:00:00.000,United States,Influenza,Race/Ethnicity,Hispanic,0.9
2025-04-26T00:00:00.000,United States,Influenza,Race/Ethnicity,"Multiple/Other, NH",0.6
2025-04-26T00:00:00.000,United States,Influenza,Race/Ethnicity,"White, NH",0.4
2025-04-26T00:00:00.000,United States,Influenza,Race/Ethnicity,"Asian/NHOPI, NH",1.0
2025-04-26T00:00:00.000,United States,Influenza,Race/Ethnicity,"AI/AN, NH",0.9
2025-04-26T00:00:00.000,United States,Influenza,Race/Ethnicity,"Black, NH",0.7
2025-04-26T00:00:00.000,United States,RSV,Sex,Male,0.1
2025-04-26T00:00:00.000,United States,RSV,Sex,Invalid,0.0
2025-04-26T00:00:00.000,United States,RSV,Sex,Other,0.0
2025-04-26T00:00:00.000,United States,RSV,Sex,Female,0.1
2025-04-26T00:00:00.000,United States,RSV,Age Group,50-64 years,0.0
2025-04-26T00:00:00.000,United States,RSV,Age Group,1-4 years,0.5
2025-04-26T00:00:00.000,United States,RSV,Age Group,<1 year,1.0
2025-04-26T00:00:00.000,United States,RSV,Age Group,65+ years,0.1
2025-04-26T00:00:00.000,United States,RSV,Age Group,5-17 years,0.1
2025-04-26T00:00:00.000,United States,RSV,Age Group,18-49 years,0.0
2025-04-26T00:00:00.000,United States,RSV,Race/Ethnicity,Hispanic,0.1
2025-04-26T00:00:00.000,United States,RSV,Race/Ethnicity,"Multiple/Other, NH",0.1
2025-04-26T00:00:00.000,United States,RSV,Race/Ethnicity,"White, NH",0.1
2025-04-26T00:00:00.000,United States,RSV,Race/Ethnicity,"Asian/NHOPI, NH",0.1
2025-04-26T00:00:00.000,United States,RSV,Race/Ethnicity,"AI/AN, NH",0.2
2025-04-26T00:00:00.000,United States,COVID-19,Sex,Male,0.4
2025-04-26T00:00:00.000,United States,COVID-19,Sex,Invalid,0.0
2025-04-26T00:00:00.000,United States,COVID-19,Sex,Other,0.0
2025-04-19T00:00:00.000,United States,Combined,Race/Ethnicity,"Asian/NHOPI, NH",1.8
2025-04-19T00:00:00.000,United States,RSV,Race/Ethnicity,"Black, NH",0.1
2025-04-19T00:00:00.000,United States,RSV,Race/Ethnicity,"AI/AN, NH",0.1
2025-04-19T00:00:00.000,United States,RSV,Race/Ethnicity,"Asian/NHOPI, NH",0.1
2025-04-19T00:00:00.000,United States,RSV,Race/Ethnicity,"White, NH",0.1
2025-04-19T00:00:00.000,United States,RSV,Race/Ethnicity,"Multiple/Other, NH",0.1
2025-04-19T00:00:00.000,United States,RSV,Race/Ethnicity,Hispanic,0.1
2025-04-19T00:00:00.000,United States,RSV,Age Group,18-49 years,0.0
2025-04-19T00:00:00.000,United States,RSV,Age Group,5-17 years,0.1
2025-04-19T00:00:00.000,United States,RSV,Age Group,65+ years,0.1
2025-04-19T00:00:00.000,United States,RSV,Age Group,<1 year,1.2
2025-04-19T00:00:00.000,United States,RSV,Age Group,1-4 years,0.7
2025-04-19T00:00:00.000,United States,RSV,Age Group,50-64 years,0.1
2025-04-19T00:00:00.000,United States,RSV,Sex,Female,0.1
2025-04-19T00:00:00.000,United States,RSV,Sex,Other,0.0
2025-04-19T00:00:00.000,United States,RSV,Sex,Invalid,0.0
2025-04-19T00:00:00.000,United States,RSV,Sex,Male,0.1
2025-04-19T00:00:00.000,United States,Influenza,Race/Ethnicity,"Black, NH",0.8
2025-04-19T00:00:00.000,United States,Influenza,Race/Ethnicity,"AI/AN, NH",1.0
2025-04-19T00:00:00.000,United States,Influenza,Race/Ethnicity,"Asian/NHOPI, NH",1.2
2025-04-19T00:00:00.000,United States,Influenza,Race/Ethnicity,"White, NH",0.5
2025-04-19T00:00:00.000,United States,Influenza,Race/Ethnicity,"Multiple/Other, NH",0.8
2025-04-19T00:00:00.000,United States,Influenza,Race/Ethnicity,Hispanic,1.1
2025-04-19T00:00:00.000,United States,Influenza,Age Group,18-49 years,0.6
2025-04-19T00:00:00.000,United States,Influenza,Age Group,5-17 years,2.1
2025-04-19T00:00:00.000,United States,Influenza,Age Group,65+ years,0.3
2025-04-19T00:00:00.000,United States,Influenza,Age Group,<1 year,1.1
2025-04-19T00:00:00.000,United States,Influenza,Age Group,1-4 years,1.7
2025-04-19T00:00:00.000,United States,Influenza,Age Group,50-64 years,0.4
2025-04-19T00:00:00.000,United States,Influenza,Sex,Female,0.7
2025-04-19T00:00:00.000,United States,Influenza,Sex,Other,2.2
2025-04-19T00:00:00.000,United States,Influenza,Sex,Invalid,2.0
2025-04-19T00:00:00.000,United States,Influenza,Sex,Male,0.7
2025-04-19T00:00:00.000,United States,Combined,Race/Ethnicity,"Black, NH",1.4
2025-04-19T00:00:00.000,United States,Combined,Race/Ethnicity,"AI/AN, NH",1.5
2025-04-19T00:00:00.000,United States,Combined,Race/Ethnicity,"White, NH",1.1
2025-04-19T00:00:00.000,United States,Combined,Race/Ethnicity,"Multiple/Other, NH",1.3
2025-04-19T00:00:00.000,United States,Combined,Race/Ethnicity,Hispanic,1.7
2025-04-19T00:00:00.000,United States,Combined,Age Group,18-49 years,1.0
2025-04-19T00:00:00.000,United States,Combined,Age Group,5-17 years,2.4
2025-04-19T00:00:00.000,United States,Combined,Age Group,65+ years,1.1
2025-04-19T00:00:00.000,United States,Combined,Age Group,<1 year,3.9
2025-04-19T00:00:00.000,United States,Combined,Age Group,1-4 years,2.8
2025-04-19T00:00:00.000,United States,Combined,Age Group,50-64 years,0.8
2025-04-19T00:00:00.000,United States,Combined,Sex,Female,1.3
2025-04-19T00:00:00.000,United States,Combined,Sex,Other,2.2
2025-04-19T00:00:00.000,United States,Combined,Sex,Invalid,2.0
2025-04-19T00:00:00.000,United States,Combined,Sex,Male,1.3
2025-04-19T00:00:00.000,United States,COVID-19,Race/Ethnicity,"Black, NH",0.5
2025-04-19T00:00:00.000,United States,COVID-19,Race/Ethnicity,"AI/AN, NH",0.4
2025-04-19T00:00:00.000,United States,COVID-19,Race/Ethnicity,"Asian/NHOPI, NH",0.5
2025-04-19T00:00:00.000,United States,COVID-19,Race/Ethnicity,"White, NH",0.5
2025-04-19T00:00:00.000,United States,COVID-19,Race/Ethnicity,"Multiple/Other, NH",0.4
2025-04-19T00:00:00.000,United States,COVID-19,Race/Ethnicity,Hispanic,0.5
2025-04-19T00:00:00.000,United States,COVID-19,Age Group,18-49 years,0.4
2025-04-19T00:00:00.000,United States,COVID-19,Age Group,5-17 years,0.3
2025-04-19T00:00:00.000,United States,COVID-19,Age Group,65+ years,0.7
2025-04-19T00:00:00.000,United States,COVID-19,Age Group,<1 year,1.7
2025-04-19T00:00:00.000,United States,COVID-19,Age Group,1-4 years,0.6
2025-04-19T00:00:00.000,United States,COVID-19,Age Group,50-64 years,0.4
2025-04-19T00:00:00.000,United States,COVID-19,Sex,Female,0.5
2025-04-19T00:00:00.000,United States,COVID-19,Sex,Other,0.0
2025-04-19T00:00:00.000,United States,COVID-19,Sex,Invalid,0.0
2025-04-19T00:00:00.000,United States,COVID-19,Sex,Male,0.4
2025-04-12T00:00:00.000,United States,Combined,Race/Ethnicity,"Black, NH",1.4
2025-04-12T00:00:00.000,United States,COVID-19,Sex,Other,0.0
2025-04-12T00:00:00.000,United States,COVID-19,Sex,Female,0.5
2025-04-12T00:00:00.000,United States,COVID-19,Age Group,50-64 years,0.4
2025-04-12T00:00:00.000,United States,COVID-19,Age Group,1-4 years,0.6
2025-04-12T00:00:00.000,United States,COVID-19,Age Group,<1 year,1.7
2025-04-12T00:00:00.000,United States,COVID-19,Age Group,65+ years,0.7
2025-04-12T00:00:00.000,United States,COVID-19,Age Group,5-17 years,0.3
2025-04-12T00:00:00.000,United States,COVID-19,Age Group,18-49 years,0.4
2025-04-12T00:00:00.000,United States,COVID-19,Race/Ethnicity,Hispanic,0.5
2025-04-12T00:00:00.000,United States,COVID-19,Race/Ethnicity,"Multiple/Other, NH",0.5
2025-04-12T00:00:00.000,United States,COVID-19,Race/Ethnicity,"White, NH",0.5
2025-04-12T00:00:00.000,United States,COVID-19,Race/Ethnicity,"Asian/NHOPI, NH",0.5
2025-04-12T00:00:00.000,United States,COVID-19,Race/Ethnicity,"AI/AN, NH",0.5
2025-04-12T00:00:00.000,United States,COVID-19,Race/Ethnicity,"Black, NH",0.5
2025-04-12T00:00:00.000,United States,Combined,Sex,Male,1.5
2025-04-12T00:00:00.000,United States,Combined,Sex,Invalid,0.0
2025-04-12T00:00:00.000,United States,Combined,Sex,Other,0.0
2025-04-12T00:00:00.000,United States,Combined,Sex,Female,1.5
2025-04-12T00:00:00.000,United States,Combined,Age Group,50-64 years,0.9
2025-04-12T00:00:00.000,United States,Combined,Age Group,1-4 years,3.5
2025-04-12T00:00:00.000,United States,Combined,Age Group,<1 year,4.4
2025-04-12T00:00:00.000,United States,Combined,Age Group,65+ years,1.3
2025-04-12T00:00:00.000,United States,Combined,Age Group,5-17 years,2.7
2025-04-12T00:00:00.000,United States,Combined,Age Group,18-49 years,1.1
2025-04-12T00:00:00.000,United States,Combined,Race/Ethnicity,Hispanic,1.9
2025-04-12T00:00:00.000,United States,Combined,Race/Ethnicity,"Multiple/Other, NH",1.6
2025-04-12T00:00:00.000,United States,Combined,Race/Ethnicity,"White, NH",1.3
2025-04-12T00:00:00.000,United States,Combined,Race/Ethnicity,"Asian/NHOPI, NH",2.1
2025-04-12T00:00:00.000,United States,Combined,Race/Ethnicity,"AI/AN, NH",1.9
2025-04-12T00:00:00.000,United States,RSV,Race/Ethnicity,"Black, NH",0.1
2025-04-12T00:00:00.000,United States,Influenza,Sex,Male,0.8
2025-04-12T00:00:00.000,United States,Influenza,Sex,Invalid,0.0
2025-04-12T00:00:00.000,United States,Influenza,Sex,Other,0.0
2025-04-12T00:00:00.000,United States,Influenza,Sex,Female,0.8
2025-04-12T00:00:00.000,United States,Influenza,Age Group,50-64 years,0.5
2025-04-12T00:00:00.000,United States,Influenza,Age Group,1-4 years,2.0
2025-04-12T00:00:00.000,United States,Influenza,Age Group,<1 year,1.4
2025-04-12T00:00:00.000,United States,Influenza,Age Group,65+ years,0.4
2025-04-12T00:00:00.000,United States,Influenza,Age Group,5-17 years,2.4
2025-04-12T00:00:00.000,United States,Influenza,Age Group,18-49 years,0.7
2025-04-12T00:00:00.000,United States,Influenza,Race/Ethnicity,Hispanic,1.2
2025-04-12T00:00:00.000,United States,Influenza,Race/Ethnicity,"Multiple/Other, NH",1.0
2025-04-12T00:00:00.000,United States,Influenza,Race/Ethnicity,"White, NH",0.6
2025-04-12T00:00:00.000,United States,Influenza,Race/Ethnicity,"Asian/NHOPI, NH",1.5
2025-04-12T00:00:00.000,United States,Influenza,Race/Ethnicity,"AI/AN, NH",1.2
2025-04-12T00:00:00.000,United States,Influenza,Race/Ethnicity,"Black, NH",0.9
2025-04-12T00:00:00.000,United States,RSV,Sex,Male,0.2
2025-04-12T00:00:00.000,United States,RSV,Sex,Invalid,0.0
2025-04-12T00:00:00.000,United States,RSV,Sex,Other,0.0
2025-04-12T00:00:00.000,United States,RSV,Sex,Female,0.1
2025-04-12T00:00:00.000,United States,RSV,Age Group,50-64 years,0.1
2025-04-12T00:00:00.000,United States,RSV,Age Group,1-4 years,0.9
2025-04-12T00:00:00.000,United States,RSV,Age Group,<1 year,1.4
2025-04-12T00:00:00.000,United States,RSV,Age Group,65+ years,0.1
2025-04-12T00:00:00.000,United States,RSV,Age Group,5-17 years,0.1
2025-04-12T00:00:00.000,United States,RSV,Age Group,18-49 years,0.0
2025-04-12T00:00:00.000,United States,RSV,Race/Ethnicity,Hispanic,0.1
2025-04-12T00:00:00.000,United States,RSV,Race/Ethnicity,"Multiple/Other, NH",0.1
2025-04-12T00:00:00.000,United States,COVID-19,Sex,Male,0.5
2025-04-12T00:00:00.000,United States,RSV,Race/Ethnicity,"White, NH",0.2
2025-04-12T00:00:00.000,United States,RSV,Race/Ethnicity,"Asian/NHOPI, NH",0.1
2025-04-12T00:00:00.000,United States,COVID-19,Sex,Invalid,0.0
2025-04-12T00:00:00.000,United States,RSV,Race/Ethnicity,"AI/AN, NH",0.2
2025-04-05T00:00:00.000,United States,COVID-19,Sex,Female,0.6
2025-04-05T00:00:00.000,United States,COVID-19,Sex,Invalid,2.5
2025-04-05T00:00:00.000,United States,COVID-19,Sex,Male,0.5
2025-04-05T00:00:00.000,United States,COVID-19,Sex,Other,0.0
2025-04-05T00:00:00.000,United States,RSV,Race/Ethnicity,"Black, NH",0.1
2025-04-05T00:00:00.000,United States,RSV,Race/Ethnicity,"AI/AN, NH",0.3
2025-04-05T00:00:00.000,United States,RSV,Race/Ethnicity,"Asian/NHOPI, NH",0.2
2025-04-05T00:00:00.000,United States,RSV,Race/Ethnicity,"White, NH",0.2
2025-04-05T00:00:00.000,United States,RSV,Race/Ethnicity,"Multiple/Other, NH",0.2
2025-04-05T00:00:00.000,United States,RSV,Race/Ethnicity,Hispanic,0.2
2025-04-05T00:00:00.000,United States,RSV,Age Group,18-49 years,0.0
2025-04-05T00:00:00.000,United States,RSV,Age Group,5-17 years,0.1
2025-04-05T00:00:00.000,United States,RSV,Age Group,65+ years,0.1
2025-04-05T00:00:00.000,United States,RSV,Age Group,<1 year,1.8
2025-04-05T00:00:00.000,United States,RSV,Age Group,1-4 years,1.0
2025-04-05T00:00:00.000,United States,RSV,Age Group,50-64 years,0.1
2025-04-05T00:00:00.000,United States,RSV,Sex,Female,0.2
2025-04-05T00:00:00.000,United States,RSV,Sex,Other,0.0
2025-04-05T00:00:00.000,United States,RSV,Sex,Invalid,0.0
2025-04-05T00:00:00.000,United States,RSV,Sex,Male,0.2
2025-04-05T00:00:00.000,United States,Influenza,Race/Ethnicity,"Black, NH",1.2
2025-04-05T00:00:00.000,United States,Influenza,Race/Ethnicity,"AI/AN, NH",1.3
2025-04-05T00:00:00.000,United States,Influenza,Race/Ethnicity,"Asian/NHOPI, NH",1.7
2025-04-05T00:00:00.000,United States,Influenza,Race/Ethnicity,"White, NH",0.9
2025-04-05T00:00:00.000,United States,Influenza,Race/Ethnicity,"Multiple/Other, NH",1.2
2025-04-05T00:00:00.000,United States,Influenza,Race/Ethnicity,Hispanic,1.5
2025-04-05T00:00:00.000,United States,Influenza,Age Group,18-49 years,0.9
2025-04-05T00:00:00.000,United States,Influenza,Age Group,5-17 years,3.0
2025-04-05T00:00:00.000,United States,Influenza,Age Group,65+ years,0.6
2025-04-05T00:00:00.000,United States,Influenza,Age Group,<1 year,1.6
2025-04-05T00:00:00.000,United States,Influenza,Age Group,1-4 years,2.6
2025-04-05T00:00:00.000,United States,Influenza,Age Group,50-64 years,0.7
2025-04-05T00:00:00.000,United States,Influenza,Sex,Female,1.1
2025-04-05T00:00:00.000,United States,Influenza,Sex,Other,0.0
2025-04-05T00:00:00.000,United States,Influenza,Sex,Invalid,2.5
2025-04-05T00:00:00.000,United States,Influenza,Sex,Male,1.1
2025-04-05T00:00:00.000,United States,Combined,Race/Ethnicity,"Black, NH",1.9
2025-04-05T00:00:00.000,United States,Combined,Race/Ethnicity,"AI/AN, NH",2.0
2025-04-05T00:00:00.000,United States,Combined,Race/Ethnicity,"Asian/NHOPI, NH",2.5
2025-04-05T00:00:00.000,United States,Combined,Race/Ethnicity,"White, NH",1.6
2025-04-05T00:00:00.000,United States,Combined,Race/Ethnicity,"Multiple/Other, NH",1.9
2025-04-05T00:00:00.000,United States,Combined,Race/Ethnicity,Hispanic,2.2
2025-04-05T00:00:00.000,United States,Combined,Age Group,18-49 years,1.4
2025-04-05T00:00:00.000,United States,Combined,Age Group,5-17 years,3.4
2025-04-05T00:00:00.000,United States,Combined,Age Group,65+ years,1.6
2025-04-05T00:00:00.000,United States,Combined,Age Group,<1 year,5.4
2025-04-05T00:00:00.000,United States,Combined,Age Group,1-4 years,4.3
2025-04-05T00:00:00.000,United States,Combined,Age Group,50-64 years,1.2
2025-04-05T00:00:00.000,United States,Combined,Sex,Female,1.8
2025-04-05T00:00:00.000,United States,Combined,Sex,Other,0.0
2025-04-05T00:00:00.000,United States,Combined,Sex,Invalid,5.0
2025-04-05T00:00:00.000,United States,Combined,Sex,Male,1.8
2025-04-05T00:00:00.000,United States,COVID-19,Race/Ethnicity,"Black, NH",0.6
2025-04-05T00:00:00.000,United States,COVID-19,Race/Ethnicity,"AI/AN, NH",0.4
2025-04-05T00:00:00.000,United States,COVID-19,Race/Ethnicity,"Asian/NHOPI, NH",0.6
2025-04-05T00:00:00.000,United States,COVID-19,Race/Ethnicity,"White, NH",0.6
2025-04-05T00:00:00.000,United States,COVID-19,Race/Ethnicity,"Multiple/Other, NH",0.5
2025-04-05T00:00:00.000,United States,COVID-19,Race/Ethnicity,Hispanic,0.6
2025-04-05T00:00:00.000,United States,COVID-19,Age Group,18-49 years,0.4
2025-04-05T00:00:00.000,United States,COVID-19,Age Group,5-17 years,0.3
2025-04-05T00:00:00.000,United States,COVID-19,Age Group,65+ years,0.8
2025-04-05T00:00:00.000,United States,COVID-19,Age Group,<1 year,2.1
2025-04-05T00:00:00.000,United States,COVID-19,Age Group,1-4 years,0.6
2025-04-05T00:00:00.000,United States,COVID-19,Age Group,50-64 years,0.5
2025-03-29T00:00:00.000,United States,Combined,Age Group,50-64 years,1.5
2025-03-29T00:00:00.000,United States,COVID-19,Sex,Male,0.6
2025-03-29T00:00:00.000,United States,COVID-19,Sex,Invalid,0.0
2025-03-29T00:00:00.000,United States,RSV,Race/Ethnicity,"Black, NH",0.1
2025-03-29T00:00:00.000,United States,RSV,Race/Ethnicity,"AI/AN, NH",0.4
2025-03-29T00:00:00.000,United States,RSV,Race/Ethnicity,"Asian/NHOPI, NH",0.2
2025-03-29T00:00:00.000,United States,RSV,Race/Ethnicity,"White, NH",0.2
2025-03-29T00:00:00.000,United States,RSV,Race/Ethnicity,"Multiple/Other, NH",0.2
2025-03-29T00:00:00.000,United States,RSV,Race/Ethnicity,Hispanic,0.2
2025-03-29T00:00:00.000,United States,RSV,Age Group,18-49 years,0.1
2025-03-29T00:00:00.000,United States,RSV,Age Group,5-17 years,0.1
2025-03-29T00:00:00.000,United States,RSV,Age Group,65+ years,0.2
2025-03-29T00:00:00.000,United States,RSV,Age Group,<1 year,2.3
2025-03-29T00:00:00.000,United States,RSV,Age Group,1-4 years,1.3
2025-03-29T00:00:00.000,United States,RSV,Age Group,50-64 years,0.1
2025-03-29T00:00:00.000,United States,RSV,Sex,Female,0.2
2025-03-29T00:00:00.000,United States,RSV,Sex,Other,0.0
2025-03-29T00:00:00.000,United States,RSV,Sex,Invalid,0.0
2025-03-29T00:00:00.000,United States,RSV,Sex,Male,0.2
2025-03-29T00:00:00.000,United States,Influenza,Race/Ethnicity,"Black, NH",1.6
2025-03-29T00:00:00.000,United States,Influenza,Race/Ethnicity,"AI/AN, NH",1.9
2025-03-29T00:00:00.000,United States,Influenza,Race/Ethnicity,"Asian/NHOPI, NH",2.2
2025-03-29T00:00:00.000,United States,Influenza,Race/Ethnicity,"White, NH",1.2
2025-03-29T00:00:00.000,United States,Influenza,Race/Ethnicity,"Multiple/Other, NH",1.6
2025-03-29T00:00:00.000,United States,Influenza,Race/Ethnicity,Hispanic,1.8
2025-03-29T00:00:00.000,United States,Influenza,Age Group,18-49 years,1.2
2025-03-29T00:00:00.000,United States,Influenza,Age Group,5-17 years,3.7
2025-03-29T00:00:00.000,United States,Influenza,Age Group,65+ years,0.9
2025-03-29T00:00:00.000,United States,Influenza,Age Group,<1 year,2.2
2025-03-29T00:00:00.000,United States,Influenza,Age Group,1-4 years,3.4
2025-03-29T00:00:00.000,United States,Influenza,Age Group,50-64 years,0.9
2025-03-29T00:00:00.000,United States,Influenza,Sex,Female,1.4
2025-03-29T00:00:00.000,United States,Influenza,Sex,Other,0.0
2025-03-29T00:00:00.000,United States,Influenza,Sex,Invalid,0.0
2025-03-29T00:00:00.000,United States,Influenza,Sex,Male,1.4
2025-03-29T00:00:00.000,United States,Combined,Race/Ethnicity,"Black, NH",2.4
2025-03-29T00:00:00.000,United States,Combined,Race/Ethnicity,"AI/AN, NH",2.8
2025-03-29T00:00:00.000,United States,Combined,Race/Ethnicity,"Asian/NHOPI, NH",3.0
2025-03-29T00:00:00.000,United States,Combined,Race/Ethnicity,"White, NH",2.1
2025-03-29T00:00:00.000,United States,Combined,Race/Ethnicity,"Multiple/Other, NH",2.3
2025-03-29T00:00:00.000,United States,Combined,Race/Ethnicity,Hispanic,2.6
2025-03-29T00:00:00.000,United States,Combined,Age Group,18-49 years,1.7
2025-03-29T00:00:00.000,United States,Combined,Age Group,5-17 years,4.2
2025-03-29T00:00:00.000,United States,Combined,Age Group,65+ years,2.0
2025-03-29T00:00:00.000,United States,Combined,Age Group,<1 year,6.7
2025-03-29T00:00:00.000,United States,Combined,Age Group,1-4 years,5.3
2025-03-29T00:00:00.000,United States,Combined,Sex,Female,2.3
2025-03-29T00:00:00.000,United States,Combined,Sex,Other,0.0
2025-03-29T00:00:00.000,United States,Combined,Sex,Invalid,0.0
2025-03-29T00:00:00.000,United States,Combined,Sex,Male,2.3
2025-03-29T00:00:00.000,United States,COVID-19,Race/Ethnicity,"Black, NH",0.7
2025-03-29T00:00:00.000,United States,COVID-19,Race/Ethnicity,"AI/AN, NH",0.5
2025-03-29T00:00:00.000,United States,COVID-19,Race/Ethnicity,"Asian/NHOPI, NH",0.6
2025-03-29T00:00:00.000,United States,COVID-19,Race/Ethnicity,"White, NH",0.6
2025-03-29T00:00:00.000,United States,COVID-19,Race/Ethnicity,"Multiple/Other, NH",0.6
2025-03-29T00:00:00.000,United States,COVID-19,Race/Ethnicity,Hispanic,0.6
2025-03-29T00:00:00.000,United States,COVID-19,Age Group,18-49 years,0.5
2025-03-29T00:00:00.000,United States,COVID-19,Age Group,5-17 years,0.4
2025-03-29T00:00:00.000,United States,COVID-19,Age Group,65+ years,0.9
2025-03-29T00:00:00.000,United States,COVID-19,Age Group,<1 year,2.3
2025-03-29T00:00:00.000,United States,COVID-19,Age Group,1-4 years,0.7
2025-03-29T00:00:00.000,United States,COVID-19,Age Group,50-64 years,0.5
2025-03-29T00:00:00.000,United States,COVID-19,Sex,Female,0.7
2025-03-29T00:00:00.000,United States,COVID-19,Sex,Other,0.0
2025-03-22T00:00:00.000,United States,Influenza,Sex,Female,1.8
2025-03-22T00:00:00.000,United States,COVID-19,Sex,Male,0.6
2025-03-22T00:00:00.000,United States,RSV,Race/Ethnicity,"Black, NH",0.1
2025-03-22T00:00:00.000,United States,RSV,Race/Ethnicity,"AI/AN, NH",0.6
2025-03-22T00:00:00.000,United States,RSV,Race/Ethnicity,"Asian/NHOPI, NH",0.3
2025-03-22T00:00:00.000,United States,RSV,Race/Ethnicity,"White, NH",0.3
2025-03-22T00:00:00.000,United States,RSV,Race/Ethnicity,"Multiple/Other, NH",0.3
2025-03-22T00:00:00.000,United States,RSV,Race/Ethnicity,Hispanic,0.3
2025-03-22T00:00:00.000,United States,RSV,Age Group,18-49 years,0.1
2025-03-22T00:00:00.000,United States,RSV,Age Group,5-17 years,0.2
2025-03-22T00:00:00.000,United States,RSV,Age Group,65+ years,0.2
2025-03-22T00:00:00.000,United States,RSV,Age Group,<1 year,2.9
2025-03-22T00:00:00.000,United States,RSV,Age Group,1-4 years,1.7
2025-03-22T00:00:00.000,United States,RSV,Age Group,50-64 years,0.1
2025-03-22T00:00:00.000,United States,RSV,Sex,Female,0.2
2025-03-22T00:00:00.000,United States,RSV,Sex,Other,0.0
2025-03-22T00:00:00.000,United States,RSV,Sex,Invalid,0.0
2025-03-22T00:00:00.000,United States,RSV,Sex,Male,0.3
2025-03-22T00:00:00.000,United States,Influenza,Race/Ethnicity,"Black, NH",1.9
2025-03-22T00:00:00.000,United States,Influenza,Race/Ethnicity,"AI/AN, NH",2.0
2025-03-22T00:00:00.000,United States,Influenza,Race/Ethnicity,"Asian/NHOPI, NH",2.5
2025-03-22T00:00:00.000,United States,Influenza,Race/Ethnicity,"White, NH",1.6
2025-03-22T00:00:00.000,United States,Influenza,Race/Ethnicity,"Multiple/Other, NH",1.9
2025-03-22T00:00:00.000,United States,Influenza,Race/Ethnicity,Hispanic,2.3
2025-03-22T00:00:00.000,United States,Influenza,Age Group,18-49 years,1.4
2025-03-22T00:00:00.000,United States,Influenza,Age Group,5-17 years,4.5
2025-03-22T00:00:00.000,United States,Influenza,Age Group,65+ years,1.3
2025-03-22T00:00:00.000,United States,Influenza,Age Group,<1 year,2.8
2025-03-22T00:00:00.000,United States,Influenza,Age Group,1-4 years,4.4
2025-03-22T00:00:00.000,United States,Influenza,Age Group,50-64 years,1.2
2025-03-22T00:00:00.000,United States,Influenza,Sex,Other,0.0
2025-03-22T00:00:00.000,United States,Influenza,Sex,Invalid,0.0
2025-03-22T00:00:00.000,United States,Influenza,Sex,Male,1.9
2025-03-22T00:00:00.000,United States,Combined,Race/Ethnicity,"Black, NH",2.8
2025-03-22T00:00:00.000,United States,Combined,Race/Ethnicity,"AI/AN, NH",3.1
2025-03-22T00:00:00.000,United States,Combined,Race/Ethnicity,"Asian/NHOPI, NH",3.3
2025-03-22T00:00:00.000,United States,Combined,Race/Ethnicity,"White, NH",2.6
2025-03-22T00:00:00.000,United States,Combined,Race/Ethnicity,"Multiple/Other, NH",2.8
2025-03-22T00:00:00.000,United States,Combined,Race/Ethnicity,Hispanic,3.1
2025-03-22T00:00:00.000,United States,Combined,Age Group,18-49 years,2.0
2025-03-22T00:00:00.000,United States,Combined,Age Group,5-17 years,5.1
2025-03-22T00:00:00.000,United States,Combined,Age Group,65+ years,2.4
2025-03-22T00:00:00.000,United States,Combined,Age Group,<1 year,8.1
2025-03-22T00:00:00.000,United States,Combined,Age Group,1-4 years,6.8
2025-03-22T00:00:00.000,United States,COVID-19,Sex,Female,0.7
2025-03-22T00:00:00.000,United States,Combined,Age Group,50-64 years,1.9
2025-03-22T00:00:00.000,United States,Combined,Sex,Female,2.8
2025-03-22T00:00:00.000,United States,Combined,Sex,Other,0.0
2025-03-22T00:00:00.000,United States,Combined,Sex,Invalid,2.1
2025-03-22T00:00:00.000,United States,Combined,Sex,Male,2.8
2025-03-22T00:00:00.000,United States,COVID-19,Race/Ethnicity,"Black, NH",0.8
2025-03-22T00:00:00.000,United States,COVID-19,Race/Ethnicity,"AI/AN, NH",0.5
2025-03-22T00:00:00.000,United States,COVID-19,Race/Ethnicity,"Asian/NHOPI, NH",0.6
2025-03-22T00:00:00.000,United States,COVID-19,Race/Ethnicity,"White, NH",0.7
2025-03-22T00:00:00.000,United States,COVID-19,Race/Ethnicity,"Multiple/Other, NH",0.6
2025-03-22T00:00:00.000,United States,COVID-19,Race/Ethnicity,Hispanic,0.6
2025-03-22T00:00:00.000,United States,COVID-19,Age Group,18-49 years,0.5
2025-03-22T00:00:00.000,United States,COVID-19,Age Group,5-17 years,0.4
2025-03-22T00:00:00.000,United States,COVID-19,Age Group,65+ years,1.0
2025-03-22T00:00:00.000,United States,COVID-19,Age Group,<1 year,2.4
2025-03-22T00:00:00.000,United States,COVID-19,Age Group,1-4 years,0.8
2025-03-22T00:00:00.000,United States,COVID-19,Age Group,50-64 years,0.6
2025-03-22T00:00:00.000,United States,COVID-19,Sex,Other,0.0
2025-03-22T00:00:00.000,United States,COVID-19,Sex,Invalid,2.1
2025-03-15T00:00:00.000,United States,COVID-19,Age Group,50-64 years,0.7
2025-03-15T00:00:00.000,United States,COVID-19,Sex,Female,0.8
2025-03-15T00:00:00.000,United States,COVID-19,Sex,Other,0.0
2025-03-15T00:00:00.000,United States,COVID-19,Sex,Invalid,0.0
2025-03-15T00:00:00.000,United States,COVID-19,Sex,Male,0.7
2025-03-15T00:00:00.000,United States,RSV,Race/Ethnicity,"AI/AN, NH",0.7
2025-03-15T00:00:00.000,United States,RSV,Race/Ethnicity,"Asian/NHOPI, NH",0.2
2025-03-15T00:00:00.000,United States,RSV,Race/Ethnicity,"White, NH",0.4
2025-03-15T00:00:00.000,United States,RSV,Race/Ethnicity,"Multiple/Other, NH",0.3
2025-03-15T00:00:00.000,United States,RSV,Race/Ethnicity,Hispanic,0.3
2025-03-15T00:00:00.000,United States,RSV,Age Group,18-49 years,0.1
2025-03-15T00:00:00.000,United States,RSV,Age Group,5-17 years,0.2
2025-03-15T00:00:00.000,United States,RSV,Age Group,65+ years,0.2
2025-03-15T00:00:00.000,United States,RSV,Age Group,<1 year,3.5
2025-03-15T00:00:00.000,United States,RSV,Age Group,1-4 years,2.0
2025-03-15T00:00:00.000,United States,RSV,Age Group,50-64 years,0.1
2025-03-15T00:00:00.000,United States,RSV,Sex,Female,0.3
2025-03-15T00:00:00.000,United States,RSV,Sex,Other,0.0
2025-03-15T00:00:00.000,United States,RSV,Sex,Invalid,0.0
2025-03-15T00:00:00.000,United States,RSV,Sex,Male,0.3
2025-03-15T00:00:00.000,United States,Influenza,Race/Ethnicity,"Black, NH",2.8
2025-03-15T00:00:00.000,United States,Influenza,Race/Ethnicity,"AI/AN, NH",2.9
2025-03-15T00:00:00.000,United States,Influenza,Race/Ethnicity,"Asian/NHOPI, NH",3.0
2025-03-15T00:00:00.000,United States,Influenza,Race/Ethnicity,"White, NH",2.4
2025-03-15T00:00:00.000,United States,Influenza,Race/Ethnicity,"Multiple/Other, NH",2.4
2025-03-15T00:00:00.000,United States,Influenza,Race/Ethnicity,Hispanic,2.9
2025-03-15T00:00:00.000,United States,Influenza,Age Group,18-49 years,1.9
2025-03-15T00:00:00.000,United States,Influenza,Age Group,5-17 years,5.8
2025-03-15T00:00:00.000,United States,Influenza,Age Group,65+ years,1.9
2025-03-15T00:00:00.000,United States,Influenza,Age Group,<1 year,4.1
2025-03-15T00:00:00.000,United States,Influenza,Age Group,1-4 years,6.1
2025-03-15T00:00:00.000,United States,Influenza,Age Group,50-64 years,1.8
2025-03-15T00:00:00.000,United States,RSV,Race/Ethnicity,"Black, NH",0.2
2025-03-15T00:00:00.000,United States,Influenza,Sex,Female,2.5
2025-03-15T00:00:00.000,United States,Influenza,Sex,Other,0.0
2025-03-15T00:00:00.000,United States,Influenza,Sex,Invalid,2.5
2025-03-15T00:00:00.000,United States,Influenza,Sex,Male,2.6
2025-03-15T00:00:00.000,United States,Combined,Race/Ethnicity,"Black, NH",3.8
2025-03-15T00:00:00.000,United States,Combined,Race/Ethnicity,"AI/AN, NH",4.2
2025-03-15T00:00:00.000,United States,Combined,Race/Ethnicity,"Asian/NHOPI, NH",3.8
2025-03-15T00:00:00.000,United States,Combined,Race/Ethnicity,"White, NH",3.4
2025-03-15T00:00:00.000,United States,Combined,Race/Ethnicity,"Multiple/Other, NH",3.3
2025-03-15T00:00:00.000,United States,Combined,Race/Ethnicity,Hispanic,3.9
2025-03-15T00:00:00.000,United States,Combined,Age Group,18-49 years,2.5
2025-03-15T00:00:00.000,United States,Combined,Age Group,5-17 years,6.5
2025-03-15T00:00:00.000,United States,Combined,Age Group,65+ years,3.1
2025-03-15T00:00:00.000,United States,Combined,Age Group,<1 year,10.0
2025-03-15T00:00:00.000,United States,Combined,Age Group,1-4 years,8.8
2025-03-15T00:00:00.000,United States,Combined,Age Group,50-64 years,2.6
2025-03-15T00:00:00.000,United States,Combined,Sex,Female,3.5
2025-03-15T00:00:00.000,United States,Combined,Sex,Other,0.0
2025-03-15T00:00:00.000,United States,Combined,Sex,Invalid,2.5
2025-03-15T00:00:00.000,United States,Combined,Sex,Male,3.6
2025-03-15T00:00:00.000,United States,COVID-19,Race/Ethnicity,"Black, NH",0.9
2025-03-15T00:00:00.000,United States,COVID-19,Race/Ethnicity,"AI/AN, NH",0.6
2025-03-15T00:00:00.000,United States,COVID-19,Race/Ethnicity,"Asian/NHOPI, NH",0.6
2025-03-15T00:00:00.000,United States,COVID-19,Race/Ethnicity,"White, NH",0.8
2025-03-15T00:00:00.000,United States,COVID-19,Race/Ethnicity,"Multiple/Other, NH",0.6
2025-03-15T00:00:00.000,United States,COVID-19,Race/Ethnicity,Hispanic,0.7
2025-03-15T00:00:00.000,United States,COVID-19,Age Group,18-49 years,0.6
2025-03-15T00:00:00.000,United States,COVID-19,Age Group,5-17 years,0.5
2025-03-15T00:00:00.000,United States,COVID-19,Age Group,65+ years,1.1
2025-03-15T00:00:00.000,United States,COVID-19,Age Group,<1 year,2.6
2025-03-15T00:00:00.000,United States,COVID-19,Age Group,1-4 years,0.8
2025-03-08T00:00:00.000,United States,COVID-19,Sex,Invalid,0.0
2025-03-08T00:00:00.000,United States,COVID-19,Sex,Other,0.0
2025-03-08T00:00:00.000,United States,COVID-19,Sex,Female,0.8
2025-03-08T00:00:00.000,United States,COVID-19,Age Group,50-64 years,0.7
2025-03-08T00:00:00.000,United States,COVID-19,Age Group,1-4 years,0.9
2025-03-08T00:00:00.000,United States,COVID-19,Age Group,<1 year,2.4
2025-03-08T00:00:00.000,United States,COVID-19,Age Group,65+ years,1.1
2025-03-08T00:00:00.000,United States,COVID-19,Age Group,5-17 years,0.5
2025-03-08T00:00:00.000,United States,COVID-19,Age Group,18-49 years,0.6
2025-03-08T00:00:00.000,United States,COVID-19,Race/Ethnicity,Hispanic,0.7
2025-03-08T00:00:00.000,United States,COVID-19,Race/Ethnicity,"Multiple/Other, NH",0.6
2025-03-08T00:00:00.000,United States,COVID-19,Race/Ethnicity,"White, NH",0.8
2025-03-08T00:00:00.000,United States,COVID-19,Race/Ethnicity,"Asian/NHOPI, NH",0.6
2025-03-08T00:00:00.000,United States,COVID-19,Race/Ethnicity,"AI/AN, NH",0.6
2025-03-08T00:00:00.000,United States,COVID-19,Race/Ethnicity,"Black, NH",0.9
2025-03-08T00:00:00.000,United States,Combined,Sex,Male,4.3
2025-03-08T00:00:00.000,United States,Combined,Sex,Invalid,0.0
2025-03-08T00:00:00.000,United States,Combined,Sex,Other,0.0
2025-03-08T00:00:00.000,United States,Combined,Sex,Female,4.2
2025-03-08T00:00:00.000,United States,Combined,Age Group,50-64 years,3.2
2025-03-08T00:00:00.000,United States,Combined,Age Group,1-4 years,11.3
2025-03-08T00:00:00.000,United States,Combined,Age Group,<1 year,10.2
2025-03-08T00:00:00.000,United States,Combined,Age Group,65+ years,3.7
2025-03-08T00:00:00.000,United States,Combined,Age Group,5-17 years,7.5
2025-03-08T00:00:00.000,United States,Combined,Age Group,18-49 years,3.0
2025-03-08T00:00:00.000,United States,Combined,Race/Ethnicity,Hispanic,4.6
2025-03-08T00:00:00.000,United States,Combined,Race/Ethnicity,"Multiple/Other, NH",3.9
2025-03-08T00:00:00.000,United States,Combined,Race/Ethnicity,"White, NH",4.2
2025-03-08T00:00:00.000,United States,Combined,Race/Ethnicity,"Asian/NHOPI, NH",4.9
2025-03-08T00:00:00.000,United States,Combined,Race/Ethnicity,"AI/AN, NH",4.7
2025-03-08T00:00:00.000,United States,Combined,Race/Ethnicity,"Black, NH",4.3
2025-03-08T00:00:00.000,United States,Influenza,Sex,Male,3.2
2025-03-08T00:00:00.000,United States,Influenza,Sex,Invalid,0.0
2025-03-08T00:00:00.000,United States,Influenza,Sex,Other,0.0
2025-03-08T00:00:00.000,United States,Influenza,Sex,Female,3.1
2025-03-08T00:00:00.000,United States,Influenza,Age Group,50-64 years,2.4
2025-03-08T00:00:00.000,United States,Influenza,Age Group,1-4 years,8.1
2025-03-08T00:00:00.000,United States,Influenza,Age Group,<1 year,4.8
2025-03-08T00:00:00.000,United States,Influenza,Age Group,65+ years,2.4
2025-03-08T00:00:00.000,United States,Influenza,Age Group,5-17 years,6.9
2025-03-08T00:00:00.000,United States,Influenza,Age Group,18-49 years,2.3
2025-03-08T00:00:00.000,United States,Influenza,Race/Ethnicity,Hispanic,3.6
2025-03-08T00:00:00.000,United States,Influenza,Race/Ethnicity,"Multiple/Other, NH",3.0
2025-03-08T00:00:00.000,United States,Influenza,Race/Ethnicity,"White, NH",3.0
2025-03-08T00:00:00.000,United States,Influenza,Race/Ethnicity,"Asian/NHOPI, NH",3.9
2025-03-08T00:00:00.000,United States,Influenza,Race/Ethnicity,"AI/AN, NH",3.2
2025-03-08T00:00:00.000,United States,Influenza,Race/Ethnicity,"Black, NH",3.3
2025-03-08T00:00:00.000,United States,RSV,Sex,Male,0.4
2025-03-08T00:00:00.000,United States,RSV,Sex,Invalid,0.0
2025-03-08T00:00:00.000,United States,RSV,Sex,Other,0.0
2025-03-08T00:00:00.000,United States,RSV,Sex,Female,0.3
2025-03-08T00:00:00.000,United States,RSV,Age Group,50-64 years,0.2
2025-03-08T00:00:00.000,United States,RSV,Age Group,1-4 years,2.5
2025-03-08T00:00:00.000,United States,RSV,Age Group,<1 year,3.3
2025-03-08T00:00:00.000,United States,RSV,Age Group,65+ years,0.2
2025-03-08T00:00:00.000,United States,RSV,Age Group,5-17 years,0.3
2025-03-08T00:00:00.000,United States,RSV,Age Group,18-49 years,0.1
2025-03-08T00:00:00.000,United States,RSV,Race/Ethnicity,Hispanic,0.4
2025-03-08T00:00:00.000,United States,RSV,Race/Ethnicity,"Multiple/Other, NH",0.4
2025-03-08T00:00:00.000,United States,RSV,Race/Ethnicity,"White, NH",0.4
2025-03-08T00:00:00.000,United States,RSV,Race/Ethnicity,"Asian/NHOPI, NH",0.3
2025-03-08T00:00:00.000,United States,RSV,Race/Ethnicity,"AI/AN, NH",1.0
2025-03-08T00:00:00.000,United States,RSV,Race/Ethnicity,"Black, NH",0.2
2025-03-08T00:00:00.000,United States,COVID-19,Sex,Male,0.7
2025-03-01T00:00:00.000,United States,RSV,Race/Ethnicity,"Black, NH",0.2
2025-03-01T00:00:00.000,United States,COVID-19,Sex,Invalid,3.4
2025-03-01T00:00:00.000,United States,COVID-19,Sex,Male,0.7
2025-03-01T00:00:00.000,United States,COVID-19,Sex,Other,2.2
2025-03-01T00:00:00.000,United States,COVID-19,Sex,Female,0.8
2025-03-01T00:00:00.000,United States,COVID-19,Age Group,50-64 years,0.7
2025-03-01T00:00:00.000,United States,COVID-19,Age Group,1-4 years,0.9
2025-03-01T00:00:00.000,United States,COVID-19,Age Group,<1 year,1.6
2025-03-01T00:00:00.000,United States,COVID-19,Age Group,65+ years,1.1
2025-03-01T00:00:00.000,United States,COVID-19,Age Group,5-17 years,0.5
2025-03-01T00:00:00.000,United States,COVID-19,Age Group,18-49 years,0.6
2025-03-01T00:00:00.000,United States,COVID-19,Race/Ethnicity,Hispanic,0.7
2025-03-01T00:00:00.000,United States,COVID-19,Race/Ethnicity,"Multiple/Other, NH",0.7
2025-03-01T00:00:00.000,United States,COVID-19,Race/Ethnicity,"White, NH",0.8
2025-03-01T00:00:00.000,United States,COVID-19,Race/Ethnicity,"Asian/NHOPI, NH",0.7
2025-03-01T00:00:00.000,United States,COVID-19,Race/Ethnicity,"AI/AN, NH",0.5
2025-03-01T00:00:00.000,United States,COVID-19,Race/Ethnicity,"Black, NH",0.9
2025-03-01T00:00:00.000,United States,Combined,Sex,Male,5.1
2025-03-01T00:00:00.000,United States,Combined,Sex,Invalid,3.4
2025-03-01T00:00:00.000,United States,Combined,Sex,Other,2.2
2025-03-01T00:00:00.000,United States,Combined,Sex,Female,5.0
2025-03-01T00:00:00.000,United States,Combined,Age Group,50-64 years,3.9
2025-03-01T00:00:00.000,United States,Combined,Age Group,1-4 years,13.5
2025-03-01T00:00:00.000,United States,Combined,Age Group,<1 year,8.4
2025-03-01T00:00:00.000,United States,Combined,Age Group,65+ years,4.4
2025-03-01T00:00:00.000,United States,Combined,Age Group,5-17 years,8.5
2025-03-01T00:00:00.000,United States,Combined,Age Group,18-49 years,3.7
2025-03-01T00:00:00.000,United States,Combined,Race/Ethnicity,Hispanic,5.5
2025-03-01T00:00:00.000,United States,Combined,Race/Ethnicity,"Multiple/Other, NH",4.7
2025-03-01T00:00:00.000,United States,Combined,Race/Ethnicity,"White, NH",5.0
2025-03-01T00:00:00.000,United States,Combined,Race/Ethnicity,"Asian/NHOPI, NH",5.5
2025-03-01T00:00:00.000,United States,Combined,Race/Ethnicity,"AI/AN, NH",5.6
2025-03-01T00:00:00.000,United States,Combined,Race/Ethnicity,"Black, NH",4.9
2025-03-01T00:00:00.000,United States,Influenza,Sex,Male,4.0
2025-03-01T00:00:00.000,United States,Influenza,Sex,Invalid,0.0
2025-03-01T00:00:00.000,United States,Influenza,Sex,Other,0.0
2025-03-01T00:00:00.000,United States,Influenza,Sex,Female,3.9
2025-03-01T00:00:00.000,United States,Influenza,Age Group,50-64 years,3.0
2025-03-01T00:00:00.000,United States,Influenza,Age Group,1-4 years,10.2
2025-03-01T00:00:00.000,United States,Influenza,Age Group,<1 year,4.8
2025-03-01T00:00:00.000,United States,Influenza,Age Group,65+ years,3.1
2025-03-01T00:00:00.000,United States,Influenza,Age Group,5-17 years,7.8
2025-03-01T00:00:00.000,United States,Influenza,Age Group,18-49 years,3.0
2025-03-01T00:00:00.000,United States,Influenza,Race/Ethnicity,Hispanic,4.4
2025-03-01T00:00:00.000,United States,Influenza,Race/Ethnicity,"Multiple/Other, NH",3.7
2025-03-01T00:00:00.000,United States,Influenza,Race/Ethnicity,"White, NH",3.8
2025-03-01T00:00:00.000,United States,Influenza,Race/Ethnicity,"Asian/NHOPI, NH",4.4
2025-03-01T00:00:00.000,United States,Influenza,Race/Ethnicity,"AI/AN, NH",4.0
2025-03-01T00:00:00.000,United States,Influenza,Race/Ethnicity,"Black, NH",3.9
2025-03-01T00:00:00.000,United States,RSV,Sex,Male,0.4
2025-03-01T00:00:00.000,United States,RSV,Sex,Invalid,0.0
2025-03-01T00:00:00.000,United States,RSV,Sex,Other,0.0
2025-03-01T00:00:00.000,United States,RSV,Sex,Female,0.4
2025-03-01T00:00:00.000,United States,RSV,Age Group,50-64 years,0.2
2025-03-01T00:00:00.000,United States,RSV,Age Group,1-4 years,2.7
2025-03-01T00:00:00.000,United States,RSV,Age Group,<1 year,2.1
2025-03-01T00:00:00.000,United States,RSV,Age Group,65+ years,0.3
2025-03-01T00:00:00.000,United States,RSV,Age Group,5-17 years,0.3
2025-03-01T00:00:00.000,United States,RSV,Age Group,18-49 years,0.1
2025-03-01T00:00:00.000,United States,RSV,Race/Ethnicity,Hispanic,0.5
2025-03-01T00:00:00.000,United States,RSV,Race/Ethnicity,"Multiple/Other, NH",0.4
2025-03-01T00:00:00.000,United States,RSV,Race/Ethnicity,"White, NH",0.4
2025-03-01T00:00:00.000,United States,RSV,Race/Ethnicity,"Asian/NHOPI, NH",0.4
2025-03-01T00:00:00.000,United States,RSV,Race/Ethnicity,"AI/AN, NH",1.1
2025-02-22T00:00:00.000,United States,COVID-19,Sex,Male,0.8
2025-02-22T00:00:00.000,United States,COVID-19,Sex,Invalid,0.0
2025-02-22T00:00:00.000,United States,COVID-19,Sex,Other,0.0
2025-02-22T00:00:00.000,United States,COVID-19,Sex,Female,0.9
2025-02-22T00:00:00.000,United States,COVID-19,Age Group,50-64 years,0.7
2025-02-22T00:00:00.000,United States,COVID-19,Age Group,1-4 years,0.9
2025-02-22T00:00:00.000,United States,COVID-19,Age Group,<1 year,1.9
2025-02-22T00:00:00.000,United States,COVID-19,Age Group,65+ years,1.2
2025-02-22T00:00:00.000,United States,COVID-19,Age Group,5-17 years,0.6
2025-02-22T00:00:00.000,United States,COVID-19,Age Group,18-49 years,0.6
2025-02-22T00:00:00.000,United States,COVID-19,Race/Ethnicity,Hispanic,0.7
2025-02-22T00:00:00.000,United States,COVID-19,Race/Ethnicity,"Multiple/Other, NH",0.7
2025-02-22T00:00:00.000,United States,COVID-19,Race/Ethnicity,"White, NH",0.9
2025-02-22T00:00:00.000,United States,COVID-19,Race/Ethnicity,"Asian/NHOPI, NH",0.8
2025-02-22T00:00:00.000,United States,COVID-19,Race/Ethnicity,"AI/AN, NH",0.6
2025-02-22T00:00:00.000,United States,COVID-19,Race/Ethnicity,"Black, NH",0.9
2025-02-22T00:00:00.000,United States,Combined,Sex,Male,6.5
2025-02-22T00:00:00.000,United States,Combined,Sex,Invalid,2.7
2025-02-22T00:00:00.000,United States,Combined,Sex,Other,0.0
2025-02-22T00:00:00.000,United States,Combined,Sex,Female,6.3
2025-02-22T00:00:00.000,United States,Combined,Age Group,50-64 years,4.8
2025-02-22T00:00:00.000,United States,Combined,Age Group,1-4 years,16.8
2025-02-22T00:00:00.000,United States,Combined,Age Group,<1 year,10.8
2025-02-22T00:00:00.000,United States,Combined,Age Group,65+ years,5.4
2025-02-22T00:00:00.000,United States,Combined,Age Group,5-17 years,11.7
2025-02-22T00:00:00.000,United States,Combined,Age Group,18-49 years,4.6
2025-02-22T00:00:00.000,United States,Combined,Race/Ethnicity,Hispanic,6.8
2025-02-22T00:00:00.000,United States,Combined,Race/Ethnicity,"Multiple/Other, NH",6.0
2025-02-22T00:00:00.000,United States,Combined,Race/Ethnicity,"White, NH",6.3
2025-02-22T00:00:00.000,United States,Combined,Race/Ethnicity,"Asian/NHOPI, NH",7.2
2025-02-22T00:00:00.000,United States,Combined,Race/Ethnicity,"AI/AN, NH",6.8
2025-02-22T00:00:00.000,United States,Combined,Race/Ethnicity,"Black, NH",6.3
2025-02-22T00:00:00.000,United States,Influenza,Sex,Male,5.2
2025-02-22T00:00:00.000,United States,Influenza,Sex,Invalid,2.7
2025-02-22T00:00:00.000,United States,Influenza,Sex,Other,0.0
2025-02-22T00:00:00.000,United States,Influenza,Sex,Female,5.1
2025-02-22T00:00:00.000,United States,Influenza,Age Group,50-64 years,3.9
2025-02-22T00:00:00.000,United States,Influenza,Age Group,1-4 years,13.0
2025-02-22T00:00:00.000,United States,Influenza,Age Group,<1 year,6.6
2025-02-22T00:00:00.000,United States,Influenza,Age Group,65+ years,4.0
2025-02-22T00:00:00.000,United States,Influenza,Age Group,5-17 years,10.8
2025-02-22T00:00:00.000,United States,Influenza,Age Group,18-49 years,3.9
2025-02-22T00:00:00.000,United States,Influenza,Race/Ethnicity,Hispanic,5.6
2025-02-22T00:00:00.000,United States,Influenza,Race/Ethnicity,"Multiple/Other, NH",4.9
2025-02-22T00:00:00.000,United States,Influenza,Race/Ethnicity,"White, NH",5.0
2025-02-22T00:00:00.000,United States,Influenza,Race/Ethnicity,"Asian/NHOPI, NH",6.0
2025-02-22T00:00:00.000,United States,Influenza,Race/Ethnicity,"AI/AN, NH",5.1
2025-02-22T00:00:00.000,United States,Influenza,Race/Ethnicity,"Black, NH",5.1
2025-02-22T00:00:00.000,United States,RSV,Sex,Male,0.5
2025-02-22T00:00:00.000,United States,RSV,Sex,Invalid,0.0
2025-02-22T00:00:00.000,United States,RSV,Sex,Other,0.0
2025-02-22T00:00:00.000,United States,RSV,Sex,Female,0.4
2025-02-22T00:00:00.000,United States,RSV,Age Group,50-64 years,0.2
2025-02-22T00:00:00.000,United States,RSV,Age Group,1-4 years,3.2
2025-02-22T00:00:00.000,United States,RSV,Age Group,<1 year,2.6
2025-02-22T00:00:00.000,United States,RSV,Age Group,65+ years,0.3
2025-02-22T00:00:00.000,United States,RSV,Age Group,5-17 years,0.4
2025-02-22T00:00:00.000,United States,RSV,Age Group,18-49 years,0.1
2025-02-22T00:00:00.000,United States,RSV,Race/Ethnicity,Hispanic,0.5
2025-02-22T00:00:00.000,United States,RSV,Race/Ethnicity,"Multiple/Other, NH",0.5
2025-02-22T00:00:00.000,United States,RSV,Race/Ethnicity,"White, NH",0.5
2025-02-22T00:00:00.000,United States,RSV,Race/Ethnicity,"Asian/NHOPI, NH",0.4
2025-02-22T00:00:00.000,United States,RSV,Race/Ethnicity,"AI/AN, NH",1.2
2025-02-22T00:00:00.000,United States,RSV,Race/Ethnicity,"Black, NH",0.3
2025-02-15T00:00:00.000,United States,Influenza,Sex,Male,6.7
2025-02-15T00:00:00.000,United States,COVID-19,Sex,Invalid,0.0
2025-02-15T00:00:00.000,United States,COVID-19,Sex,Other,0.0
2025-02-15T00:00:00.000,United States,COVID-19,Sex,Female,1.0
2025-02-15T00:00:00.000,United States,COVID-19,Age Group,50-64 years,0.8
2025-02-15T00:00:00.000,United States,COVID-19,Age Group,1-4 years,1.0
2025-02-15T00:00:00.000,United States,COVID-19,Age Group,<1 year,2.7
2025-02-15T00:00:00.000,United States,COVID-19,Age Group,65+ years,1.3
2025-02-15T00:00:00.000,United States,COVID-19,Age Group,5-17 years,0.7
2025-02-15T00:00:00.000,United States,COVID-19,Age Group,18-49 years,0.7
2025-02-15T00:00:00.000,United States,COVID-19,Race/Ethnicity,Hispanic,0.8
2025-02-15T00:00:00.000,United States,COVID-19,Race/Ethnicity,"Multiple/Other, NH",0.8
2025-02-15T00:00:00.000,United States,COVID-19,Race/Ethnicity,"White, NH",1.0
2025-02-15T00:00:00.000,United States,COVID-19,Race/Ethnicity,"Asian/NHOPI, NH",0.8
2025-02-15T00:00:00.000,United States,COVID-19,Race/Ethnicity,"AI/AN, NH",0.7
2025-02-15T00:00:00.000,United States,COVID-19,Race/Ethnicity,"Black, NH",1.0
2025-02-15T00:00:00.000,United States,Combined,Sex,Male,8.0
2025-02-15T00:00:00.000,United States,Combined,Sex,Invalid,3.4
2025-02-15T00:00:00.000,United States,Combined,Sex,Other,3.8
2025-02-15T00:00:00.000,United States,Combined,Sex,Female,7.8
2025-02-15T00:00:00.000,United States,Combined,Age Group,50-64 years,5.9
2025-02-15T00:00:00.000,United States,Combined,Age Group,1-4 years,20.2
2025-02-15T00:00:00.000,United States,Combined,Age Group,<1 year,16.0
2025-02-15T00:00:00.000,United States,Combined,Age Group,65+ years,6.3
2025-02-15T00:00:00.000,United States,Combined,Age Group,5-17 years,14.8
2025-02-15T00:00:00.000,United States,Combined,Age Group,18-49 years,5.7
2025-02-15T00:00:00.000,United States,Combined,Race/Ethnicity,Hispanic,8.4
2025-02-15T00:00:00.000,United States,Combined,Race/Ethnicity,"Multiple/Other, NH",7.5
2025-02-15T00:00:00.000,United States,Combined,Race/Ethnicity,"White, NH",7.7
2025-02-15T00:00:00.000,United States,Combined,Race/Ethnicity,"Asian/NHOPI, NH",8.7
2025-02-15T00:00:00.000,United States,Combined,Race/Ethnicity,"AI/AN, NH",7.8
2025-02-15T00:00:00.000,United States,Combined,Race/Ethnicity,"Black, NH",8.1
2025-02-15T00:00:00.000,United States,COVID-19,Sex,Male,0.9
2025-02-15T00:00:00.000,United States,Influenza,Sex,Invalid,3.4
2025-02-15T00:00:00.000,United States,Influenza,Sex,Other,3.8
2025-02-15T00:00:00.000,United States,Influenza,Sex,Female,6.5
2025-02-15T00:00:00.000,United States,Influenza,Age Group,50-64 years,4.9
2025-02-15T00:00:00.000,United States,Influenza,Age Group,1-4 years,16.1
2025-02-15T00:00:00.000,United States,Influenza,Age Group,<1 year,9.4
2025-02-15T00:00:00.000,United States,Influenza,Age Group,65+ years,4.8
2025-02-15T00:00:00.000,United States,Influenza,Age Group,5-17 years,13.9
2025-02-15T00:00:00.000,United States,Influenza,Age Group,18-49 years,4.9
2025-02-15T00:00:00.000,United States,Influenza,Race/Ethnicity,Hispanic,7.2
2025-02-15T00:00:00.000,United States,Influenza,Race/Ethnicity,"Multiple/Other, NH",6.3
2025-02-15T00:00:00.000,United States,Influenza,Race/Ethnicity,"White, NH",6.3
2025-02-15T00:00:00.000,United States,Influenza,Race/Ethnicity,"Asian/NHOPI, NH",7.5
2025-02-15T00:00:00.000,United States,Influenza,Race/Ethnicity,"AI/AN, NH",6.2
2025-02-15T00:00:00.000,United States,Influenza,Race/Ethnicity,"Black, NH",6.9
2025-02-15T00:00:00.000,United States,RSV,Sex,Male,0.6
2025-02-15T00:00:00.000,United States,RSV,Sex,Invalid,0.0
2025-02-15T00:00:00.000,United States,RSV,Sex,Other,0.0
2025-02-15T00:00:00.000,United States,RSV,Sex,Female,0.5
2025-02-15T00:00:00.000,United States,RSV,Age Group,50-64 years,0.2
2025-02-15T00:00:00.000,United States,RSV,Age Group,1-4 years,3.5
2025-02-15T00:00:00.000,United States,RSV,Age Group,<1 year,4.4
2025-02-15T00:00:00.000,United States,RSV,Age Group,65+ years,0.3
2025-02-15T00:00:00.000,United States,RSV,Age Group,5-17 years,0.4
2025-02-15T00:00:00.000,United States,RSV,Age Group,18-49 years,0.1
2025-02-15T00:00:00.000,United States,RSV,Race/Ethnicity,Hispanic,0.6
2025-02-15T00:00:00.000,United States,RSV,Race/Ethnicity,"Multiple/Other, NH",0.5
2025-02-15T00:00:00.000,United States,RSV,Race/Ethnicity,"Black, NH",0.3
2025-02-15T00:00:00.000,United States,RSV,Race/Ethnicity,"AI/AN, NH",1.0
2025-02-15T00:00:00.000,United States,RSV,Race/Ethnicity,"Asian/NHOPI, NH",0.5
2025-02-15T00:00:00.000,United States,RSV,Race/Ethnicity,"White, NH",0.5
2025-02-08T00:00:00.000,United States,COVID-19,Sex,Male,0.9
2025-02-08T00:00:00.000,United States,COVID-19,Sex,Invalid,0.0
2025-02-08T00:00:00.000,United States,COVID-19,Sex,Other,0.0
2025-02-08T00:00:00.000,United States,COVID-19,Sex,Female,1.1
2025-02-08T00:00:00.000,United States,COVID-19,Age Group,50-64 years,0.9
2025-02-08T00:00:00.000,United States,COVID-19,Age Group,1-4 years,1.1
2025-02-08T00:00:00.000,United States,COVID-19,Age Group,<1 year,3.1
2025-02-08T00:00:00.000,United States,COVID-19,Age Group,65+ years,1.4
2025-02-08T00:00:00.000,United States,COVID-19,Age Group,5-17 years,0.8
2025-02-08T00:00:00.000,United States,COVID-19,Age Group,18-49 years,0.8
2025-02-08T00:00:00.000,United States,COVID-19,Race/Ethnicity,Hispanic,0.8
2025-02-08T00:00:00.000,United States,COVID-19,Race/Ethnicity,"Multiple/Other, NH",0.8
2025-02-08T00:00:00.000,United States,COVID-19,Race/Ethnicity,"White, NH",1.1
2025-02-08T00:00:00.000,United States,COVID-19,Race/Ethnicity,"Asian/NHOPI, NH",0.9
2025-02-08T00:00:00.000,United States,COVID-19,Race/Ethnicity,"AI/AN, NH",0.9
2025-02-08T00:00:00.000,United States,COVID-19,Race/Ethnicity,"Black, NH",1.1
2025-02-08T00:00:00.000,United States,Combined,Sex,Male,9.6
2025-02-08T00:00:00.000,United States,Combined,Sex,Invalid,7.5
2025-02-08T00:00:00.000,United States,Combined,Sex,Other,1.3
2025-02-08T00:00:00.000,United States,Combined,Sex,Female,9.4
2025-02-08T00:00:00.000,United States,Combined,Age Group,50-64 years,6.9
2025-02-08T00:00:00.000,United States,Combined,Age Group,1-4 years,23.2
2025-02-08T00:00:00.000,United States,Combined,Age Group,<1 year,19.8
2025-02-08T00:00:00.000,United States,Combined,Age Group,65+ years,7.2
2025-02-08T00:00:00.000,United States,Combined,Age Group,5-17 years,17.9
2025-02-08T00:00:00.000,United States,Combined,Age Group,18-49 years,6.9
2025-02-08T00:00:00.000,United States,Combined,Race/Ethnicity,Hispanic,10.6
2025-02-08T00:00:00.000,United States,Combined,Race/Ethnicity,"Multiple/Other, NH",9.0
2025-02-08T00:00:00.000,United States,Combined,Race/Ethnicity,"White, NH",8.9
2025-02-08T00:00:00.000,United States,Combined,Race/Ethnicity,"Asian/NHOPI, NH",10.5
2025-02-08T00:00:00.000,United States,Combined,Race/Ethnicity,"AI/AN, NH",8.4
2025-02-08T00:00:00.000,United States,Combined,Race/Ethnicity,"Black, NH",10.2
2025-02-08T00:00:00.000,United States,Influenza,Sex,Male,8.2
2025-02-08T00:00:00.000,United States,Influenza,Sex,Invalid,7.5
2025-02-08T00:00:00.000,United States,Influenza,Sex,Other,1.3
2025-02-08T00:00:00.000,United States,Influenza,Sex,Female,7.9
2025-02-08T00:00:00.000,United States,Influenza,Age Group,50-64 years,5.9
2025-02-08T00:00:00.000,United States,Influenza,Age Group,1-4 years,19.1
2025-02-08T00:00:00.000,United States,Influenza,Age Group,<1 year,11.9
2025-02-08T00:00:00.000,United States,Influenza,Age Group,65+ years,5.6
2025-02-08T00:00:00.000,United States,Influenza,Age Group,5-17 years,16.8
2025-02-08T00:00:00.000,United States,Influenza,Age Group,18-49 years,6.1
2025-02-08T00:00:00.000,United States,Influenza,Race/Ethnicity,Hispanic,9.3
2025-02-08T00:00:00.000,United States,Influenza,Race/Ethnicity,"Multiple/Other, NH",7.7
2025-02-08T00:00:00.000,United States,Influenza,Race/Ethnicity,"White, NH",7.4
2025-02-08T00:00:00.000,United States,Influenza,Race/Ethnicity,"Asian/NHOPI, NH",9.1
2025-02-08T00:00:00.000,United States,Influenza,Race/Ethnicity,"AI/AN, NH",6.7
2025-02-08T00:00:00.000,United States,Influenza,Race/Ethnicity,"Black, NH",9.0
2025-02-08T00:00:00.000,United States,RSV,Sex,Male,0.6
2025-02-08T00:00:00.000,United States,RSV,Sex,Invalid,0.0
2025-02-08T00:00:00.000,United States,RSV,Sex,Other,0.0
2025-02-08T00:00:00.000,United States,RSV,Sex,Female,0.5
2025-02-08T00:00:00.000,United States,RSV,Age Group,50-64 years,0.2
2025-02-08T00:00:00.000,United States,RSV,Age Group,1-4 years,3.5
2025-02-08T00:00:00.000,United States,RSV,Age Group,<1 year,5.2
2025-02-08T00:00:00.000,United States,RSV,Age Group,65+ years,0.3
2025-02-08T00:00:00.000,United States,RSV,Age Group,5-17 years,0.5
2025-02-08T00:00:00.000,United States,RSV,Age Group,18-49 years,0.1
2025-02-08T00:00:00.000,United States,RSV,Race/Ethnicity,Hispanic,0.7
2025-02-08T00:00:00.000,United States,RSV,Race/Ethnicity,"Multiple/Other, NH",0.6
2025-02-08T00:00:00.000,United States,RSV,Race/Ethnicity,"White, NH",0.6
2025-02-08T00:00:00.000,United States,RSV,Race/Ethnicity,"Asian/NHOPI, NH",0.7
2025-02-08T00:00:00.000,United States,RSV,Race/Ethnicity,"AI/AN, NH",1.0
2025-02-08T00:00:00.000,United States,RSV,Race/Ethnicity,"Black, NH",0.3
2025-02-01T00:00:00.000,United States,Combined,Race/Ethnicity,"Black, NH",10.8
2025-02-01T00:00:00.000,United States,COVID-19,Sex,Male,1.0
2025-02-01T00:00:00.000,United States,COVID-19,Sex,Invalid,0.0
2025-02-01T00:00:00.000,United States,COVID-19,Sex,Other,0.0
2025-02-01T00:00:00.000,United States,COVID-19,Sex,Female,1.0
2025-02-01T00:00:00.000,United States,COVID-19,Age Group,50-64 years,0.9
2025-02-01T00:00:00.000,United States,COVID-19,Age Group,1-4 years,1.0
2025-02-01T00:00:00.000,United States,COVID-19,Age Group,<1 year,3.0
2025-02-01T00:00:00.000,United States,COVID-19,Age Group,65+ years,1.4
2025-02-01T00:00:00.000,United States,COVID-19,Age Group,5-17 years,0.8
2025-02-01T00:00:00.000,United States,COVID-19,Age Group,18-49 years,0.8
2025-02-01T00:00:00.000,United States,COVID-19,Race/Ethnicity,Hispanic,0.8
2025-02-01T00:00:00.000,United States,COVID-19,Race/Ethnicity,"Multiple/Other, NH",0.8
2025-02-01T00:00:00.000,United States,COVID-19,Race/Ethnicity,"White, NH",1.1
2025-02-01T00:00:00.000,United States,COVID-19,Race/Ethnicity,"Asian/NHOPI, NH",0.8
2025-02-01T00:00:00.000,United States,COVID-19,Race/Ethnicity,"AI/AN, NH",0.8
2025-02-01T00:00:00.000,United States,COVID-19,Race/Ethnicity,"Black, NH",1.0
2025-02-01T00:00:00.000,United States,Combined,Sex,Male,9.9
2025-02-01T00:00:00.000,United States,Combined,Sex,Invalid,2.9
2025-02-01T00:00:00.000,United States,Combined,Sex,Other,2.3
2025-02-01T00:00:00.000,United States,Combined,Sex,Female,9.5
2025-02-01T00:00:00.000,United States,Combined,Age Group,50-64 years,7.2
2025-02-01T00:00:00.000,United States,Combined,Age Group,1-4 years,23.0
2025-02-01T00:00:00.000,United States,Combined,Age Group,<1 year,20.1
2025-02-01T00:00:00.000,United States,Combined,Age Group,65+ years,6.9
2025-02-01T00:00:00.000,United States,Combined,Age Group,5-17 years,17.8
2025-02-01T00:00:00.000,United States,Combined,Age Group,18-49 years,7.5
2025-02-01T00:00:00.000,United States,Combined,Race/Ethnicity,Hispanic,11.5
2025-02-01T00:00:00.000,United States,Combined,Race/Ethnicity,"Multiple/Other, NH",9.4
2025-02-01T00:00:00.000,United States,Combined,Race/Ethnicity,"White, NH",8.6
2025-02-01T00:00:00.000,United States,Combined,Race/Ethnicity,"Asian/NHOPI, NH",10.4
2025-02-01T00:00:00.000,United States,Combined,Race/Ethnicity,"AI/AN, NH",8.4
2025-02-01T00:00:00.000,United States,Influenza,Sex,Male,8.5
2025-02-01T00:00:00.000,United States,Influenza,Sex,Invalid,2.9
2025-02-01T00:00:00.000,United States,Influenza,Sex,Other,2.3
2025-02-01T00:00:00.000,United States,Influenza,Sex,Female,8.0
2025-02-01T00:00:00.000,United States,Influenza,Age Group,50-64 years,6.2
2025-02-01T00:00:00.000,United States,Influenza,Age Group,1-4 years,18.9
2025-02-01T00:00:00.000,United States,Influenza,Age Group,<1 year,11.9
2025-02-01T00:00:00.000,United States,Influenza,Age Group,65+ years,5.3
2025-02-01T00:00:00.000,United States,Influenza,Age Group,5-17 years,16.8
2025-02-01T00:00:00.000,United States,Influenza,Age Group,18-49 years,6.7
2025-02-01T00:00:00.000,United States,Influenza,Race/Ethnicity,Hispanic,10.1
2025-02-01T00:00:00.000,United States,Influenza,Race/Ethnicity,"Multiple/Other, NH",8.1
2025-02-01T00:00:00.000,United States,Influenza,Race/Ethnicity,"White, NH",7.1
2025-02-01T00:00:00.000,United States,Influenza,Race/Ethnicity,"Asian/NHOPI, NH",9.1
2025-02-01T00:00:00.000,United States,Influenza,Race/Ethnicity,"AI/AN, NH",6.8
2025-02-01T00:00:00.000,United States,Influenza,Race/Ethnicity,"Black, NH",9.6
2025-02-01T00:00:00.000,United States,RSV,Sex,Male,0.6
2025-02-01T00:00:00.000,United States,RSV,Sex,Invalid,0.0
2025-02-01T00:00:00.000,United States,RSV,Sex,Other,0.0
2025-02-01T00:00:00.000,United States,RSV,Sex,Female,0.5
2025-02-01T00:00:00.000,United States,RSV,Age Group,50-64 years,0.2
2025-02-01T00:00:00.000,United States,RSV,Age Group,1-4 years,3.5
2025-02-01T00:00:00.000,United States,RSV,Age Group,<1 year,5.7
2025-02-01T00:00:00.000,United States,RSV,Age Group,65+ years,0.3
2025-02-01T00:00:00.000,United States,RSV,Age Group,5-17 years,0.4
2025-02-01T00:00:00.000,United States,RSV,Age Group,18-49 years,0.1
2025-02-01T00:00:00.000,United States,RSV,Race/Ethnicity,Hispanic,0.7
2025-02-01T00:00:00.000,United States,RSV,Race/Ethnicity,"Multiple/Other, NH",0.6
2025-02-01T00:00:00.000,United States,RSV,Race/Ethnicity,"White, NH",0.6
2025-02-01T00:00:00.000,United States,RSV,Race/Ethnicity,"Asian/NHOPI, NH",0.5
2025-02-01T00:00:00.000,United States,RSV,Race/Ethnicity,"AI/AN, NH",0.9
2025-02-01T00:00:00.000,United States,RSV,Race/Ethnicity,"Black, NH",0.3
2025-01-25T00:00:00.000,United States,COVID-19,Sex,Female,1.0
2025-01-25T00:00:00.000,United States,COVID-19,Age Group,50-64 years,0.9
2025-01-25T00:00:00.000,United States,COVID-19,Age Group,1-4 years,1.0
2025-01-25T00:00:00.000,United States,COVID-19,Age Group,<1 year,2.9
2025-01-25T00:00:00.000,United States,COVID-19,Age Group,65+ years,1.5
2025-01-25T00:00:00.000,United States,COVID-19,Age Group,5-17 years,0.7
2025-01-25T00:00:00.000,United States,COVID-19,Age Group,18-49 years,0.7
2025-01-25T00:00:00.000,United States,COVID-19,Race/Ethnicity,Hispanic,0.8
2025-01-25T00:00:00.000,United States,COVID-19,Race/Ethnicity,"Multiple/Other, NH",0.8
2025-01-25T00:00:00.000,United States,COVID-19,Race/Ethnicity,"White, NH",1.1
2025-01-25T00:00:00.000,United States,COVID-19,Race/Ethnicity,"Asian/NHOPI, NH",0.8
2025-01-25T00:00:00.000,United States,COVID-19,Race/Ethnicity,"AI/AN, NH",0.8
2025-01-25T00:00:00.000,United States,COVID-19,Race/Ethnicity,"Black, NH",1.0
2025-01-25T00:00:00.000,United States,Combined,Sex,Male,8.9
2025-01-25T00:00:00.000,United States,Combined,Sex,Invalid,9.1
2025-01-25T00:00:00.000,United States,Combined,Sex,Other,3.7
2025-01-25T00:00:00.000,United States,Combined,Sex,Female,8.6
2025-01-25T00:00:00.000,United States,Combined,Age Group,50-64 years,6.2
2025-01-25T00:00:00.000,United States,Combined,Age Group,1-4 years,22.1
2025-01-25T00:00:00.000,United States,Combined,Age Group,<1 year,19.2
2025-01-25T00:00:00.000,United States,Combined,Age Group,65+ years,6.0
2025-01-25T00:00:00.000,United States,Combined,Age Group,5-17 years,17.5
2025-01-25T00:00:00.000,United States,Combined,Age Group,18-49 years,6.7
2025-01-25T00:00:00.000,United States,Combined,Race/Ethnicity,Hispanic,10.8
2025-01-25T00:00:00.000,United States,Combined,Race/Ethnicity,"Multiple/Other, NH",8.8
2025-01-25T00:00:00.000,United States,Combined,Race/Ethnicity,"White, NH",7.5
2025-01-25T00:00:00.000,United States,Combined,Race/Ethnicity,"Asian/NHOPI, NH",9.5
2025-01-25T00:00:00.000,United States,Combined,Race/Ethnicity,"AI/AN, NH",8.0
2025-01-25T00:00:00.000,United States,Combined,Race/Ethnicity,"Black, NH",10.1
2025-01-25T00:00:00.000,United States,Influenza,Sex,Male,7.4
2025-01-25T00:00:00.000,United States,Influenza,Sex,Invalid,6.8
2025-01-25T00:00:00.000,United States,Influenza,Sex,Other,1.9
2025-01-25T00:00:00.000,United States,Influenza,Sex,Female,7.2
2025-01-25T00:00:00.000,United States,Influenza,Age Group,50-64 years,5.1
2025-01-25T00:00:00.000,United States,Influenza,Age Group,1-4 years,17.5
2025-01-25T00:00:00.000,United States,Influenza,Age Group,<1 year,10.8
2025-01-25T00:00:00.000,United States,Influenza,Age Group,65+ years,4.3
2025-01-25T00:00:00.000,United States,Influenza,Age Group,5-17 years,16.5
2025-01-25T00:00:00.000,United States,Influenza,Age Group,18-49 years,5.9
2025-01-25T00:00:00.000,United States,Influenza,Race/Ethnicity,Hispanic,9.5
2025-01-25T00:00:00.000,United States,Influenza,Race/Ethnicity,"Multiple/Other, NH",7.4
2025-01-25T00:00:00.000,United States,Influenza,Race/Ethnicity,"White, NH",5.8
2025-01-25T00:00:00.000,United States,Influenza,Race/Ethnicity,"Asian/NHOPI, NH",8.2
2025-01-25T00:00:00.000,United States,Influenza,Race/Ethnicity,"AI/AN, NH",6.5
2025-01-25T00:00:00.000,United States,Influenza,Race/Ethnicity,"Black, NH",8.9
2025-01-25T00:00:00.000,United States,RSV,Sex,Male,0.7
2025-01-25T00:00:00.000,United States,RSV,Sex,Invalid,0.0
2025-01-25T00:00:00.000,United States,RSV,Sex,Other,0.0
2025-01-25T00:00:00.000,United States,RSV,Sex,Female,0.5
2025-01-25T00:00:00.000,United States,RSV,Age Group,50-64 years,0.2
2025-01-25T00:00:00.000,United States,RSV,Age Group,1-4 years,4.0
2025-01-25T00:00:00.000,United States,RSV,Age Group,<1 year,6.0
2025-01-25T00:00:00.000,United States,RSV,Age Group,65+ years,0.3
2025-01-25T00:00:00.000,United States,RSV,Age Group,5-17 years,0.5
2025-01-25T00:00:00.000,United States,RSV,Age Group,18-49 years,0.1
2025-01-25T00:00:00.000,United States,RSV,Race/Ethnicity,Hispanic,0.7
2025-01-25T00:00:00.000,United States,RSV,Race/Ethnicity,"Multiple/Other, NH",0.7
2025-01-25T00:00:00.000,United States,RSV,Race/Ethnicity,"White, NH",0.6
2025-01-25T00:00:00.000,United States,RSV,Race/Ethnicity,"Asian/NHOPI, NH",0.6
2025-01-25T00:00:00.000,United States,COVID-19,Sex,Other,1.9
2025-01-25T00:00:00.000,United States,RSV,Race/Ethnicity,"AI/AN, NH",0.9
2025-01-25T00:00:00.000,United States,RSV,Race/Ethnicity,"Black, NH",0.4
2025-01-25T00:00:00.000,United States,COVID-19,Sex,Male,1.0
2025-01-25T00:00:00.000,United States,COVID-19,Sex,Invalid,2.3
2025-01-18T00:00:00.000,United States,RSV,Race/Ethnicity,"White, NH",0.6
2025-01-18T00:00:00.000,United States,RSV,Race/Ethnicity,"Multiple/Other, NH",0.7
2025-01-18T00:00:00.000,United States,RSV,Race/Ethnicity,Hispanic,0.8
2025-01-18T00:00:00.000,United States,RSV,Age Group,18-49 years,0.2
2025-01-18T00:00:00.000,United States,RSV,Age Group,5-17 years,0.4
2025-01-18T00:00:00.000,United States,RSV,Age Group,65+ years,0.4
2025-01-18T00:00:00.000,United States,RSV,Age Group,<1 year,6.4
2025-01-18T00:00:00.000,United States,RSV,Age Group,1-4 years,4.5
2025-01-18T00:00:00.000,United States,RSV,Age Group,50-64 years,0.2
2025-01-18T00:00:00.000,United States,RSV,Sex,Female,0.6
2025-01-18T00:00:00.000,United States,RSV,Sex,Other,0.0
2025-01-18T00:00:00.000,United States,RSV,Sex,Invalid,0.0
2025-01-18T00:00:00.000,United States,RSV,Sex,Male,0.7
2025-01-18T00:00:00.000,United States,Influenza,Race/Ethnicity,"Black, NH",6.5
2025-01-18T00:00:00.000,United States,Influenza,Race/Ethnicity,"AI/AN, NH",5.6
2025-01-18T00:00:00.000,United States,Influenza,Race/Ethnicity,"Asian/NHOPI, NH",6.6
2025-01-18T00:00:00.000,United States,Influenza,Race/Ethnicity,"White, NH",4.2
2025-01-18T00:00:00.000,United States,Influenza,Race/Ethnicity,"Multiple/Other, NH",5.9
2025-01-18T00:00:00.000,United States,Influenza,Race/Ethnicity,Hispanic,7.5
2025-01-18T00:00:00.000,United States,Influenza,Age Group,18-49 years,4.4
2025-01-18T00:00:00.000,United States,Influenza,Age Group,5-17 years,12.4
2025-01-18T00:00:00.000,United States,Influenza,Age Group,65+ years,3.2
2025-01-18T00:00:00.000,United States,Influenza,Age Group,<1 year,8.1
2025-01-18T00:00:00.000,United States,Influenza,Age Group,1-4 years,14.2
2025-01-18T00:00:00.000,United States,Influenza,Age Group,50-64 years,3.8
2025-01-18T00:00:00.000,United States,Influenza,Sex,Female,5.3
2025-01-18T00:00:00.000,United States,Influenza,Sex,Other,0.0
2025-01-18T00:00:00.000,United States,Influenza,Sex,Invalid,5.3
2025-01-18T00:00:00.000,United States,Influenza,Sex,Male,5.6
2025-01-18T00:00:00.000,United States,Combined,Race/Ethnicity,"Black, NH",7.8
2025-01-18T00:00:00.000,United States,Combined,Race/Ethnicity,"AI/AN, NH",7.2
2025-01-18T00:00:00.000,United States,Combined,Race/Ethnicity,"Asian/NHOPI, NH",8.0
2025-01-18T00:00:00.000,United States,Combined,Race/Ethnicity,"White, NH",5.9
2025-01-18T00:00:00.000,United States,Combined,Race/Ethnicity,"Multiple/Other, NH",7.2
2025-01-18T00:00:00.000,United States,Combined,Race/Ethnicity,Hispanic,8.9
2025-01-18T00:00:00.000,United States,Combined,Age Group,18-49 years,5.2
2025-01-18T00:00:00.000,United States,Combined,Age Group,5-17 years,13.2
2025-01-18T00:00:00.000,United States,Combined,Age Group,65+ years,5.1
2025-01-18T00:00:00.000,United States,Combined,Age Group,<1 year,16.8
2025-01-18T00:00:00.000,United States,Combined,Age Group,1-4 years,19.2
2025-01-18T00:00:00.000,United States,Combined,Age Group,50-64 years,4.9
2025-01-18T00:00:00.000,United States,Combined,Sex,Female,6.8
2025-01-18T00:00:00.000,United States,Combined,Sex,Other,0.0
2025-01-18T00:00:00.000,United States,Combined,Sex,Invalid,5.3
2025-01-18T00:00:00.000,United States,Combined,Sex,Male,7.1
2025-01-18T00:00:00.000,United States,COVID-19,Race/Ethnicity,"Black, NH",0.9
2025-01-18T00:00:00.000,United States,COVID-19,Race/Ethnicity,"AI/AN, NH",0.8
2025-01-18T00:00:00.000,United States,COVID-19,Race/Ethnicity,"Asian/NHOPI, NH",0.8
2025-01-18T00:00:00.000,United States,COVID-19,Race/Ethnicity,"White, NH",1.1
2025-01-18T00:00:00.000,United States,COVID-19,Race/Ethnicity,"Multiple/Other, NH",0.8
2025-01-18T00:00:00.000,United States,COVID-19,Race/Ethnicity,Hispanic,0.7
2025-01-18T00:00:00.000,United States,COVID-19,Age Group,18-49 years,0.7
2025-01-18T00:00:00.000,United States,COVID-19,Age Group,5-17 years,0.5
2025-01-18T00:00:00.000,United States,COVID-19,Age Group,65+ years,1.5
2025-01-18T00:00:00.000,United States,COVID-19,Age Group,<1 year,2.6
2025-01-18T00:00:00.000,United States,COVID-19,Age Group,1-4 years,1.0
2025-01-18T00:00:00.000,United States,COVID-19,Age Group,50-64 years,0.9
2025-01-18T00:00:00.000,United States,COVID-19,Sex,Female,1.0
2025-01-18T00:00:00.000,United States,COVID-19,Sex,Other,0.0
2025-01-18T00:00:00.000,United States,COVID-19,Sex,Invalid,0.0
2025-01-18T00:00:00.000,United States,COVID-19,Sex,Male,0.9
2025-01-18T00:00:00.000,United States,RSV,Race/Ethnicity,"Black, NH",0.5
2025-01-18T00:00:00.000,United States,RSV,Race/Ethnicity,"AI/AN, NH",0.9
2025-01-18T00:00:00.000,United States,RSV,Race/Ethnicity,"Asian/NHOPI, NH",0.7
2025-01-11T00:00:00.000,United States,COVID-19,Sex,Male,1.1
2025-01-11T00:00:00.000,United States,RSV,Race/Ethnicity,"AI/AN, NH",0.7
2025-01-11T00:00:00.000,United States,RSV,Race/Ethnicity,"Asian/NHOPI, NH",0.9
2025-01-11T00:00:00.000,United States,RSV,Race/Ethnicity,"White, NH",0.8
2025-01-11T00:00:00.000,United States,RSV,Race/Ethnicity,"Multiple/Other, NH",0.8
2025-01-11T00:00:00.000,United States,RSV,Race/Ethnicity,Hispanic,1.0
2025-01-11T00:00:00.000,United States,RSV,Age Group,18-49 years,0.2
2025-01-11T00:00:00.000,United States,RSV,Age Group,5-17 years,0.4
2025-01-11T00:00:00.000,United States,RSV,Age Group,65+ years,0.5
2025-01-11T00:00:00.000,United States,RSV,Age Group,<1 year,8.7
2025-01-11T00:00:00.000,United States,RSV,Age Group,1-4 years,5.4
2025-01-11T00:00:00.000,United States,RSV,Age Group,50-64 years,0.3
2025-01-11T00:00:00.000,United States,RSV,Sex,Female,0.7
2025-01-11T00:00:00.000,United States,RSV,Sex,Other,0.0
2025-01-11T00:00:00.000,United States,RSV,Sex,Invalid,0.0
2025-01-11T00:00:00.000,United States,RSV,Sex,Male,0.9
2025-01-11T00:00:00.000,United States,Influenza,Race/Ethnicity,"Black, NH",4.9
2025-01-11T00:00:00.000,United States,Influenza,Race/Ethnicity,"AI/AN, NH",4.9
2025-01-11T00:00:00.000,United States,Influenza,Race/Ethnicity,"Asian/NHOPI, NH",5.8
2025-01-11T00:00:00.000,United States,Influenza,Race/Ethnicity,"White, NH",3.5
2025-01-11T00:00:00.000,United States,Influenza,Race/Ethnicity,"Multiple/Other, NH",4.8
2025-01-11T00:00:00.000,United States,Influenza,Race/Ethnicity,Hispanic,6.2
2025-01-11T00:00:00.000,United States,Influenza,Age Group,18-49 years,3.9
2025-01-11T00:00:00.000,United States,Influenza,Age Group,5-17 years,7.5
2025-01-11T00:00:00.000,United States,Influenza,Age Group,65+ years,3.1
2025-01-11T00:00:00.000,United States,Influenza,Age Group,<1 year,6.6
2025-01-11T00:00:00.000,United States,Influenza,Age Group,1-4 years,11.0
2025-01-11T00:00:00.000,United States,Influenza,Age Group,50-64 years,3.6
2025-01-11T00:00:00.000,United States,Influenza,Sex,Female,4.4
2025-01-11T00:00:00.000,United States,Influenza,Sex,Other,4.5
2025-01-11T00:00:00.000,United States,Influenza,Sex,Invalid,0.0
2025-01-11T00:00:00.000,United States,Influenza,Sex,Male,4.4
2025-01-11T00:00:00.000,United States,Combined,Race/Ethnicity,"Black, NH",6.4
2025-01-11T00:00:00.000,United States,Combined,Race/Ethnicity,"AI/AN, NH",6.4
2025-01-11T00:00:00.000,United States,Combined,Race/Ethnicity,"Asian/NHOPI, NH",7.5
2025-01-11T00:00:00.000,United States,Combined,Race/Ethnicity,"White, NH",5.5
2025-01-11T00:00:00.000,United States,Combined,Race/Ethnicity,"Multiple/Other, NH",6.3
2025-01-11T00:00:00.000,United States,Combined,Race/Ethnicity,Hispanic,7.9
2025-01-11T00:00:00.000,United States,Combined,Age Group,18-49 years,4.9
2025-01-11T00:00:00.000,United States,Combined,Age Group,5-17 years,8.2
2025-01-11T00:00:00.000,United States,Combined,Age Group,65+ years,5.4
2025-01-11T00:00:00.000,United States,Combined,Age Group,<1 year,17.8
2025-01-11T00:00:00.000,United States,Combined,Age Group,1-4 years,17.0
2025-01-11T00:00:00.000,United States,Combined,Age Group,50-64 years,4.9
2025-01-11T00:00:00.000,United States,Combined,Sex,Female,6.2
2025-01-11T00:00:00.000,United States,Combined,Sex,Other,4.5
2025-01-11T00:00:00.000,United States,Combined,Sex,Invalid,0.0
2025-01-11T00:00:00.000,United States,Combined,Sex,Male,6.3
2025-01-11T00:00:00.000,United States,COVID-19,Race/Ethnicity,"Black, NH",1.0
2025-01-11T00:00:00.000,United States,COVID-19,Race/Ethnicity,"AI/AN, NH",1.0
2025-01-11T00:00:00.000,United States,COVID-19,Race/Ethnicity,"Asian/NHOPI, NH",1.0
2025-01-11T00:00:00.000,United States,COVID-19,Race/Ethnicity,"White, NH",1.4
2025-01-11T00:00:00.000,United States,COVID-19,Race/Ethnicity,"Multiple/Other, NH",0.8
2025-01-11T00:00:00.000,United States,COVID-19,Race/Ethnicity,Hispanic,0.8
2025-01-11T00:00:00.000,United States,COVID-19,Age Group,18-49 years,0.8
2025-01-11T00:00:00.000,United States,COVID-19,Age Group,5-17 years,0.5
2025-01-11T00:00:00.000,United States,COVID-19,Age Group,65+ years,1.8
2025-01-11T00:00:00.000,United States,COVID-19,Age Group,<1 year,2.9
2025-01-11T00:00:00.000,United States,COVID-19,Age Group,1-4 years,1.0
2025-01-11T00:00:00.000,United States,COVID-19,Age Group,50-64 years,1.1
2025-01-11T00:00:00.000,United States,RSV,Race/Ethnicity,"Black, NH",0.6
2025-01-11T00:00:00.000,United States,COVID-19,Sex,Female,1.2
2025-01-11T00:00:00.000,United States,COVID-19,Sex,Other,0.0
2025-01-11T00:00:00.000,United States,COVID-19,Sex,Invalid,0.0
2025-01-04T00:00:00.000,United States,RSV,Race/Ethnicity,"White, NH",1.0
2025-01-04T00:00:00.000,United States,RSV,Race/Ethnicity,"Multiple/Other, NH",1.2
2025-01-04T00:00:00.000,United States,RSV,Race/Ethnicity,Hispanic,1.4
2025-01-04T00:00:00.000,United States,RSV,Age Group,18-49 years,0.2
2025-01-04T00:00:00.000,United States,RSV,Age Group,5-17 years,0.7
2025-01-04T00:00:00.000,United States,RSV,Age Group,65+ years,0.5
2025-01-04T00:00:00.000,United States,RSV,Age Group,<1 year,10.8
2025-01-04T00:00:00.000,United States,RSV,Age Group,1-4 years,6.7
2025-01-04T00:00:00.000,United States,RSV,Age Group,50-64 years,0.4
2025-01-04T00:00:00.000,United States,RSV,Sex,Female,1.0
2025-01-04T00:00:00.000,United States,RSV,Sex,Other,0.0
2025-01-04T00:00:00.000,United States,RSV,Sex,Invalid,0.0
2025-01-04T00:00:00.000,United States,RSV,Sex,Male,1.2
2025-01-04T00:00:00.000,United States,Influenza,Race/Ethnicity,"Black, NH",5.3
2025-01-04T00:00:00.000,United States,Influenza,Race/Ethnicity,"AI/AN, NH",6.0
2025-01-04T00:00:00.000,United States,Influenza,Race/Ethnicity,"Asian/NHOPI, NH",6.5
2025-01-04T00:00:00.000,United States,Influenza,Race/Ethnicity,"White, NH",4.1
2025-01-04T00:00:00.000,United States,Influenza,Race/Ethnicity,"Multiple/Other, NH",5.3
2025-01-04T00:00:00.000,United States,Influenza,Race/Ethnicity,Hispanic,7.1
2025-01-04T00:00:00.000,United States,Influenza,Age Group,18-49 years,4.6
2025-01-04T00:00:00.000,United States,Influenza,Age Group,5-17 years,7.4
2025-01-04T00:00:00.000,United States,Influenza,Age Group,65+ years,3.8
2025-01-04T00:00:00.000,United States,Influenza,Age Group,<1 year,7.2
2025-01-04T00:00:00.000,United States,Influenza,Age Group,1-4 years,10.8
2025-01-04T00:00:00.000,United States,Influenza,Age Group,50-64 years,4.2
2025-01-04T00:00:00.000,United States,Influenza,Sex,Female,5.0
2025-01-04T00:00:00.000,United States,Influenza,Sex,Other,0.0
2025-01-04T00:00:00.000,United States,Influenza,Sex,Invalid,2.4
2025-01-04T00:00:00.000,United States,Influenza,Sex,Male,5.0
2025-01-04T00:00:00.000,United States,Combined,Race/Ethnicity,"Black, NH",7.1
2025-01-04T00:00:00.000,United States,Combined,Race/Ethnicity,"AI/AN, NH",7.9
2025-01-04T00:00:00.000,United States,Combined,Race/Ethnicity,"Asian/NHOPI, NH",8.5
2025-01-04T00:00:00.000,United States,Combined,Race/Ethnicity,"White, NH",6.7
2025-01-04T00:00:00.000,United States,COVID-19,Sex,Male,1.3
2025-01-04T00:00:00.000,United States,Combined,Race/Ethnicity,"Multiple/Other, NH",7.3
2025-01-04T00:00:00.000,United States,Combined,Race/Ethnicity,Hispanic,9.3
2025-01-04T00:00:00.000,United States,Combined,Age Group,18-49 years,5.6
2025-01-04T00:00:00.000,United States,Combined,Age Group,5-17 years,8.5
2025-01-04T00:00:00.000,United States,Combined,Age Group,65+ years,6.6
2025-01-04T00:00:00.000,United States,Combined,Age Group,<1 year,20.5
2025-01-04T00:00:00.000,United States,Combined,Age Group,1-4 years,18.1
2025-01-04T00:00:00.000,United States,Combined,Age Group,50-64 years,5.7
2025-01-04T00:00:00.000,United States,Combined,Sex,Female,7.3
2025-01-04T00:00:00.000,United States,Combined,Sex,Other,0.0
2025-01-04T00:00:00.000,United States,Combined,Sex,Invalid,4.8
2025-01-04T00:00:00.000,United States,Combined,Sex,Male,7.3
2025-01-04T00:00:00.000,United States,COVID-19,Race/Ethnicity,"Black, NH",1.1
2025-01-04T00:00:00.000,United States,COVID-19,Race/Ethnicity,"AI/AN, NH",1.1
2025-01-04T00:00:00.000,United States,COVID-19,Race/Ethnicity,"Asian/NHOPI, NH",1.0
2025-01-04T00:00:00.000,United States,COVID-19,Race/Ethnicity,"White, NH",1.7
2025-01-04T00:00:00.000,United States,COVID-19,Race/Ethnicity,"Multiple/Other, NH",1.0
2025-01-04T00:00:00.000,United States,COVID-19,Race/Ethnicity,Hispanic,0.9
2025-01-04T00:00:00.000,United States,COVID-19,Age Group,18-49 years,0.9
2025-01-04T00:00:00.000,United States,COVID-19,Age Group,5-17 years,0.4
2025-01-04T00:00:00.000,United States,COVID-19,Age Group,65+ years,2.4
2025-01-04T00:00:00.000,United States,COVID-19,Age Group,<1 year,3.1
2025-01-04T00:00:00.000,United States,COVID-19,Age Group,1-4 years,1.0
2025-01-04T00:00:00.000,United States,COVID-19,Age Group,50-64 years,1.3
2025-01-04T00:00:00.000,United States,COVID-19,Sex,Female,1.4
2025-01-04T00:00:00.000,United States,COVID-19,Sex,Other,0.0
2025-01-04T00:00:00.000,United States,COVID-19,Sex,Invalid,2.4
2025-01-04T00:00:00.000,United States,RSV,Race/Ethnicity,"AI/AN, NH",0.9
2025-01-04T00:00:00.000,United States,RSV,Race/Ethnicity,"Asian/NHOPI, NH",1.1
2025-01-04T00:00:00.000,United States,RSV,Race/Ethnicity,"Black, NH",0.9
2024-12-28T00:00:00.000,United States,COVID-19,Sex,Male,1.2
2024-12-28T00:00:00.000,United States,RSV,Race/Ethnicity,"Black, NH",1.0
2024-12-28T00:00:00.000,United States,RSV,Race/Ethnicity,"AI/AN, NH",1.0
2024-12-28T00:00:00.000,United States,RSV,Race/Ethnicity,"Asian/NHOPI, NH",1.2
2024-12-28T00:00:00.000,United States,RSV,Race/Ethnicity,"White, NH",1.0
2024-12-28T00:00:00.000,United States,RSV,Race/Ethnicity,"Multiple/Other, NH",1.2
2024-12-28T00:00:00.000,United States,RSV,Race/Ethnicity,Hispanic,1.5
2024-12-28T00:00:00.000,United States,RSV,Age Group,18-49 years,0.2
2024-12-28T00:00:00.000,United States,RSV,Age Group,5-17 years,1.1
2024-12-28T00:00:00.000,United States,RSV,Age Group,65+ years,0.4
2024-12-28T00:00:00.000,United States,RSV,Age Group,<1 year,9.8
2024-12-28T00:00:00.000,United States,RSV,Age Group,1-4 years,7.1
2024-12-28T00:00:00.000,United States,RSV,Age Group,50-64 years,0.3
2024-12-28T00:00:00.000,United States,RSV,Sex,Female,1.0
2024-12-28T00:00:00.000,United States,RSV,Sex,Other,0.0
2024-12-28T00:00:00.000,United States,RSV,Sex,Invalid,0.0
2024-12-28T00:00:00.000,United States,RSV,Sex,Male,1.2
2024-12-28T00:00:00.000,United States,Influenza,Race/Ethnicity,"Black, NH",6.2
2024-12-28T00:00:00.000,United States,Influenza,Race/Ethnicity,"AI/AN, NH",6.4
2024-12-28T00:00:00.000,United States,Influenza,Race/Ethnicity,"Asian/NHOPI, NH",6.4
2024-12-28T00:00:00.000,United States,Influenza,Race/Ethnicity,"White, NH",4.3
2024-12-28T00:00:00.000,United States,Influenza,Race/Ethnicity,"Multiple/Other, NH",5.8
2024-12-28T00:00:00.000,United States,Influenza,Race/Ethnicity,Hispanic,7.8
2024-12-28T00:00:00.000,United States,Influenza,Age Group,18-49 years,4.8
2024-12-28T00:00:00.000,United States,Influenza,Age Group,5-17 years,11.8
2024-12-28T00:00:00.000,United States,Influenza,Age Group,65+ years,3.4
2024-12-28T00:00:00.000,United States,Influenza,Age Group,<1 year,7.2
2024-12-28T00:00:00.000,United States,Influenza,Age Group,1-4 years,10.9
2024-12-28T00:00:00.000,United States,Influenza,Age Group,50-64 years,3.9
2024-12-28T00:00:00.000,United States,Influenza,Sex,Female,5.5
2024-12-28T00:00:00.000,United States,Influenza,Sex,Other,9.1
2024-12-28T00:00:00.000,United States,Influenza,Sex,Invalid,0.0
2024-12-28T00:00:00.000,United States,Influenza,Sex,Male,5.4
2024-12-28T00:00:00.000,United States,Combined,Race/Ethnicity,"Black, NH",8.0
2024-12-28T00:00:00.000,United States,Combined,Race/Ethnicity,"AI/AN, NH",8.3
2024-12-28T00:00:00.000,United States,Combined,Race/Ethnicity,"Asian/NHOPI, NH",8.3
2024-12-28T00:00:00.000,United States,Combined,Race/Ethnicity,"White, NH",6.8
2024-12-28T00:00:00.000,United States,Combined,Race/Ethnicity,"Multiple/Other, NH",7.8
2024-12-28T00:00:00.000,United States,Combined,Race/Ethnicity,Hispanic,10.0
2024-12-28T00:00:00.000,United States,Combined,Age Group,18-49 years,5.8
2024-12-28T00:00:00.000,United States,Combined,Age Group,5-17 years,13.3
2024-12-28T00:00:00.000,United States,Combined,Age Group,65+ years,5.9
2024-12-28T00:00:00.000,United States,Combined,Age Group,<1 year,19.5
2024-12-28T00:00:00.000,United States,Combined,Age Group,1-4 years,18.6
2024-12-28T00:00:00.000,United States,Combined,Age Group,50-64 years,5.3
2024-12-28T00:00:00.000,United States,Combined,Sex,Female,7.7
2024-12-28T00:00:00.000,United States,Combined,Sex,Other,9.1
2024-12-28T00:00:00.000,United States,Combined,Sex,Invalid,2.5
2024-12-28T00:00:00.000,United States,Combined,Sex,Male,7.7
2024-12-28T00:00:00.000,United States,COVID-19,Race/Ethnicity,"Black, NH",1.0
2024-12-28T00:00:00.000,United States,COVID-19,Race/Ethnicity,"AI/AN, NH",1.1
2024-12-28T00:00:00.000,United States,COVID-19,Race/Ethnicity,"Asian/NHOPI, NH",0.9
2024-12-28T00:00:00.000,United States,COVID-19,Race/Ethnicity,"White, NH",1.6
2024-12-28T00:00:00.000,United States,COVID-19,Race/Ethnicity,"Multiple/Other, NH",0.9
2024-12-28T00:00:00.000,United States,COVID-19,Race/Ethnicity,Hispanic,0.9
2024-12-28T00:00:00.000,United States,COVID-19,Age Group,18-49 years,0.9
2024-12-28T00:00:00.000,United States,COVID-19,Age Group,5-17 years,0.6
2024-12-28T00:00:00.000,United States,COVID-19,Age Group,65+ years,2.2
2024-12-28T00:00:00.000,United States,COVID-19,Age Group,<1 year,3.0
2024-12-28T00:00:00.000,United States,COVID-19,Age Group,1-4 years,1.0
2024-12-28T00:00:00.000,United States,COVID-19,Age Group,50-64 years,1.2
2024-12-28T00:00:00.000,United States,COVID-19,Sex,Female,1.4
2024-12-28T00:00:00.000,United States,COVID-19,Sex,Other,0.0
2024-12-28T00:00:00.000,United States,COVID-19,Sex,Invalid,2.5
2024-12-21T00:00:00.000,United States,COVID-19,Sex,Female,1.0
2024-12-21T00:00:00.000,United States,COVID-19,Age Group,50-64 years,0.9
2024-12-21T00:00:00.000,United States,COVID-19,Age Group,1-4 years,0.8
2024-12-21T00:00:00.000,United States,COVID-19,Age Group,<1 year,2.1
2024-12-21T00:00:00.000,United States,COVID-19,Age Group,65+ years,1.6
2024-12-21T00:00:00.000,United States,COVID-19,Age Group,5-17 years,0.5
2024-12-21T00:00:00.000,United States,COVID-19,Age Group,18-49 years,0.7
2024-12-21T00:00:00.000,United States,COVID-19,Race/Ethnicity,Hispanic,0.7
2024-12-21T00:00:00.000,United States,COVID-19,Race/Ethnicity,"Multiple/Other, NH",0.7
2024-12-21T00:00:00.000,United States,COVID-19,Race/Ethnicity,"White, NH",1.2
2024-12-21T00:00:00.000,United States,COVID-19,Race/Ethnicity,"Asian/NHOPI, NH",0.7
2024-12-21T00:00:00.000,United States,COVID-19,Race/Ethnicity,"AI/AN, NH",0.9
2024-12-21T00:00:00.000,United States,COVID-19,Race/Ethnicity,"Black, NH",0.7
2024-12-21T00:00:00.000,United States,Combined,Sex,Male,5.1
2024-12-21T00:00:00.000,United States,Combined,Sex,Invalid,8.3
2024-12-21T00:00:00.000,United States,Combined,Sex,Other,2.0
2024-12-21T00:00:00.000,United States,Combined,Sex,Female,5.0
2024-12-21T00:00:00.000,United States,Combined,Age Group,50-64 years,3.0
2024-12-21T00:00:00.000,United States,Combined,Age Group,1-4 years,14.3
2024-12-21T00:00:00.000,United States,Combined,Age Group,<1 year,15.2
2024-12-21T00:00:00.000,United States,Combined,Age Group,65+ years,3.4
2024-12-21T00:00:00.000,United States,Combined,Age Group,5-17 years,10.0
2024-12-21T00:00:00.000,United States,Combined,Age Group,18-49 years,3.4
2024-12-21T00:00:00.000,United States,Combined,Race/Ethnicity,Hispanic,6.8
2024-12-21T00:00:00.000,United States,Combined,Race/Ethnicity,"Multiple/Other, NH",5.3
2024-12-21T00:00:00.000,United States,Combined,Race/Ethnicity,"White, NH",4.3
2024-12-21T00:00:00.000,United States,Combined,Race/Ethnicity,"Asian/NHOPI, NH",5.4
2024-12-21T00:00:00.000,United States,Combined,Race/Ethnicity,"AI/AN, NH",5.7
2024-12-21T00:00:00.000,United States,Combined,Race/Ethnicity,"Black, NH",5.4
2024-12-21T00:00:00.000,United States,Influenza,Sex,Male,3.3
2024-12-21T00:00:00.000,United States,Influenza,Sex,Invalid,6.3
2024-12-21T00:00:00.000,United States,Influenza,Sex,Other,2.0
2024-12-21T00:00:00.000,United States,COVID-19,Sex,Invalid,2.1
2024-12-21T00:00:00.000,United States,Influenza,Sex,Female,3.2
2024-12-21T00:00:00.000,United States,Influenza,Age Group,50-64 years,2.0
2024-12-21T00:00:00.000,United States,Influenza,Age Group,1-4 years,7.0
2024-12-21T00:00:00.000,United States,Influenza,Age Group,<1 year,4.0
2024-12-21T00:00:00.000,United States,Influenza,Age Group,65+ years,1.6
2024-12-21T00:00:00.000,United States,Influenza,Age Group,5-17 years,8.7
2024-12-21T00:00:00.000,United States,Influenza,Age Group,18-49 years,2.6
2024-12-21T00:00:00.000,United States,Influenza,Race/Ethnicity,Hispanic,4.9
2024-12-21T00:00:00.000,United States,Influenza,Race/Ethnicity,"Multiple/Other, NH",3.6
2024-12-21T00:00:00.000,United States,Influenza,Race/Ethnicity,"White, NH",2.4
2024-12-21T00:00:00.000,United States,Influenza,Race/Ethnicity,"Asian/NHOPI, NH",3.8
2024-12-21T00:00:00.000,United States,Influenza,Race/Ethnicity,"AI/AN, NH",4.3
2024-12-21T00:00:00.000,United States,Influenza,Race/Ethnicity,"Black, NH",3.8
2024-12-21T00:00:00.000,United States,RSV,Sex,Male,1.0
2024-12-21T00:00:00.000,United States,RSV,Sex,Invalid,0.0
2024-12-21T00:00:00.000,United States,RSV,Sex,Other,0.0
2024-12-21T00:00:00.000,United States,RSV,Sex,Female,0.8
2024-12-21T00:00:00.000,United States,RSV,Age Group,50-64 years,0.2
2024-12-21T00:00:00.000,United States,RSV,Age Group,1-4 years,6.8
2024-12-21T00:00:00.000,United States,RSV,Age Group,<1 year,9.3
2024-12-21T00:00:00.000,United States,RSV,Age Group,65+ years,0.3
2024-12-21T00:00:00.000,United States,RSV,Age Group,5-17 years,0.9
2024-12-21T00:00:00.000,United States,RSV,Age Group,18-49 years,0.1
2024-12-21T00:00:00.000,United States,RSV,Race/Ethnicity,Hispanic,1.2
2024-12-21T00:00:00.000,United States,RSV,Race/Ethnicity,"Multiple/Other, NH",1.1
2024-12-21T00:00:00.000,United States,RSV,Race/Ethnicity,"White, NH",0.8
2024-12-21T00:00:00.000,United States,RSV,Race/Ethnicity,"Asian/NHOPI, NH",1.0
2024-12-21T00:00:00.000,United States,COVID-19,Sex,Male,0.9
2024-12-21T00:00:00.000,United States,COVID-19,Sex,Other,0.0
2024-12-21T00:00:00.000,United States,RSV,Race/Ethnicity,"AI/AN, NH",0.7
2024-12-21T00:00:00.000,United States,RSV,Race/Ethnicity,"Black, NH",0.9
2024-12-14T00:00:00.000,United States,Influenza,Sex,Other,0.0
2024-12-14T00:00:00.000,United States,COVID-19,Sex,Male,0.7
2024-12-14T00:00:00.000,United States,COVID-19,Sex,Invalid,0.0
2024-12-14T00:00:00.000,United States,COVID-19,Sex,Other,0.0
2024-12-14T00:00:00.000,United States,COVID-19,Sex,Female,0.8
2024-12-14T00:00:00.000,United States,COVID-19,Age Group,50-64 years,0.7
2024-12-14T00:00:00.000,United States,COVID-19,Age Group,1-4 years,0.6
2024-12-14T00:00:00.000,United States,COVID-19,Age Group,<1 year,1.8
2024-12-14T00:00:00.000,United States,COVID-19,Age Group,65+ years,1.2
2024-12-14T00:00:00.000,United States,COVID-19,Age Group,5-17 years,0.4
2024-12-14T00:00:00.000,United States,COVID-19,Age Group,18-49 years,0.5
2024-12-14T00:00:00.000,United States,COVID-19,Race/Ethnicity,Hispanic,0.5
2024-12-14T00:00:00.000,United States,COVID-19,Race/Ethnicity,"Multiple/Other, NH",0.6
2024-12-14T00:00:00.000,United States,COVID-19,Race/Ethnicity,"White, NH",0.9
2024-12-14T00:00:00.000,United States,COVID-19,Race/Ethnicity,"Asian/NHOPI, NH",0.6
2024-12-14T00:00:00.000,United States,COVID-19,Race/Ethnicity,"AI/AN, NH",0.8
2024-12-14T00:00:00.000,United States,COVID-19,Race/Ethnicity,"Black, NH",0.6
2024-12-14T00:00:00.000,United States,Combined,Sex,Male,3.3
2024-12-14T00:00:00.000,United States,Combined,Sex,Invalid,2.2
2024-12-14T00:00:00.000,United States,Combined,Sex,Other,0.0
2024-12-14T00:00:00.000,United States,Combined,Sex,Female,3.2
2024-12-14T00:00:00.000,United States,Combined,Age Group,50-64 years,1.9
2024-12-14T00:00:00.000,United States,Combined,Age Group,1-4 years,10.7
2024-12-14T00:00:00.000,United States,Combined,Age Group,<1 year,12.3
2024-12-14T00:00:00.000,United States,Combined,Age Group,65+ years,2.3
2024-12-14T00:00:00.000,United States,Combined,Age Group,5-17 years,5.6
2024-12-14T00:00:00.000,United States,Combined,Age Group,18-49 years,2.1
2024-12-14T00:00:00.000,United States,Combined,Race/Ethnicity,Hispanic,4.4
2024-12-14T00:00:00.000,United States,Combined,Race/Ethnicity,"Multiple/Other, NH",3.4
2024-12-14T00:00:00.000,United States,Combined,Race/Ethnicity,"White, NH",2.7
2024-12-14T00:00:00.000,United States,Combined,Race/Ethnicity,"Asian/NHOPI, NH",3.5
2024-12-14T00:00:00.000,United States,Combined,Race/Ethnicity,"AI/AN, NH",3.7
2024-12-14T00:00:00.000,United States,Combined,Race/Ethnicity,"Black, NH",3.6
2024-12-14T00:00:00.000,United States,Influenza,Sex,Male,1.8
2024-12-14T00:00:00.000,United States,Influenza,Sex,Invalid,2.2
2024-12-14T00:00:00.000,United States,Influenza,Sex,Female,1.8
2024-12-14T00:00:00.000,United States,Influenza,Age Group,50-64 years,1.1
2024-12-14T00:00:00.000,United States,Influenza,Age Group,1-4 years,4.2
2024-12-14T00:00:00.000,United States,Influenza,Age Group,<1 year,2.4
2024-12-14T00:00:00.000,United States,Influenza,Age Group,65+ years,0.9
2024-12-14T00:00:00.000,United States,Influenza,Age Group,5-17 years,4.7
2024-12-14T00:00:00.000,United States,Influenza,Age Group,18-49 years,1.5
2024-12-14T00:00:00.000,United States,Influenza,Race/Ethnicity,Hispanic,2.8
2024-12-14T00:00:00.000,United States,Influenza,Race/Ethnicity,"Multiple/Other, NH",2.0
2024-12-14T00:00:00.000,United States,Influenza,Race/Ethnicity,"White, NH",1.3
2024-12-14T00:00:00.000,United States,Influenza,Race/Ethnicity,"Asian/NHOPI, NH",2.1
2024-12-14T00:00:00.000,United States,Influenza,Race/Ethnicity,"AI/AN, NH",2.4
2024-12-14T00:00:00.000,United States,Influenza,Race/Ethnicity,"Black, NH",2.2
2024-12-14T00:00:00.000,United States,RSV,Sex,Male,0.8
2024-12-14T00:00:00.000,United States,RSV,Sex,Invalid,0.0
2024-12-14T00:00:00.000,United States,RSV,Sex,Other,0.0
2024-12-14T00:00:00.000,United States,RSV,Sex,Female,0.7
2024-12-14T00:00:00.000,United States,RSV,Age Group,50-64 years,0.2
2024-12-14T00:00:00.000,United States,RSV,Age Group,1-4 years,6.0
2024-12-14T00:00:00.000,United States,RSV,Age Group,<1 year,8.3
2024-12-14T00:00:00.000,United States,RSV,Age Group,65+ years,0.2
2024-12-14T00:00:00.000,United States,RSV,Age Group,5-17 years,0.6
2024-12-14T00:00:00.000,United States,RSV,Age Group,18-49 years,0.1
2024-12-14T00:00:00.000,United States,RSV,Race/Ethnicity,Hispanic,1.1
2024-12-14T00:00:00.000,United States,RSV,Race/Ethnicity,"Multiple/Other, NH",0.8
2024-12-14T00:00:00.000,United States,RSV,Race/Ethnicity,"White, NH",0.6
2024-12-14T00:00:00.000,United States,RSV,Race/Ethnicity,"Asian/NHOPI, NH",0.8
2024-12-14T00:00:00.000,United States,RSV,Race/Ethnicity,"AI/AN, NH",0.5
2024-12-14T00:00:00.000,United States,RSV,Race/Ethnicity,"Black, NH",0.8
2024-12-07T00:00:00.000,United States,COVID-19,Sex,Other,1.3
2024-12-07T00:00:00.000,United States,RSV,Race/Ethnicity,"Black, NH",0.8
2024-12-07T00:00:00.000,United States,COVID-19,Sex,Invalid,0.0
2024-12-07T00:00:00.000,United States,COVID-19,Sex,Male,0.6
2024-12-07T00:00:00.000,United States,COVID-19,Sex,Female,0.7
2024-12-07T00:00:00.000,United States,COVID-19,Age Group,50-64 years,0.6
2024-12-07T00:00:00.000,United States,COVID-19,Age Group,1-4 years,0.6
2024-12-07T00:00:00.000,United States,COVID-19,Age Group,<1 year,1.7
2024-12-07T00:00:00.000,United States,COVID-19,Age Group,65+ years,1.1
2024-12-07T00:00:00.000,United States,COVID-19,Age Group,5-17 years,0.3
2024-12-07T00:00:00.000,United States,COVID-19,Age Group,18-49 years,0.5
2024-12-07T00:00:00.000,United States,COVID-19,Race/Ethnicity,Hispanic,0.5
2024-12-07T00:00:00.000,United States,COVID-19,Race/Ethnicity,"Multiple/Other, NH",0.5
2024-12-07T00:00:00.000,United States,COVID-19,Race/Ethnicity,"White, NH",0.8
2024-12-07T00:00:00.000,United States,COVID-19,Race/Ethnicity,"Asian/NHOPI, NH",0.6
2024-12-07T00:00:00.000,United States,COVID-19,Race/Ethnicity,"AI/AN, NH",0.8
2024-12-07T00:00:00.000,United States,COVID-19,Race/Ethnicity,"Black, NH",0.5
2024-12-07T00:00:00.000,United States,Combined,Sex,Male,2.4
2024-12-07T00:00:00.000,United States,Combined,Sex,Invalid,2.7
2024-12-07T00:00:00.000,United States,Combined,Sex,Other,1.3
2024-12-07T00:00:00.000,United States,Combined,Sex,Female,2.3
2024-12-07T00:00:00.000,United States,Combined,Age Group,50-64 years,1.5
2024-12-07T00:00:00.000,United States,Combined,Age Group,1-4 years,8.3
2024-12-07T00:00:00.000,United States,Combined,Age Group,<1 year,11.2
2024-12-07T00:00:00.000,United States,Combined,Age Group,65+ years,1.9
2024-12-07T00:00:00.000,United States,Combined,Age Group,5-17 years,2.8
2024-12-07T00:00:00.000,United States,Combined,Age Group,18-49 years,1.6
2024-12-07T00:00:00.000,United States,Combined,Race/Ethnicity,Hispanic,3.2
2024-12-07T00:00:00.000,United States,Combined,Race/Ethnicity,"Multiple/Other, NH",2.5
2024-12-07T00:00:00.000,United States,Combined,Race/Ethnicity,"White, NH",2.0
2024-12-07T00:00:00.000,United States,Combined,Race/Ethnicity,"Asian/NHOPI, NH",2.6
2024-12-07T00:00:00.000,United States,Combined,Race/Ethnicity,"AI/AN, NH",2.8
2024-12-07T00:00:00.000,United States,Combined,Race/Ethnicity,"Black, NH",2.5
2024-12-07T00:00:00.000,United States,Influenza,Sex,Male,1.1
2024-12-07T00:00:00.000,United States,Influenza,Sex,Invalid,0.0
2024-12-07T00:00:00.000,United States,Influenza,Sex,Other,0.0
2024-12-07T00:00:00.000,United States,Influenza,Sex,Female,1.1
2024-12-07T00:00:00.000,United States,Influenza,Age Group,50-64 years,0.7
2024-12-07T00:00:00.000,United States,Influenza,Age Group,1-4 years,2.6
2024-12-07T00:00:00.000,United States,Influenza,Age Group,<1 year,1.6
2024-12-07T00:00:00.000,United States,Influenza,Age Group,65+ years,0.6
2024-12-07T00:00:00.000,United States,Influenza,Age Group,5-17 years,2.0
2024-12-07T00:00:00.000,United States,Influenza,Age Group,18-49 years,1.0
2024-12-07T00:00:00.000,United States,Influenza,Race/Ethnicity,Hispanic,1.7
2024-12-07T00:00:00.000,United States,Influenza,Race/Ethnicity,"Multiple/Other, NH",1.2
2024-12-07T00:00:00.000,United States,Influenza,Race/Ethnicity,"White, NH",0.8
2024-12-07T00:00:00.000,United States,Influenza,Race/Ethnicity,"Asian/NHOPI, NH",1.5
2024-12-07T00:00:00.000,United States,Influenza,Race/Ethnicity,"AI/AN, NH",1.6
2024-12-07T00:00:00.000,United States,Influenza,Race/Ethnicity,"Black, NH",1.2
2024-12-07T00:00:00.000,United States,RSV,Sex,Male,0.7
2024-12-07T00:00:00.000,United States,RSV,Sex,Invalid,2.7
2024-12-07T00:00:00.000,United States,RSV,Sex,Other,0.0
2024-12-07T00:00:00.000,United States,RSV,Sex,Female,0.6
2024-12-07T00:00:00.000,United States,RSV,Age Group,50-64 years,0.1
2024-12-07T00:00:00.000,United States,RSV,Age Group,1-4 years,5.2
2024-12-07T00:00:00.000,United States,RSV,Age Group,<1 year,8.1
2024-12-07T00:00:00.000,United States,RSV,Age Group,65+ years,0.1
2024-12-07T00:00:00.000,United States,RSV,Age Group,5-17 years,0.5
2024-12-07T00:00:00.000,United States,RSV,Age Group,18-49 years,0.1
2024-12-07T00:00:00.000,United States,RSV,Race/Ethnicity,Hispanic,1.0
2024-12-07T00:00:00.000,United States,RSV,Race/Ethnicity,"Multiple/Other, NH",0.7
2024-12-07T00:00:00.000,United States,RSV,Race/Ethnicity,"White, NH",0.5
2024-12-07T00:00:00.000,United States,RSV,Race/Ethnicity,"Asian/NHOPI, NH",0.6
2024-12-07T00:00:00.000,United States,RSV,Race/Ethnicity,"AI/AN, NH",0.4
2024-11-30T00:00:00.000,United States,RSV,Race/Ethnicity,"Multiple/Other, NH",0.7
2024-11-30T00:00:00.000,United States,RSV,Race/Ethnicity,"AI/AN, NH",0.4
2024-11-30T00:00:00.000,United States,RSV,Race/Ethnicity,"Asian/NHOPI, NH",0.6
2024-11-30T00:00:00.000,United States,RSV,Race/Ethnicity,"Black, NH",0.8
2024-11-30T00:00:00.000,United States,COVID-19,Sex,Male,0.5
2024-11-30T00:00:00.000,United States,COVID-19,Sex,Invalid,2.8
2024-11-30T00:00:00.000,United States,COVID-19,Sex,Other,0.0
2024-11-30T00:00:00.000,United States,COVID-19,Sex,Female,0.6
2024-11-30T00:00:00.000,United States,COVID-19,Age Group,50-64 years,0.5
2024-11-30T00:00:00.000,United States,COVID-19,Age Group,1-4 years,0.5
2024-11-30T00:00:00.000,United States,COVID-19,Age Group,<1 year,1.4
2024-11-30T00:00:00.000,United States,COVID-19,Age Group,65+ years,1.0
2024-11-30T00:00:00.000,United States,COVID-19,Age Group,5-17 years,0.3
2024-11-30T00:00:00.000,United States,COVID-19,Age Group,18-49 years,0.4
2024-11-30T00:00:00.000,United States,COVID-19,Race/Ethnicity,Hispanic,0.5
2024-11-30T00:00:00.000,United States,COVID-19,Race/Ethnicity,"Multiple/Other, NH",0.4
2024-11-30T00:00:00.000,United States,COVID-19,Race/Ethnicity,"White, NH",0.7
2024-11-30T00:00:00.000,United States,COVID-19,Race/Ethnicity,"Asian/NHOPI, NH",0.5
2024-11-30T00:00:00.000,United States,COVID-19,Race/Ethnicity,"AI/AN, NH",0.9
2024-11-30T00:00:00.000,United States,COVID-19,Race/Ethnicity,"Black, NH",0.4
2024-11-30T00:00:00.000,United States,Combined,Sex,Male,2.1
2024-11-30T00:00:00.000,United States,Combined,Sex,Invalid,2.8
2024-11-30T00:00:00.000,United States,Combined,Sex,Other,1.9
2024-11-30T00:00:00.000,United States,Combined,Sex,Female,2.0
2024-11-30T00:00:00.000,United States,Combined,Age Group,50-64 years,1.2
2024-11-30T00:00:00.000,United States,Combined,Age Group,1-4 years,7.4
2024-11-30T00:00:00.000,United States,Combined,Age Group,<1 year,9.7
2024-11-30T00:00:00.000,United States,Combined,Age Group,65+ years,1.5
2024-11-30T00:00:00.000,United States,Combined,Age Group,5-17 years,3.1
2024-11-30T00:00:00.000,United States,Combined,Age Group,18-49 years,1.2
2024-11-30T00:00:00.000,United States,Combined,Race/Ethnicity,Hispanic,3.0
2024-11-30T00:00:00.000,United States,Combined,Race/Ethnicity,"Multiple/Other, NH",2.1
2024-11-30T00:00:00.000,United States,Combined,Race/Ethnicity,"White, NH",1.7
2024-11-30T00:00:00.000,United States,Combined,Race/Ethnicity,"Asian/NHOPI, NH",2.1
2024-11-30T00:00:00.000,United States,Combined,Race/Ethnicity,"AI/AN, NH",2.6
2024-11-30T00:00:00.000,United States,Combined,Race/Ethnicity,"Black, NH",2.2
2024-11-30T00:00:00.000,United States,Influenza,Sex,Male,0.9
2024-11-30T00:00:00.000,United States,Influenza,Sex,Invalid,0.0
2024-11-30T00:00:00.000,United States,Influenza,Sex,Other,1.9
2024-11-30T00:00:00.000,United States,Influenza,Sex,Female,0.9
2024-11-30T00:00:00.000,United States,Influenza,Age Group,50-64 years,0.5
2024-11-30T00:00:00.000,United States,Influenza,Age Group,1-4 years,2.2
2024-11-30T00:00:00.000,United States,Influenza,Age Group,<1 year,1.4
2024-11-30T00:00:00.000,United States,Influenza,Age Group,65+ years,0.4
2024-11-30T00:00:00.000,United States,Influenza,Age Group,5-17 years,2.3
2024-11-30T00:00:00.000,United States,Influenza,Age Group,18-49 years,0.8
2024-11-30T00:00:00.000,United States,Influenza,Race/Ethnicity,Hispanic,1.6
2024-11-30T00:00:00.000,United States,Influenza,Race/Ethnicity,"Multiple/Other, NH",1.0
2024-11-30T00:00:00.000,United States,Influenza,Race/Ethnicity,"White, NH",0.6
2024-11-30T00:00:00.000,United States,Influenza,Race/Ethnicity,"Asian/NHOPI, NH",1.0
2024-11-30T00:00:00.000,United States,Influenza,Race/Ethnicity,"AI/AN, NH",1.5
2024-11-30T00:00:00.000,United States,Influenza,Race/Ethnicity,"Black, NH",1.0
2024-11-30T00:00:00.000,United States,RSV,Sex,Male,0.7
2024-11-30T00:00:00.000,United States,RSV,Sex,Invalid,0.0
2024-11-30T00:00:00.000,United States,RSV,Sex,Other,0.0
2024-11-30T00:00:00.000,United States,RSV,Sex,Female,0.5
2024-11-30T00:00:00.000,United States,RSV,Age Group,50-64 years,0.1
2024-11-30T00:00:00.000,United States,RSV,Age Group,1-4 years,4.8
2024-11-30T00:00:00.000,United States,RSV,Age Group,<1 year,7.1
2024-11-30T00:00:00.000,United States,RSV,Age Group,65+ years,0.1
2024-11-30T00:00:00.000,United States,RSV,Age Group,5-17 years,0.6
2024-11-30T00:00:00.000,United States,RSV,Age Group,18-49 years,0.1
2024-11-30T00:00:00.000,United States,RSV,Race/Ethnicity,Hispanic,1.0
2024-11-30T00:00:00.000,United States,RSV,Race/Ethnicity,"White, NH",0.4
2024-11-23T00:00:00.000,United States,RSV,Race/Ethnicity,"AI/AN, NH",0.3
2024-11-23T00:00:00.000,United States,COVID-19,Sex,Other,0.0
2024-11-23T00:00:00.000,United States,COVID-19,Sex,Female,0.5
2024-11-23T00:00:00.000,United States,COVID-19,Age Group,50-64 years,0.5
2024-11-23T00:00:00.000,United States,COVID-19,Age Group,1-4 years,0.4
2024-11-23T00:00:00.000,United States,COVID-19,Age Group,<1 year,1.2
2024-11-23T00:00:00.000,United States,COVID-19,Age Group,65+ years,0.9
2024-11-23T00:00:00.000,United States,COVID-19,Age Group,5-17 years,0.2
2024-11-23T00:00:00.000,United States,COVID-19,Age Group,18-49 years,0.3
2024-11-23T00:00:00.000,United States,COVID-19,Race/Ethnicity,Hispanic,0.4
2024-11-23T00:00:00.000,United States,COVID-19,Race/Ethnicity,"Multiple/Other, NH",0.4
2024-11-23T00:00:00.000,United States,COVID-19,Race/Ethnicity,"White, NH",0.6
2024-11-23T00:00:00.000,United States,COVID-19,Race/Ethnicity,"Asian/NHOPI, NH",0.5
2024-11-23T00:00:00.000,United States,COVID-19,Race/Ethnicity,"AI/AN, NH",0.8
2024-11-23T00:00:00.000,United States,COVID-19,Race/Ethnicity,"Black, NH",0.4
2024-11-23T00:00:00.000,United States,Combined,Sex,Male,1.6
2024-11-23T00:00:00.000,United States,Combined,Sex,Invalid,0.0
2024-11-23T00:00:00.000,United States,Combined,Sex,Other,0.0
2024-11-23T00:00:00.000,United States,Combined,Sex,Female,1.5
2024-11-23T00:00:00.000,United States,Combined,Age Group,50-64 years,0.9
2024-11-23T00:00:00.000,United States,Combined,Age Group,1-4 years,6.1
2024-11-23T00:00:00.000,United States,Combined,Age Group,<1 year,8.0
2024-11-23T00:00:00.000,United States,Combined,Age Group,65+ years,1.2
2024-11-23T00:00:00.000,United States,Combined,Age Group,5-17 years,2.2
2024-11-23T00:00:00.000,United States,Combined,Age Group,18-49 years,0.9
2024-11-23T00:00:00.000,United States,Combined,Race/Ethnicity,Hispanic,2.2
2024-11-23T00:00:00.000,United States,Combined,Race/Ethnicity,"Multiple/Other, NH",1.5
2024-11-23T00:00:00.000,United States,Combined,Race/Ethnicity,"White, NH",1.3
2024-11-23T00:00:00.000,United States,Combined,Race/Ethnicity,"Asian/NHOPI, NH",1.6
2024-11-23T00:00:00.000,United States,Combined,Race/Ethnicity,"AI/AN, NH",2.2
2024-11-23T00:00:00.000,United States,Combined,Race/Ethnicity,"Black, NH",1.7
2024-11-23T00:00:00.000,United States,Influenza,Sex,Male,0.6
2024-11-23T00:00:00.000,United States,Influenza,Sex,Invalid,0.0
2024-11-23T00:00:00.000,United States,Influenza,Sex,Other,0.0
2024-11-23T00:00:00.000,United States,Influenza,Sex,Female,0.6
2024-11-23T00:00:00.000,United States,Influenza,Age Group,50-64 years,0.4
2024-11-23T00:00:00.000,United States,Influenza,Age Group,1-4 years,1.6
2024-11-23T00:00:00.000,United States,Influenza,Age Group,<1 year,0.9
2024-11-23T00:00:00.000,United States,Influenza,Age Group,65+ years,0.3
2024-11-23T00:00:00.000,United States,Influenza,Age Group,5-17 years,1.6
2024-11-23T00:00:00.000,United States,Influenza,Age Group,18-49 years,0.5
2024-11-23T00:00:00.000,United States,Influenza,Race/Ethnicity,Hispanic,1.1
2024-11-23T00:00:00.000,United States,Influenza,Race/Ethnicity,"Multiple/Other, NH",0.7
2024-11-23T00:00:00.000,United States,Influenza,Race/Ethnicity,"White, NH",0.4
2024-11-23T00:00:00.000,United States,Influenza,Race/Ethnicity,"Asian/NHOPI, NH",0.6
2024-11-23T00:00:00.000,United States,Influenza,Race/Ethnicity,"AI/AN, NH",1.1
2024-11-23T00:00:00.000,United States,Influenza,Race/Ethnicity,"Black, NH",0.8
2024-11-23T00:00:00.000,United States,RSV,Sex,Male,0.5
2024-11-23T00:00:00.000,United States,RSV,Sex,Invalid,0.0
2024-11-23T00:00:00.000,United States,RSV,Sex,Other,0.0
2024-11-23T00:00:00.000,United States,RSV,Sex,Female,0.4
2024-11-23T00:00:00.000,United States,RSV,Age Group,50-64 years,0.1
2024-11-23T00:00:00.000,United States,RSV,Age Group,1-4 years,4.1
2024-11-23T00:00:00.000,United States,RSV,Age Group,<1 year,5.9
2024-11-23T00:00:00.000,United States,RSV,Age Group,65+ years,0.1
2024-11-23T00:00:00.000,United States,RSV,Age Group,5-17 years,0.4
2024-11-23T00:00:00.000,United States,RSV,Age Group,18-49 years,0.0
2024-11-23T00:00:00.000,United States,RSV,Race/Ethnicity,Hispanic,0.8
2024-11-23T00:00:00.000,United States,RSV,Race/Ethnicity,"Multiple/Other, NH",0.5
2024-11-23T00:00:00.000,United States,RSV,Race/Ethnicity,"White, NH",0.3
2024-11-23T00:00:00.000,United States,RSV,Race/Ethnicity,"Asian/NHOPI, NH",0.5
2024-11-23T00:00:00.000,United States,COVID-19,Sex,Invalid,0.0
2024-11-23T00:00:00.000,United States,RSV,Race/Ethnicity,"Black, NH",0.6
2024-11-23T00:00:00.000,United States,COVID-19,Sex,Male,0.5
2024-11-16T00:00:00.000,United States,RSV,Race/Ethnicity,"Black, NH",0.5
2024-11-16T00:00:00.000,United States,RSV,Race/Ethnicity,"AI/AN, NH",0.2
2024-11-16T00:00:00.000,United States,RSV,Race/Ethnicity,"Asian/NHOPI, NH",0.4
2024-11-16T00:00:00.000,United States,RSV,Race/Ethnicity,"White, NH",0.2
2024-11-16T00:00:00.000,United States,RSV,Race/Ethnicity,"Multiple/Other, NH",0.4
2024-11-16T00:00:00.000,United States,RSV,Race/Ethnicity,Hispanic,0.6
2024-11-16T00:00:00.000,United States,RSV,Age Group,18-49 years,0.0
2024-11-16T00:00:00.000,United States,RSV,Age Group,5-17 years,0.3
2024-11-16T00:00:00.000,United States,RSV,Age Group,65+ years,0.1
2024-11-16T00:00:00.000,United States,RSV,Age Group,<1 year,4.9
2024-11-16T00:00:00.000,United States,RSV,Age Group,1-4 years,3.3
2024-11-16T00:00:00.000,United States,RSV,Age Group,50-64 years,0.1
2024-11-16T00:00:00.000,United States,RSV,Sex,Female,0.3
2024-11-16T00:00:00.000,United States,RSV,Sex,Other,0.0
2024-11-16T00:00:00.000,United States,RSV,Sex,Invalid,0.0
2024-11-16T00:00:00.000,United States,RSV,Sex,Male,0.4
2024-11-16T00:00:00.000,United States,Influenza,Race/Ethnicity,"Black, NH",0.7
2024-11-16T00:00:00.000,United States,Influenza,Race/Ethnicity,"AI/AN, NH",0.7
2024-11-16T00:00:00.000,United States,Influenza,Race/Ethnicity,"Asian/NHOPI, NH",0.6
2024-11-16T00:00:00.000,United States,Influenza,Race/Ethnicity,"White, NH",0.3
2024-11-16T00:00:00.000,United States,Influenza,Race/Ethnicity,"Multiple/Other, NH",0.5
2024-11-16T00:00:00.000,United States,Influenza,Race/Ethnicity,Hispanic,0.8
2024-11-16T00:00:00.000,United States,Influenza,Age Group,18-49 years,0.4
2024-11-16T00:00:00.000,United States,Influenza,Age Group,5-17 years,1.3
2024-11-16T00:00:00.000,United States,Influenza,Age Group,65+ years,0.2
2024-11-16T00:00:00.000,United States,Influenza,Age Group,<1 year,0.8
2024-11-16T00:00:00.000,United States,Influenza,Age Group,1-4 years,1.3
2024-11-16T00:00:00.000,United States,Influenza,Age Group,50-64 years,0.3
2024-11-16T00:00:00.000,United States,Influenza,Sex,Female,0.5
2024-11-16T00:00:00.000,United States,Influenza,Sex,Other,0.0
2024-11-16T00:00:00.000,United States,Influenza,Sex,Invalid,0.0
2024-11-16T00:00:00.000,United States,Influenza,Sex,Male,0.5
2024-11-16T00:00:00.000,United States,Combined,Race/Ethnicity,"Black, NH",1.5
2024-11-16T00:00:00.000,United States,Combined,Race/Ethnicity,"AI/AN, NH",1.8
2024-11-16T00:00:00.000,United States,Combined,Race/Ethnicity,"Asian/NHOPI, NH",1.5
2024-11-16T00:00:00.000,United States,Combined,Race/Ethnicity,"White, NH",1.1
2024-11-16T00:00:00.000,United States,Combined,Race/Ethnicity,"Multiple/Other, NH",1.2
2024-11-16T00:00:00.000,United States,Combined,Race/Ethnicity,Hispanic,1.9
2024-11-16T00:00:00.000,United States,Combined,Age Group,18-49 years,0.8
2024-11-16T00:00:00.000,United States,Combined,Age Group,5-17 years,1.8
2024-11-16T00:00:00.000,United States,Combined,Age Group,65+ years,1.1
2024-11-16T00:00:00.000,United States,Combined,Age Group,<1 year,6.9
2024-11-16T00:00:00.000,United States,Combined,Age Group,1-4 years,5.0
2024-11-16T00:00:00.000,United States,Combined,Age Group,50-64 years,0.8
2024-11-16T00:00:00.000,United States,Combined,Sex,Female,1.3
2024-11-16T00:00:00.000,United States,Combined,Sex,Other,0.0
2024-11-16T00:00:00.000,United States,Combined,Sex,Invalid,0.0
2024-11-16T00:00:00.000,United States,Combined,Sex,Male,1.4
2024-11-16T00:00:00.000,United States,COVID-19,Race/Ethnicity,"Black, NH",0.4
2024-11-16T00:00:00.000,United States,COVID-19,Race/Ethnicity,"AI/AN, NH",0.9
2024-11-16T00:00:00.000,United States,COVID-19,Race/Ethnicity,"Asian/NHOPI, NH",0.5
2024-11-16T00:00:00.000,United States,COVID-19,Race/Ethnicity,"White, NH",0.6
2024-11-16T00:00:00.000,United States,COVID-19,Race/Ethnicity,"Multiple/Other, NH",0.4
2024-11-16T00:00:00.000,United States,COVID-19,Race/Ethnicity,Hispanic,0.4
2024-11-16T00:00:00.000,United States,COVID-19,Age Group,18-49 years,0.3
2024-11-16T00:00:00.000,United States,COVID-19,Age Group,5-17 years,0.2
2024-11-16T00:00:00.000,United States,COVID-19,Age Group,65+ years,0.8
2024-11-16T00:00:00.000,United States,COVID-19,Age Group,<1 year,1.2
2024-11-16T00:00:00.000,United States,COVID-19,Age Group,1-4 years,0.4
2024-11-16T00:00:00.000,United States,COVID-19,Age Group,50-64 years,0.4
2024-11-16T00:00:00.000,United States,COVID-19,Sex,Female,0.5
2024-11-16T00:00:00.000,United States,COVID-19,Sex,Other,0.0
2024-11-16T00:00:00.000,United States,COVID-19,Sex,Invalid,0.0
2024-11-16T00:00:00.000,United States,COVID-19,Sex,Male,0.5
2024-11-09T00:00:00.000,United States,Influenza,Age Group,5-17 years,1.1
2024-11-09T00:00:00.000,United States,COVID-19,Sex,Male,0.5
2024-11-09T00:00:00.000,United States,COVID-19,Sex,Invalid,0.0
2024-11-09T00:00:00.000,United States,COVID-19,Sex,Other,0.0
2024-11-09T00:00:00.000,United States,COVID-19,Sex,Female,0.6
2024-11-09T00:00:00.000,United States,COVID-19,Age Group,50-64 years,0.5
2024-11-09T00:00:00.000,United States,COVID-19,Age Group,1-4 years,0.5
2024-11-09T00:00:00.000,United States,COVID-19,Age Group,<1 year,1.3
2024-11-09T00:00:00.000,United States,COVID-19,Age Group,65+ years,0.9
2024-11-09T00:00:00.000,United States,COVID-19,Age Group,5-17 years,0.2
2024-11-09T00:00:00.000,United States,COVID-19,Age Group,18-49 years,0.4
2024-11-09T00:00:00.000,United States,COVID-19,Race/Ethnicity,Hispanic,0.4
2024-11-09T00:00:00.000,United States,COVID-19,Race/Ethnicity,"Multiple/Other, NH",0.4
2024-11-09T00:00:00.000,United States,COVID-19,Race/Ethnicity,"White, NH",0.6
2024-11-09T00:00:00.000,United States,COVID-19,Race/Ethnicity,"Asian/NHOPI, NH",0.5
2024-11-09T00:00:00.000,United States,COVID-19,Race/Ethnicity,"AI/AN, NH",0.8
2024-11-09T00:00:00.000,United States,COVID-19,Race/Ethnicity,"Black, NH",0.4
2024-11-09T00:00:00.000,United States,Combined,Sex,Male,1.2
2024-11-09T00:00:00.000,United States,Combined,Sex,Invalid,0.0
2024-11-09T00:00:00.000,United States,Combined,Sex,Other,0.0
2024-11-09T00:00:00.000,United States,Combined,Sex,Female,1.2
2024-11-09T00:00:00.000,United States,Combined,Age Group,50-64 years,0.7
2024-11-09T00:00:00.000,United States,Combined,Age Group,1-4 years,4.0
2024-11-09T00:00:00.000,United States,Combined,Age Group,<1 year,5.7
2024-11-09T00:00:00.000,United States,Combined,Age Group,65+ years,1.1
2024-11-09T00:00:00.000,United States,Combined,Age Group,5-17 years,1.5
2024-11-09T00:00:00.000,United States,Combined,Age Group,18-49 years,0.7
2024-11-09T00:00:00.000,United States,Combined,Race/Ethnicity,Hispanic,1.5
2024-11-09T00:00:00.000,United States,Combined,Race/Ethnicity,"Multiple/Other, NH",1.0
2024-11-09T00:00:00.000,United States,Combined,Race/Ethnicity,"White, NH",1.1
2024-11-09T00:00:00.000,United States,Combined,Race/Ethnicity,"Asian/NHOPI, NH",1.3
2024-11-09T00:00:00.000,United States,Combined,Race/Ethnicity,"AI/AN, NH",1.4
2024-11-09T00:00:00.000,United States,Combined,Race/Ethnicity,"Black, NH",1.3
2024-11-09T00:00:00.000,United States,Influenza,Sex,Male,0.4
2024-11-09T00:00:00.000,United States,Influenza,Sex,Invalid,0.0
2024-11-09T00:00:00.000,United States,Influenza,Sex,Other,0.0
2024-11-09T00:00:00.000,United States,Influenza,Sex,Female,0.4
2024-11-09T00:00:00.000,United States,Influenza,Age Group,50-64 years,0.2
2024-11-09T00:00:00.000,United States,Influenza,Age Group,1-4 years,1.2
2024-11-09T00:00:00.000,United States,Influenza,Age Group,<1 year,0.7
2024-11-09T00:00:00.000,United States,Influenza,Age Group,65+ years,0.2
2024-11-09T00:00:00.000,United States,Influenza,Age Group,18-49 years,0.3
2024-11-09T00:00:00.000,United States,Influenza,Race/Ethnicity,Hispanic,0.7
2024-11-09T00:00:00.000,United States,Influenza,Race/Ethnicity,"Multiple/Other, NH",0.4
2024-11-09T00:00:00.000,United States,Influenza,Race/Ethnicity,"White, NH",0.3
2024-11-09T00:00:00.000,United States,Influenza,Race/Ethnicity,"Asian/NHOPI, NH",0.5
2024-11-09T00:00:00.000,United States,Influenza,Race/Ethnicity,"AI/AN, NH",0.5
2024-11-09T00:00:00.000,United States,Influenza,Race/Ethnicity,"Black, NH",0.6
2024-11-09T00:00:00.000,United States,RSV,Sex,Male,0.3
2024-11-09T00:00:00.000,United States,RSV,Sex,Invalid,0.0
2024-11-09T00:00:00.000,United States,RSV,Sex,Other,0.0
2024-11-09T00:00:00.000,United States,RSV,Sex,Female,0.2
2024-11-09T00:00:00.000,United States,RSV,Age Group,50-64 years,0.0
2024-11-09T00:00:00.000,United States,RSV,Age Group,1-4 years,2.4
2024-11-09T00:00:00.000,United States,RSV,Age Group,<1 year,3.8
2024-11-09T00:00:00.000,United States,RSV,Age Group,65+ years,0.0
2024-11-09T00:00:00.000,United States,RSV,Age Group,5-17 years,0.2
2024-11-09T00:00:00.000,United States,RSV,Age Group,18-49 years,0.0
2024-11-09T00:00:00.000,United States,RSV,Race/Ethnicity,Hispanic,0.5
2024-11-09T00:00:00.000,United States,RSV,Race/Ethnicity,"Multiple/Other, NH",0.3
2024-11-09T00:00:00.000,United States,RSV,Race/Ethnicity,"White, NH",0.2
2024-11-09T00:00:00.000,United States,RSV,Race/Ethnicity,"Asian/NHOPI, NH",0.3
2024-11-09T00:00:00.000,United States,RSV,Race/Ethnicity,"AI/AN, NH",0.1
2024-11-09T00:00:00.000,United States,RSV,Race/Ethnicity,"Black, NH",0.4
2024-11-02T00:00:00.000,United States,Combined,Race/Ethnicity,"AI/AN, NH",1.3
2024-11-02T00:00:00.000,United States,RSV,Race/Ethnicity,"Black, NH",0.3
2024-11-02T00:00:00.000,United States,RSV,Race/Ethnicity,"AI/AN, NH",0.1
2024-11-02T00:00:00.000,United States,RSV,Race/Ethnicity,"Asian/NHOPI, NH",0.2
2024-11-02T00:00:00.000,United States,RSV,Race/Ethnicity,"White, NH",0.1
2024-11-02T00:00:00.000,United States,RSV,Race/Ethnicity,"Multiple/Other, NH",0.2
2024-11-02T00:00:00.000,United States,RSV,Race/Ethnicity,Hispanic,0.3
2024-11-02T00:00:00.000,United States,RSV,Age Group,18-49 years,0.0
2024-11-02T00:00:00.000,United States,RSV,Age Group,5-17 years,0.1
2024-11-02T00:00:00.000,United States,RSV,Age Group,65+ years,0.0
2024-11-02T00:00:00.000,United States,RSV,Age Group,<1 year,2.7
2024-11-02T00:00:00.000,United States,RSV,Age Group,1-4 years,1.8
2024-11-02T00:00:00.000,United States,RSV,Age Group,50-64 years,0.0
2024-11-02T00:00:00.000,United States,RSV,Sex,Female,0.2
2024-11-02T00:00:00.000,United States,RSV,Sex,Other,0.0
2024-11-02T00:00:00.000,United States,RSV,Sex,Invalid,0.0
2024-11-02T00:00:00.000,United States,RSV,Sex,Male,0.2
2024-11-02T00:00:00.000,United States,Influenza,Race/Ethnicity,"Black, NH",0.5
2024-11-02T00:00:00.000,United States,Influenza,Race/Ethnicity,"AI/AN, NH",0.5
2024-11-02T00:00:00.000,United States,Influenza,Race/Ethnicity,"Asian/NHOPI, NH",0.4
2024-11-02T00:00:00.000,United States,Influenza,Race/Ethnicity,"White, NH",0.2
2024-11-02T00:00:00.000,United States,Influenza,Race/Ethnicity,"Multiple/Other, NH",0.3
2024-11-02T00:00:00.000,United States,Influenza,Race/Ethnicity,Hispanic,0.5
2024-11-02T00:00:00.000,United States,Influenza,Age Group,18-49 years,0.3
2024-11-02T00:00:00.000,United States,Influenza,Age Group,5-17 years,0.9
2024-11-02T00:00:00.000,United States,Influenza,Age Group,65+ years,0.2
2024-11-02T00:00:00.000,United States,Influenza,Age Group,<1 year,0.6
2024-11-02T00:00:00.000,United States,Influenza,Age Group,1-4 years,1.0
2024-11-02T00:00:00.000,United States,Influenza,Age Group,50-64 years,0.2
2024-11-02T00:00:00.000,United States,Influenza,Sex,Female,0.3
2024-11-02T00:00:00.000,United States,Influenza,Sex,Other,0.0
2024-11-02T00:00:00.000,United States,Influenza,Sex,Invalid,0.0
2024-11-02T00:00:00.000,United States,Influenza,Sex,Male,0.3
2024-11-02T00:00:00.000,United States,Combined,Race/Ethnicity,"Black, NH",1.1
2024-11-02T00:00:00.000,United States,Combined,Race/Ethnicity,"Asian/NHOPI, NH",1.1
2024-11-02T00:00:00.000,United States,Combined,Race/Ethnicity,"White, NH",1.0
2024-11-02T00:00:00.000,United States,Combined,Race/Ethnicity,"Multiple/Other, NH",0.9
2024-11-02T00:00:00.000,United States,Combined,Race/Ethnicity,Hispanic,1.3
2024-11-02T00:00:00.000,United States,Combined,Age Group,18-49 years,0.7
2024-11-02T00:00:00.000,United States,Combined,Age Group,5-17 years,1.2
2024-11-02T00:00:00.000,United States,Combined,Age Group,65+ years,1.2
2024-11-02T00:00:00.000,United States,Combined,Age Group,<1 year,4.6
2024-11-02T00:00:00.000,United States,Combined,Age Group,1-4 years,3.2
2024-11-02T00:00:00.000,United States,Combined,Age Group,50-64 years,0.7
2024-11-02T00:00:00.000,United States,Combined,Sex,Female,1.1
2024-11-02T00:00:00.000,United States,Combined,Sex,Other,2.3
2024-11-02T00:00:00.000,United States,Combined,Sex,Invalid,0.0
2024-11-02T00:00:00.000,United States,Combined,Sex,Male,1.1
2024-11-02T00:00:00.000,United States,COVID-19,Race/Ethnicity,"Black, NH",0.4
2024-11-02T00:00:00.000,United States,COVID-19,Race/Ethnicity,"AI/AN, NH",0.7
2024-11-02T00:00:00.000,United States,COVID-19,Race/Ethnicity,"Asian/NHOPI, NH",0.5
2024-11-02T00:00:00.000,United States,COVID-19,Race/Ethnicity,"White, NH",0.7
2024-11-02T00:00:00.000,United States,COVID-19,Race/Ethnicity,"Multiple/Other, NH",0.4
2024-11-02T00:00:00.000,United States,COVID-19,Race/Ethnicity,Hispanic,0.4
2024-11-02T00:00:00.000,United States,COVID-19,Age Group,18-49 years,0.4
2024-11-02T00:00:00.000,United States,COVID-19,Age Group,5-17 years,0.2
2024-11-02T00:00:00.000,United States,COVID-19,Age Group,65+ years,1.0
2024-11-02T00:00:00.000,United States,COVID-19,Age Group,<1 year,1.3
2024-11-02T00:00:00.000,United States,COVID-19,Age Group,1-4 years,0.5
2024-11-02T00:00:00.000,United States,COVID-19,Age Group,50-64 years,0.5
2024-11-02T00:00:00.000,United States,COVID-19,Sex,Female,0.6
2024-11-02T00:00:00.000,United States,COVID-19,Sex,Other,2.3
2024-11-02T00:00:00.000,United States,COVID-19,Sex,Invalid,0.0
2024-11-02T00:00:00.000,United States,COVID-19,Sex,Male,0.5
2024-10-26T00:00:00.000,United States,RSV,Race/Ethnicity,"AI/AN, NH",0.1
2024-10-26T00:00:00.000,United States,RSV,Race/Ethnicity,"Asian/NHOPI, NH",0.1
2024-10-26T00:00:00.000,United States,COVID-19,Sex,Male,0.6
2024-10-26T00:00:00.000,United States,COVID-19,Sex,Invalid,0.0
2024-10-26T00:00:00.000,United States,COVID-19,Sex,Other,2.2
2024-10-26T00:00:00.000,United States,COVID-19,Sex,Female,0.6
2024-10-26T00:00:00.000,United States,COVID-19,Age Group,50-64 years,0.5
2024-10-26T00:00:00.000,United States,COVID-19,Age Group,1-4 years,0.5
2024-10-26T00:00:00.000,United States,COVID-19,Age Group,<1 year,1.5
2024-10-26T00:00:00.000,United States,COVID-19,Age Group,65+ years,1.1
2024-10-26T00:00:00.000,United States,COVID-19,Age Group,5-17 years,0.3
2024-10-26T00:00:00.000,United States,COVID-19,Age Group,18-49 years,0.4
2024-10-26T00:00:00.000,United States,COVID-19,Race/Ethnicity,Hispanic,0.4
2024-10-26T00:00:00.000,United States,COVID-19,Race/Ethnicity,"Multiple/Other, NH",0.4
2024-10-26T00:00:00.000,United States,COVID-19,Race/Ethnicity,"White, NH",0.7
2024-10-26T00:00:00.000,United States,COVID-19,Race/Ethnicity,"Asian/NHOPI, NH",0.5
2024-10-26T00:00:00.000,United States,COVID-19,Race/Ethnicity,"AI/AN, NH",0.8
2024-10-26T00:00:00.000,United States,COVID-19,Race/Ethnicity,"Black, NH",0.4
2024-10-26T00:00:00.000,United States,Combined,Sex,Male,1.0
2024-10-26T00:00:00.000,United States,Combined,Sex,Invalid,2.7
2024-10-26T00:00:00.000,United States,Combined,Sex,Other,4.4
2024-10-26T00:00:00.000,United States,Combined,Sex,Female,1.0
2024-10-26T00:00:00.000,United States,Combined,Age Group,50-64 years,0.7
2024-10-26T00:00:00.000,United States,Combined,Age Group,1-4 years,2.6
2024-10-26T00:00:00.000,United States,Combined,Age Group,<1 year,4.0
2024-10-26T00:00:00.000,United States,Combined,Age Group,65+ years,1.2
2024-10-26T00:00:00.000,United States,Combined,Age Group,5-17 years,1.0
2024-10-26T00:00:00.000,United States,Combined,Age Group,18-49 years,0.6
2024-10-26T00:00:00.000,United States,Combined,Race/Ethnicity,Hispanic,1.1
2024-10-26T00:00:00.000,United States,Combined,Race/Ethnicity,"Multiple/Other, NH",0.8
2024-10-26T00:00:00.000,United States,Combined,Race/Ethnicity,"White, NH",1.0
2024-10-26T00:00:00.000,United States,Combined,Race/Ethnicity,"Asian/NHOPI, NH",1.1
2024-10-26T00:00:00.000,United States,Combined,Race/Ethnicity,"AI/AN, NH",1.3
2024-10-26T00:00:00.000,United States,Combined,Race/Ethnicity,"Black, NH",1.0
2024-10-26T00:00:00.000,United States,Influenza,Sex,Male,0.3
2024-10-26T00:00:00.000,United States,Influenza,Sex,Invalid,2.7
2024-10-26T00:00:00.000,United States,Influenza,Sex,Other,0.0
2024-10-26T00:00:00.000,United States,Influenza,Sex,Female,0.3
2024-10-26T00:00:00.000,United States,Influenza,Age Group,50-64 years,0.2
2024-10-26T00:00:00.000,United States,Influenza,Age Group,1-4 years,0.8
2024-10-26T00:00:00.000,United States,Influenza,Age Group,<1 year,0.5
2024-10-26T00:00:00.000,United States,Influenza,Age Group,65+ years,0.1
2024-10-26T00:00:00.000,United States,Influenza,Age Group,5-17 years,0.6
2024-10-26T00:00:00.000,United States,Influenza,Age Group,18-49 years,0.2
2024-10-26T00:00:00.000,United States,Influenza,Race/Ethnicity,Hispanic,0.4
2024-10-26T00:00:00.000,United States,Influenza,Race/Ethnicity,"Multiple/Other, NH",0.3
2024-10-26T00:00:00.000,United States,Influenza,Race/Ethnicity,"White, NH",0.2
2024-10-26T00:00:00.000,United States,Influenza,Race/Ethnicity,"Asian/NHOPI, NH",0.4
2024-10-26T00:00:00.000,United States,Influenza,Race/Ethnicity,"AI/AN, NH",0.5
2024-10-26T00:00:00.000,United States,Influenza,Race/Ethnicity,"Black, NH",0.4
2024-10-26T00:00:00.000,United States,RSV,Sex,Male,0.2
2024-10-26T00:00:00.000,United States,RSV,Sex,Invalid,0.0
2024-10-26T00:00:00.000,United States,RSV,Sex,Other,2.2
2024-10-26T00:00:00.000,United States,RSV,Sex,Female,0.1
2024-10-26T00:00:00.000,United States,RSV,Age Group,50-64 years,0.0
2024-10-26T00:00:00.000,United States,RSV,Age Group,1-4 years,1.3
2024-10-26T00:00:00.000,United States,RSV,Age Group,<1 year,2.1
2024-10-26T00:00:00.000,United States,RSV,Age Group,65+ years,0.0
2024-10-26T00:00:00.000,United States,RSV,Age Group,5-17 years,0.1
2024-10-26T00:00:00.000,United States,RSV,Age Group,18-49 years,0.0
2024-10-26T00:00:00.000,United States,RSV,Race/Ethnicity,Hispanic,0.2
2024-10-26T00:00:00.000,United States,RSV,Race/Ethnicity,"Multiple/Other, NH",0.2
2024-10-26T00:00:00.000,United States,RSV,Race/Ethnicity,"White, NH",0.1
2024-10-26T00:00:00.000,United States,RSV,Race/Ethnicity,"Black, NH",0.2
2024-10-19T00:00:00.000,United States,Combined,Race/Ethnicity,"Black, NH",0.9
2024-10-19T00:00:00.000,United States,RSV,Race/Ethnicity,"Black, NH",0.2
2024-10-19T00:00:00.000,United States,RSV,Race/Ethnicity,"AI/AN, NH",0.0
2024-10-19T00:00:00.000,United States,RSV,Race/Ethnicity,"Asian/NHOPI, NH",0.1
2024-10-19T00:00:00.000,United States,RSV,Race/Ethnicity,"White, NH",0.1
2024-10-19T00:00:00.000,United States,RSV,Race/Ethnicity,"Multiple/Other, NH",0.1
2024-10-19T00:00:00.000,United States,RSV,Race/Ethnicity,Hispanic,0.2
2024-10-19T00:00:00.000,United States,RSV,Age Group,18-49 years,0.0
2024-10-19T00:00:00.000,United States,RSV,Age Group,5-17 years,0.1
2024-10-19T00:00:00.000,United States,RSV,Age Group,65+ years,0.0
2024-10-19T00:00:00.000,United States,RSV,Age Group,<1 year,1.9
2024-10-19T00:00:00.000,United States,RSV,Age Group,1-4 years,1.0
2024-10-19T00:00:00.000,United States,RSV,Age Group,50-64 years,0.0
2024-10-19T00:00:00.000,United States,RSV,Sex,Female,0.1
2024-10-19T00:00:00.000,United States,RSV,Sex,Other,0.0
2024-10-19T00:00:00.000,United States,RSV,Sex,Invalid,0.0
2024-10-19T00:00:00.000,United States,RSV,Sex,Male,0.1
2024-10-19T00:00:00.000,United States,Influenza,Race/Ethnicity,"Black, NH",0.3
2024-10-19T00:00:00.000,United States,Influenza,Race/Ethnicity,"AI/AN, NH",0.2
2024-10-19T00:00:00.000,United States,Influenza,Race/Ethnicity,"Asian/NHOPI, NH",0.3
2024-10-19T00:00:00.000,United States,Influenza,Race/Ethnicity,"White, NH",0.2
2024-10-19T00:00:00.000,United States,Influenza,Race/Ethnicity,"Multiple/Other, NH",0.2
2024-10-19T00:00:00.000,United States,Influenza,Race/Ethnicity,Hispanic,0.4
2024-10-19T00:00:00.000,United States,Influenza,Age Group,18-49 years,0.2
2024-10-19T00:00:00.000,United States,Influenza,Age Group,5-17 years,0.5
2024-10-19T00:00:00.000,United States,Influenza,Age Group,65+ years,0.1
2024-10-19T00:00:00.000,United States,Influenza,Age Group,<1 year,0.4
2024-10-19T00:00:00.000,United States,Influenza,Age Group,1-4 years,0.6
2024-10-19T00:00:00.000,United States,Influenza,Age Group,50-64 years,0.2
2024-10-19T00:00:00.000,United States,Influenza,Sex,Female,0.2
2024-10-19T00:00:00.000,United States,Influenza,Sex,Other,0.0
2024-10-19T00:00:00.000,United States,Influenza,Sex,Invalid,0.0
2024-10-19T00:00:00.000,United States,Influenza,Sex,Male,0.2
2024-10-19T00:00:00.000,United States,Combined,Race/Ethnicity,"AI/AN, NH",1.0
2024-10-19T00:00:00.000,United States,Combined,Race/Ethnicity,"Asian/NHOPI, NH",1.0
2024-10-19T00:00:00.000,United States,Combined,Race/Ethnicity,"White, NH",1.0
2024-10-19T00:00:00.000,United States,Combined,Race/Ethnicity,"Multiple/Other, NH",0.8
2024-10-19T00:00:00.000,United States,Combined,Race/Ethnicity,Hispanic,1.0
2024-10-19T00:00:00.000,United States,Combined,Age Group,18-49 years,0.6
2024-10-19T00:00:00.000,United States,Combined,Age Group,5-17 years,0.8
2024-10-19T00:00:00.000,United States,Combined,Age Group,65+ years,1.3
2024-10-19T00:00:00.000,United States,Combined,Age Group,<1 year,3.6
2024-10-19T00:00:00.000,United States,Combined,Age Group,1-4 years,2.2
2024-10-19T00:00:00.000,United States,Combined,Age Group,50-64 years,0.7
2024-10-19T00:00:00.000,United States,Combined,Sex,Female,1.0
2024-10-19T00:00:00.000,United States,Combined,Sex,Other,0.0
2024-10-19T00:00:00.000,United States,Combined,Sex,Invalid,4.4
2024-10-19T00:00:00.000,United States,Combined,Sex,Male,0.9
2024-10-19T00:00:00.000,United States,COVID-19,Race/Ethnicity,"Black, NH",0.4
2024-10-19T00:00:00.000,United States,COVID-19,Race/Ethnicity,"AI/AN, NH",0.7
2024-10-19T00:00:00.000,United States,COVID-19,Race/Ethnicity,"Asian/NHOPI, NH",0.6
2024-10-19T00:00:00.000,United States,COVID-19,Race/Ethnicity,"White, NH",0.8
2024-10-19T00:00:00.000,United States,COVID-19,Race/Ethnicity,"Multiple/Other, NH",0.4
2024-10-19T00:00:00.000,United States,COVID-19,Race/Ethnicity,Hispanic,0.4
2024-10-19T00:00:00.000,United States,COVID-19,Age Group,18-49 years,0.4
2024-10-19T00:00:00.000,United States,COVID-19,Age Group,5-17 years,0.2
2024-10-19T00:00:00.000,United States,COVID-19,Age Group,65+ years,1.1
2024-10-19T00:00:00.000,United States,COVID-19,Age Group,<1 year,1.4
2024-10-19T00:00:00.000,United States,COVID-19,Age Group,1-4 years,0.5
2024-10-19T00:00:00.000,United States,COVID-19,Age Group,50-64 years,0.6
2024-10-19T00:00:00.000,United States,COVID-19,Sex,Female,0.6
2024-10-19T00:00:00.000,United States,COVID-19,Sex,Other,0.0
2024-10-19T00:00:00.000,United States,COVID-19,Sex,Invalid,4.4
2024-10-19T00:00:00.000,United States,COVID-19,Sex,Male,0.6
2024-10-12T00:00:00.000,United States,RSV,Race/Ethnicity,"Black, NH",0.1
2024-10-12T00:00:00.000,United States,RSV,Race/Ethnicity,"AI/AN, NH",0.1
2024-10-12T00:00:00.000,United States,RSV,Race/Ethnicity,"Asian/NHOPI, NH",0.1
2024-10-12T00:00:00.000,United States,RSV,Race/Ethnicity,"White, NH",0.1
2024-10-12T00:00:00.000,United States,RSV,Race/Ethnicity,"Multiple/Other, NH",0.1
2024-10-12T00:00:00.000,United States,RSV,Race/Ethnicity,Hispanic,0.2
2024-10-12T00:00:00.000,United States,RSV,Age Group,18-49 years,0.0
2024-10-12T00:00:00.000,United States,RSV,Age Group,5-17 years,0.1
2024-10-12T00:00:00.000,United States,RSV,Age Group,65+ years,0.0
2024-10-12T00:00:00.000,United States,RSV,Age Group,<1 year,1.5
2024-10-12T00:00:00.000,United States,RSV,Age Group,1-4 years,0.9
2024-10-12T00:00:00.000,United States,RSV,Age Group,50-64 years,0.0
2024-10-12T00:00:00.000,United States,RSV,Sex,Female,0.1
2024-10-12T00:00:00.000,United States,RSV,Sex,Other,0.0
2024-10-12T00:00:00.000,United States,RSV,Sex,Invalid,0.0
2024-10-12T00:00:00.000,United States,RSV,Sex,Male,0.1
2024-10-12T00:00:00.000,United States,Influenza,Race/Ethnicity,"Black, NH",0.3
2024-10-12T00:00:00.000,United States,Influenza,Race/Ethnicity,"AI/AN, NH",0.2
2024-10-12T00:00:00.000,United States,Influenza,Race/Ethnicity,"Asian/NHOPI, NH",0.2
2024-10-12T00:00:00.000,United States,Influenza,Race/Ethnicity,"White, NH",0.2
2024-10-12T00:00:00.000,United States,Influenza,Race/Ethnicity,"Multiple/Other, NH",0.2
2024-10-12T00:00:00.000,United States,Influenza,Race/Ethnicity,Hispanic,0.3
2024-10-12T00:00:00.000,United States,Influenza,Age Group,18-49 years,0.2
2024-10-12T00:00:00.000,United States,Influenza,Age Group,5-17 years,0.5
2024-10-12T00:00:00.000,United States,Influenza,Age Group,65+ years,0.1
2024-10-12T00:00:00.000,United States,Influenza,Age Group,<1 year,0.4
2024-10-12T00:00:00.000,United States,Influenza,Age Group,1-4 years,0.6
2024-10-12T00:00:00.000,United States,Influenza,Age Group,50-64 years,0.1
2024-10-12T00:00:00.000,United States,Influenza,Sex,Female,0.2
2024-10-12T00:00:00.000,United States,Influenza,Sex,Other,0.0
2024-10-12T00:00:00.000,United States,Influenza,Sex,Invalid,0.0
2024-10-12T00:00:00.000,United States,Influenza,Sex,Male,0.2
2024-10-12T00:00:00.000,United States,Combined,Race/Ethnicity,"Black, NH",0.9
2024-10-12T00:00:00.000,United States,Combined,Race/Ethnicity,"AI/AN, NH",1.2
2024-10-12T00:00:00.000,United States,Combined,Race/Ethnicity,"Asian/NHOPI, NH",1.0
2024-10-12T00:00:00.000,United States,Combined,Race/Ethnicity,"White, NH",1.1
2024-10-12T00:00:00.000,United States,Combined,Race/Ethnicity,"Multiple/Other, NH",0.8
2024-10-12T00:00:00.000,United States,Combined,Race/Ethnicity,Hispanic,1.0
2024-10-12T00:00:00.000,United States,Combined,Age Group,18-49 years,0.6
2024-10-12T00:00:00.000,United States,Combined,Age Group,5-17 years,0.8
2024-10-12T00:00:00.000,United States,Combined,Age Group,65+ years,1.4
2024-10-12T00:00:00.000,United States,Combined,Age Group,<1 year,3.3
2024-10-12T00:00:00.000,United States,Combined,Age Group,1-4 years,2.0
2024-10-12T00:00:00.000,United States,Combined,Age Group,50-64 years,0.8
2024-10-12T00:00:00.000,United States,Combined,Sex,Female,1.0
2024-10-12T00:00:00.000,United States,Combined,Sex,Other,0.0
2024-10-12T00:00:00.000,United States,Combined,Sex,Invalid,0.0
2024-10-12T00:00:00.000,United States,Combined,Sex,Male,1.0
2024-10-12T00:00:00.000,United States,COVID-19,Race/Ethnicity,"Black, NH",0.5
2024-10-12T00:00:00.000,United States,COVID-19,Race/Ethnicity,"AI/AN, NH",0.9
2024-10-12T00:00:00.000,United States,COVID-19,Race/Ethnicity,"Asian/NHOPI, NH",0.7
2024-10-12T00:00:00.000,United States,COVID-19,Race/Ethnicity,"White, NH",0.9
2024-10-12T00:00:00.000,United States,COVID-19,Race/Ethnicity,"Multiple/Other, NH",0.5
2024-10-12T00:00:00.000,United States,COVID-19,Race/Ethnicity,Hispanic,0.5
2024-10-12T00:00:00.000,United States,COVID-19,Age Group,18-49 years,0.5
2024-10-12T00:00:00.000,United States,COVID-19,Age Group,5-17 years,0.3
2024-10-12T00:00:00.000,United States,COVID-19,Age Group,65+ years,1.3
2024-10-12T00:00:00.000,United States,COVID-19,Age Group,<1 year,1.5
2024-10-12T00:00:00.000,United States,COVID-19,Age Group,1-4 years,0.6
2024-10-12T00:00:00.000,United States,COVID-19,Age Group,50-64 years,0.6
2024-10-12T00:00:00.000,United States,COVID-19,Sex,Female,0.7
2024-10-12T00:00:00.000,United States,COVID-19,Sex,Male,0.7
2024-10-12T00:00:00.000,United States,COVID-19,Sex,Other,0.0
2024-10-12T00:00:00.000,United States,COVID-19,Sex,Invalid,0.0
2024-10-05T00:00:00.000,United States,RSV,Age Group,18-49 years,0.0
2024-10-05T00:00:00.000,United States,COVID-19,Sex,Female,0.9
2024-10-05T00:00:00.000,United States,COVID-19,Age Group,50-64 years,0.8
2024-10-05T00:00:00.000,United States,COVID-19,Age Group,1-4 years,0.7
2024-10-05T00:00:00.000,United States,COVID-19,Age Group,<1 year,2.0
2024-10-05T00:00:00.000,United States,COVID-19,Age Group,65+ years,1.6
2024-10-05T00:00:00.000,United States,COVID-19,Age Group,5-17 years,0.4
2024-10-05T00:00:00.000,United States,COVID-19,Age Group,18-49 years,0.5
2024-10-05T00:00:00.000,United States,COVID-19,Sex,Invalid,0.0
2024-10-05T00:00:00.000,United States,COVID-19,Race/Ethnicity,Hispanic,0.6
2024-10-05T00:00:00.000,United States,COVID-19,Race/Ethnicity,"Multiple/Other, NH",0.7
2024-10-05T00:00:00.000,United States,COVID-19,Race/Ethnicity,"White, NH",1.0
2024-10-05T00:00:00.000,United States,COVID-19,Race/Ethnicity,"Asian/NHOPI, NH",0.9
2024-10-05T00:00:00.000,United States,COVID-19,Race/Ethnicity,"AI/AN, NH",1.1
2024-10-05T00:00:00.000,United States,COVID-19,Race/Ethnicity,"Black, NH",0.6
2024-10-05T00:00:00.000,United States,Combined,Sex,Male,1.1
2024-10-05T00:00:00.000,United States,Combined,Sex,Invalid,0.0
2024-10-05T00:00:00.000,United States,Combined,Sex,Other,0.0
2024-10-05T00:00:00.000,United States,Combined,Sex,Female,1.1
2024-10-05T00:00:00.000,United States,Combined,Age Group,50-64 years,0.9
2024-10-05T00:00:00.000,United States,Combined,Age Group,1-4 years,2.0
2024-10-05T00:00:00.000,United States,Combined,Age Group,<1 year,3.5
2024-10-05T00:00:00.000,United States,Combined,Age Group,65+ years,1.7
2024-10-05T00:00:00.000,United States,Combined,Age Group,5-17 years,0.8
2024-10-05T00:00:00.000,United States,Combined,Age Group,18-49 years,0.7
2024-10-05T00:00:00.000,United States,Combined,Race/Ethnicity,Hispanic,1.0
2024-10-05T00:00:00.000,United States,Combined,Race/Ethnicity,"Multiple/Other, NH",0.9
2024-10-05T00:00:00.000,United States,Combined,Race/Ethnicity,"White, NH",1.2
2024-10-05T00:00:00.000,United States,Combined,Race/Ethnicity,"Asian/NHOPI, NH",1.2
2024-10-05T00:00:00.000,United States,Combined,Race/Ethnicity,"AI/AN, NH",1.3
2024-10-05T00:00:00.000,United States,Combined,Race/Ethnicity,"Black, NH",1.0
2024-10-05T00:00:00.000,United States,Influenza,Sex,Male,0.2
2024-10-05T00:00:00.000,United States,Influenza,Sex,Invalid,0.0
2024-10-05T00:00:00.000,United States,Influenza,Sex,Other,0.0
2024-10-05T00:00:00.000,United States,Influenza,Sex,Female,0.2
2024-10-05T00:00:00.000,United States,Influenza,Age Group,50-64 years,0.1
2024-10-05T00:00:00.000,United States,Influenza,Age Group,1-4 years,0.6
2024-10-05T00:00:00.000,United States,Influenza,Age Group,<1 year,0.4
2024-10-05T00:00:00.000,United States,Influenza,Age Group,65+ years,0.1
2024-10-05T00:00:00.000,United States,Influenza,Age Group,5-17 years,0.4
2024-10-05T00:00:00.000,United States,Influenza,Age Group,18-49 years,0.2
2024-10-05T00:00:00.000,United States,Influenza,Race/Ethnicity,Hispanic,0.3
2024-10-05T00:00:00.000,United States,Influenza,Race/Ethnicity,"Multiple/Other, NH",0.2
2024-10-05T00:00:00.000,United States,Influenza,Race/Ethnicity,"White, NH",0.1
2024-10-05T00:00:00.000,United States,Influenza,Race/Ethnicity,"Asian/NHOPI, NH",0.3
2024-10-05T00:00:00.000,United States,Influenza,Race/Ethnicity,"AI/AN, NH",0.2
2024-10-05T00:00:00.000,United States,Influenza,Race/Ethnicity,"Black, NH",0.3
2024-10-05T00:00:00.000,United States,RSV,Sex,Male,0.1
2024-10-05T00:00:00.000,United States,RSV,Sex,Invalid,0.0
2024-10-05T00:00:00.000,United States,RSV,Sex,Other,0.0
2024-10-05T00:00:00.000,United States,RSV,Sex,Female,0.1
2024-10-05T00:00:00.000,United States,RSV,Age Group,50-64 years,0.0
2024-10-05T00:00:00.000,United States,RSV,Age Group,1-4 years,0.6
2024-10-05T00:00:00.000,United States,RSV,Age Group,<1 year,1.1
2024-10-05T00:00:00.000,United States,RSV,Age Group,65+ years,0.0
2024-10-05T00:00:00.000,United States,RSV,Age Group,5-17 years,0.0
2024-10-05T00:00:00.000,United States,COVID-19,Sex,Other,0.0
2024-10-05T00:00:00.000,United States,RSV,Race/Ethnicity,Hispanic,0.1
2024-10-05T00:00:00.000,United States,RSV,Race/Ethnicity,"Multiple/Other, NH",0.1
2024-10-05T00:00:00.000,United States,RSV,Race/Ethnicity,"White, NH",0.0
2024-10-05T00:00:00.000,United States,RSV,Race/Ethnicity,"Asian/NHOPI, NH",0.1
2024-10-05T00:00:00.000,United States,RSV,Race/Ethnicity,"AI/AN, NH",0.0
2024-10-05T00:00:00.000,United States,RSV,Race/Ethnicity,"Black, NH",0.1
2024-10-05T00:00:00.000,United States,COVID-19,Sex,Male,0.8
2024-09-28T00:00:00.000,United States,Influenza,Sex,Male,0.2
2024-09-28T00:00:00.000,United States,COVID-19,Sex,Male,1.0
2024-09-28T00:00:00.000,United States,COVID-19,Sex,Invalid,2.9
2024-09-28T00:00:00.000,United States,COVID-19,Sex,Other,0.0
2024-09-28T00:00:00.000,United States,COVID-19,Sex,Female,1.2
2024-09-28T00:00:00.000,United States,COVID-19,Age Group,50-64 years,1.0
2024-09-28T00:00:00.000,United States,COVID-19,Age Group,1-4 years,1.0
2024-09-28T00:00:00.000,United States,COVID-19,Age Group,<1 year,2.7
2024-09-28T00:00:00.000,United States,COVID-19,Age Group,65+ years,2.0
2024-09-28T00:00:00.000,United States,COVID-19,Age Group,5-17 years,0.5
2024-09-28T00:00:00.000,United States,COVID-19,Age Group,18-49 years,0.7
2024-09-28T00:00:00.000,United States,COVID-19,Race/Ethnicity,Hispanic,0.8
2024-09-28T00:00:00.000,United States,COVID-19,Race/Ethnicity,"Multiple/Other, NH",0.9
2024-09-28T00:00:00.000,United States,COVID-19,Race/Ethnicity,"White, NH",1.4
2024-09-28T00:00:00.000,United States,COVID-19,Race/Ethnicity,"Asian/NHOPI, NH",1.2
2024-09-28T00:00:00.000,United States,COVID-19,Race/Ethnicity,"AI/AN, NH",1.1
2024-09-28T00:00:00.000,United States,COVID-19,Race/Ethnicity,"Black, NH",0.9
2024-09-28T00:00:00.000,United States,Combined,Sex,Male,1.3
2024-09-28T00:00:00.000,United States,Combined,Sex,Invalid,2.9
2024-09-28T00:00:00.000,United States,Combined,Sex,Other,0.0
2024-09-28T00:00:00.000,United States,Combined,Sex,Female,1.4
2024-09-28T00:00:00.000,United States,Combined,Age Group,50-64 years,1.2
2024-09-28T00:00:00.000,United States,Combined,Age Group,1-4 years,2.1
2024-09-28T00:00:00.000,United States,Combined,Age Group,<1 year,3.8
2024-09-28T00:00:00.000,United States,Combined,Age Group,65+ years,2.1
2024-09-28T00:00:00.000,United States,Combined,Age Group,5-17 years,1.0
2024-09-28T00:00:00.000,United States,Combined,Age Group,18-49 years,0.9
2024-09-28T00:00:00.000,United States,Combined,Race/Ethnicity,Hispanic,1.2
2024-09-28T00:00:00.000,United States,Combined,Race/Ethnicity,"Multiple/Other, NH",1.1
2024-09-28T00:00:00.000,United States,Combined,Race/Ethnicity,"White, NH",1.5
2024-09-28T00:00:00.000,United States,Combined,Race/Ethnicity,"Asian/NHOPI, NH",1.4
2024-09-28T00:00:00.000,United States,Combined,Race/Ethnicity,"AI/AN, NH",1.3
2024-09-28T00:00:00.000,United States,Combined,Race/Ethnicity,"Black, NH",1.2
2024-09-28T00:00:00.000,United States,Influenza,Sex,Invalid,0.0
2024-09-28T00:00:00.000,United States,Influenza,Sex,Other,0.0
2024-09-28T00:00:00.000,United States,Influenza,Sex,Female,0.2
2024-09-28T00:00:00.000,United States,Influenza,Age Group,50-64 years,0.1
2024-09-28T00:00:00.000,United States,Influenza,Age Group,1-4 years,0.6
2024-09-28T00:00:00.000,United States,Influenza,Age Group,<1 year,0.3
2024-09-28T00:00:00.000,United States,Influenza,Age Group,65+ years,0.1
2024-09-28T00:00:00.000,United States,Influenza,Age Group,5-17 years,0.4
2024-09-28T00:00:00.000,United States,Influenza,Age Group,18-49 years,0.2
2024-09-28T00:00:00.000,United States,Influenza,Race/Ethnicity,Hispanic,0.3
2024-09-28T00:00:00.000,United States,Influenza,Race/Ethnicity,"Multiple/Other, NH",0.2
2024-09-28T00:00:00.000,United States,Influenza,Race/Ethnicity,"White, NH",0.1
2024-09-28T00:00:00.000,United States,Influenza,Race/Ethnicity,"Asian/NHOPI, NH",0.2
2024-09-28T00:00:00.000,United States,Influenza,Race/Ethnicity,"AI/AN, NH",0.2
2024-09-28T00:00:00.000,United States,Influenza,Race/Ethnicity,"Black, NH",0.3
2024-09-28T00:00:00.000,United States,RSV,Sex,Male,0.1
2024-09-28T00:00:00.000,United States,RSV,Sex,Invalid,0.0
2024-09-28T00:00:00.000,United States,RSV,Sex,Other,0.0
2024-09-28T00:00:00.000,United States,RSV,Sex,Female,0.0
2024-09-28T00:00:00.000,United States,RSV,Age Group,50-64 years,0.0
2024-09-28T00:00:00.000,United States,RSV,Age Group,1-4 years,0.5
2024-09-28T00:00:00.000,United States,RSV,Age Group,<1 year,0.8
2024-09-28T00:00:00.000,United States,RSV,Age Group,65+ years,0.0
2024-09-28T00:00:00.000,United States,RSV,Age Group,5-17 years,0.0
2024-09-28T00:00:00.000,United States,RSV,Age Group,18-49 years,0.0
2024-09-28T00:00:00.000,United States,RSV,Race/Ethnicity,Hispanic,0.1
2024-09-28T00:00:00.000,United States,RSV,Race/Ethnicity,"Multiple/Other, NH",0.1
2024-09-28T00:00:00.000,United States,RSV,Race/Ethnicity,"White, NH",0.0
2024-09-28T00:00:00.000,United States,RSV,Race/Ethnicity,"Asian/NHOPI, NH",0.1
2024-09-28T00:00:00.000,United States,RSV,Race/Ethnicity,"AI/AN, NH",0.0
2024-09-28T00:00:00.000,United States,RSV,Race/Ethnicity,"Black, NH",0.1
2024-09-21T00:00:00.000,United States,COVID-19,Sex,Male,1.3
2024-09-21T00:00:00.000,United States,COVID-19,Sex,Other,0.0
2024-09-21T00:00:00.000,United States,COVID-19,Sex,Female,1.5
2024-09-21T00:00:00.000,United States,COVID-19,Age Group,50-64 years,1.3
2024-09-21T00:00:00.000,United States,COVID-19,Age Group,1-4 years,1.3
2024-09-21T00:00:00.000,United States,COVID-19,Age Group,<1 year,3.7
2024-09-21T00:00:00.000,United States,COVID-19,Age Group,65+ years,2.4
2024-09-21T00:00:00.000,United States,COVID-19,Age Group,5-17 years,0.8
2024-09-21T00:00:00.000,United States,COVID-19,Age Group,18-49 years,1.0
2024-09-21T00:00:00.000,United States,COVID-19,Race/Ethnicity,Hispanic,1.1
2024-09-21T00:00:00.000,United States,COVID-19,Race/Ethnicity,"Multiple/Other, NH",1.1
2024-09-21T00:00:00.000,United States,COVID-19,Race/Ethnicity,"White, NH",1.7
2024-09-21T00:00:00.000,United States,COVID-19,Race/Ethnicity,"Asian/NHOPI, NH",1.5
2024-09-21T00:00:00.000,United States,COVID-19,Race/Ethnicity,"AI/AN, NH",1.5
2024-09-21T00:00:00.000,United States,COVID-19,Race/Ethnicity,"Black, NH",1.2
2024-09-21T00:00:00.000,United States,Combined,Sex,Male,1.6
2024-09-21T00:00:00.000,United States,Combined,Sex,Invalid,0.0
2024-09-21T00:00:00.000,United States,Combined,Sex,Other,0.0
2024-09-21T00:00:00.000,United States,Combined,Sex,Female,1.7
2024-09-21T00:00:00.000,United States,Combined,Age Group,50-64 years,1.4
2024-09-21T00:00:00.000,United States,Combined,Age Group,1-4 years,2.3
2024-09-21T00:00:00.000,United States,Combined,Age Group,<1 year,4.6
2024-09-21T00:00:00.000,United States,Combined,Age Group,65+ years,2.5
2024-09-21T00:00:00.000,United States,Combined,Age Group,5-17 years,1.2
2024-09-21T00:00:00.000,United States,Combined,Age Group,18-49 years,1.2
2024-09-21T00:00:00.000,United States,Combined,Race/Ethnicity,Hispanic,1.4
2024-09-21T00:00:00.000,United States,Combined,Race/Ethnicity,"Multiple/Other, NH",1.3
2024-09-21T00:00:00.000,United States,Combined,Race/Ethnicity,"White, NH",1.8
2024-09-21T00:00:00.000,United States,Combined,Race/Ethnicity,"Asian/NHOPI, NH",1.8
2024-09-21T00:00:00.000,United States,Combined,Race/Ethnicity,"AI/AN, NH",1.8
2024-09-21T00:00:00.000,United States,Combined,Race/Ethnicity,"Black, NH",1.5
2024-09-21T00:00:00.000,United States,Influenza,Sex,Male,0.2
2024-09-21T00:00:00.000,United States,Influenza,Sex,Invalid,0.0
2024-09-21T00:00:00.000,United States,Influenza,Sex,Other,0.0
2024-09-21T00:00:00.000,United States,Influenza,Sex,Female,0.2
2024-09-21T00:00:00.000,United States,Influenza,Age Group,50-64 years,0.1
2024-09-21T00:00:00.000,United States,Influenza,Age Group,1-4 years,0.6
2024-09-21T00:00:00.000,United States,Influenza,Age Group,<1 year,0.3
2024-09-21T00:00:00.000,United States,Influenza,Age Group,65+ years,0.1
2024-09-21T00:00:00.000,United States,Influenza,Age Group,5-17 years,0.4
2024-09-21T00:00:00.000,United States,Influenza,Age Group,18-49 years,0.2
2024-09-21T00:00:00.000,United States,Influenza,Race/Ethnicity,Hispanic,0.3
2024-09-21T00:00:00.000,United States,Influenza,Race/Ethnicity,"Multiple/Other, NH",0.2
2024-09-21T00:00:00.000,United States,Influenza,Race/Ethnicity,"White, NH",0.1
2024-09-21T00:00:00.000,United States,Influenza,Race/Ethnicity,"Asian/NHOPI, NH",0.3
2024-09-21T00:00:00.000,United States,Influenza,Race/Ethnicity,"AI/AN, NH",0.3
2024-09-21T00:00:00.000,United States,Influenza,Race/Ethnicity,"Black, NH",0.3
2024-09-21T00:00:00.000,United States,RSV,Sex,Male,0.0
2024-09-21T00:00:00.000,United States,RSV,Sex,Invalid,0.0
2024-09-21T00:00:00.000,United States,RSV,Sex,Other,0.0
2024-09-21T00:00:00.000,United States,RSV,Sex,Female,0.0
2024-09-21T00:00:00.000,United States,RSV,Age Group,50-64 years,0.0
2024-09-21T00:00:00.000,United States,RSV,Age Group,1-4 years,0.4
2024-09-21T00:00:00.000,United States,RSV,Age Group,<1 year,0.6
2024-09-21T00:00:00.000,United States,RSV,Age Group,65+ years,0.0
2024-09-21T00:00:00.000,United States,RSV,Age Group,5-17 years,0.0
2024-09-21T00:00:00.000,United States,RSV,Age Group,18-49 years,0.0
2024-09-21T00:00:00.000,United States,RSV,Race/Ethnicity,Hispanic,0.1
2024-09-21T00:00:00.000,United States,RSV,Race/Ethnicity,"Multiple/Other, NH",0.0
2024-09-21T00:00:00.000,United States,RSV,Race/Ethnicity,"White, NH",0.0
2024-09-21T00:00:00.000,United States,RSV,Race/Ethnicity,"Asian/NHOPI, NH",0.1
2024-09-21T00:00:00.000,United States,RSV,Race/Ethnicity,"AI/AN, NH",0.0
2024-09-21T00:00:00.000,United States,RSV,Race/Ethnicity,"Black, NH",0.0
2024-09-21T00:00:00.000,United States,COVID-19,Sex,Invalid,0.0
2024-09-14T00:00:00.000,United States,COVID-19,Age Group,5-17 years,1.1
2024-09-14T00:00:00.000,United States,COVID-19,Sex,Male,1.6
2024-09-14T00:00:00.000,United States,COVID-19,Sex,Invalid,0.0
2024-09-14T00:00:00.000,United States,COVID-19,Sex,Other,0.0
2024-09-14T00:00:00.000,United States,COVID-19,Sex,Female,1.9
2024-09-14T00:00:00.000,United States,COVID-19,Age Group,50-64 years,1.5
2024-09-14T00:00:00.000,United States,COVID-19,Age Group,1-4 years,1.8
2024-09-14T00:00:00.000,United States,COVID-19,Age Group,<1 year,4.8
2024-09-14T00:00:00.000,United States,COVID-19,Age Group,65+ years,2.7
2024-09-14T00:00:00.000,United States,COVID-19,Age Group,18-49 years,1.3
2024-09-14T00:00:00.000,United States,COVID-19,Race/Ethnicity,Hispanic,1.4
2024-09-14T00:00:00.000,United States,COVID-19,Race/Ethnicity,"Multiple/Other, NH",1.5
2024-09-14T00:00:00.000,United States,COVID-19,Race/Ethnicity,"White, NH",2.0
2024-09-14T00:00:00.000,United States,COVID-19,Race/Ethnicity,"Asian/NHOPI, NH",1.8
2024-09-14T00:00:00.000,United States,COVID-19,Race/Ethnicity,"AI/AN, NH",1.7
2024-09-14T00:00:00.000,United States,COVID-19,Race/Ethnicity,"Black, NH",1.6
2024-09-14T00:00:00.000,United States,Combined,Sex,Male,1.8
2024-09-14T00:00:00.000,United States,Combined,Sex,Invalid,0.0
2024-09-14T00:00:00.000,United States,Combined,Sex,Other,0.0
2024-09-14T00:00:00.000,United States,Combined,Sex,Female,2.1
2024-09-14T00:00:00.000,United States,Combined,Age Group,50-64 years,1.7
2024-09-14T00:00:00.000,United States,Combined,Age Group,1-4 years,2.6
2024-09-14T00:00:00.000,United States,Combined,Age Group,<1 year,5.6
2024-09-14T00:00:00.000,United States,Combined,Age Group,65+ years,2.8
2024-09-14T00:00:00.000,United States,Combined,Age Group,5-17 years,1.5
2024-09-14T00:00:00.000,United States,Combined,Age Group,18-49 years,1.4
2024-09-14T00:00:00.000,United States,Combined,Race/Ethnicity,Hispanic,1.7
2024-09-14T00:00:00.000,United States,Combined,Race/Ethnicity,"Multiple/Other, NH",1.7
2024-09-14T00:00:00.000,United States,Combined,Race/Ethnicity,"White, NH",2.1
2024-09-14T00:00:00.000,United States,Combined,Race/Ethnicity,"Asian/NHOPI, NH",2.1
2024-09-14T00:00:00.000,United States,Combined,Race/Ethnicity,"AI/AN, NH",1.9
2024-09-14T00:00:00.000,United States,Combined,Race/Ethnicity,"Black, NH",1.9
2024-09-14T00:00:00.000,United States,Influenza,Sex,Male,0.2
2024-09-14T00:00:00.000,United States,Influenza,Sex,Invalid,0.0
2024-09-14T00:00:00.000,United States,Influenza,Sex,Other,0.0
2024-09-14T00:00:00.000,United States,Influenza,Sex,Female,0.2
2024-09-14T00:00:00.000,United States,Influenza,Age Group,50-64 years,0.1
2024-09-14T00:00:00.000,United States,Influenza,Age Group,1-4 years,0.5
2024-09-14T00:00:00.000,United States,Influenza,Age Group,<1 year,0.3
2024-09-14T00:00:00.000,United States,Influenza,Age Group,65+ years,0.1
2024-09-14T00:00:00.000,United States,Influenza,Age Group,5-17 years,0.4
2024-09-14T00:00:00.000,United States,Influenza,Age Group,18-49 years,0.2
2024-09-14T00:00:00.000,United States,Influenza,Race/Ethnicity,Hispanic,0.3
2024-09-14T00:00:00.000,United States,Influenza,Race/Ethnicity,"Multiple/Other, NH",0.2
2024-09-14T00:00:00.000,United States,Influenza,Race/Ethnicity,"White, NH",0.1
2024-09-14T00:00:00.000,United States,Influenza,Race/Ethnicity,"Asian/NHOPI, NH",0.3
2024-09-14T00:00:00.000,United States,Influenza,Race/Ethnicity,"AI/AN, NH",0.3
2024-09-14T00:00:00.000,United States,Influenza,Race/Ethnicity,"Black, NH",0.3
2024-09-14T00:00:00.000,United States,RSV,Sex,Male,0.0
2024-09-14T00:00:00.000,United States,RSV,Sex,Invalid,0.0
2024-09-14T00:00:00.000,United States,RSV,Sex,Other,0.0
2024-09-14T00:00:00.000,United States,RSV,Sex,Female,0.0
2024-09-14T00:00:00.000,United States,RSV,Age Group,50-64 years,0.0
2024-09-14T00:00:00.000,United States,RSV,Age Group,1-4 years,0.3
2024-09-14T00:00:00.000,United States,RSV,Age Group,<1 year,0.5
2024-09-14T00:00:00.000,United States,RSV,Age Group,65+ years,0.0
2024-09-14T00:00:00.000,United States,RSV,Age Group,5-17 years,0.0
2024-09-14T00:00:00.000,United States,RSV,Age Group,18-49 years,0.0
2024-09-14T00:00:00.000,United States,RSV,Race/Ethnicity,Hispanic,0.0
2024-09-14T00:00:00.000,United States,RSV,Race/Ethnicity,"Multiple/Other, NH",0.0
2024-09-14T00:00:00.000,United States,RSV,Race/Ethnicity,"White, NH",0.0
2024-09-14T00:00:00.000,United States,RSV,Race/Ethnicity,"Asian/NHOPI, NH",0.0
2024-09-14T00:00:00.000,United States,RSV,Race/Ethnicity,"AI/AN, NH",0.0
2024-09-14T00:00:00.000,United States,RSV,Race/Ethnicity,"Black, NH",0.0
2024-09-07T00:00:00.000,United States,COVID-19,Sex,Male,1.9
2024-09-07T00:00:00.000,United States,RSV,Race/Ethnicity,"Black, NH",0.0
2024-09-07T00:00:00.000,United States,RSV,Race/Ethnicity,"AI/AN, NH",0.0
2024-09-07T00:00:00.000,United States,RSV,Race/Ethnicity,"Asian/NHOPI, NH",0.0
2024-09-07T00:00:00.000,United States,RSV,Race/Ethnicity,"White, NH",0.0
2024-09-07T00:00:00.000,United States,RSV,Race/Ethnicity,"Multiple/Other, NH",0.0
2024-09-07T00:00:00.000,United States,RSV,Race/Ethnicity,Hispanic,0.0
2024-09-07T00:00:00.000,United States,RSV,Age Group,18-49 years,0.0
2024-09-07T00:00:00.000,United States,RSV,Age Group,5-17 years,0.0
2024-09-07T00:00:00.000,United States,RSV,Age Group,65+ years,0.0
2024-09-07T00:00:00.000,United States,RSV,Age Group,<1 year,0.4
2024-09-07T00:00:00.000,United States,RSV,Age Group,1-4 years,0.3
2024-09-07T00:00:00.000,United States,RSV,Age Group,50-64 years,0.0
2024-09-07T00:00:00.000,United States,RSV,Sex,Female,0.0
2024-09-07T00:00:00.000,United States,RSV,Sex,Other,0.0
2024-09-07T00:00:00.000,United States,RSV,Sex,Invalid,0.0
2024-09-07T00:00:00.000,United States,RSV,Sex,Male,0.0
2024-09-07T00:00:00.000,United States,Influenza,Race/Ethnicity,"Black, NH",0.3
2024-09-07T00:00:00.000,United States,Influenza,Race/Ethnicity,"AI/AN, NH",0.3
2024-09-07T00:00:00.000,United States,Influenza,Race/Ethnicity,"Asian/NHOPI, NH",0.3
2024-09-07T00:00:00.000,United States,Influenza,Race/Ethnicity,"White, NH",0.1
2024-09-07T00:00:00.000,United States,Influenza,Race/Ethnicity,"Multiple/Other, NH",0.2
2024-09-07T00:00:00.000,United States,Influenza,Race/Ethnicity,Hispanic,0.2
2024-09-07T00:00:00.000,United States,Influenza,Age Group,18-49 years,0.2
2024-09-07T00:00:00.000,United States,Influenza,Age Group,5-17 years,0.4
2024-09-07T00:00:00.000,United States,Influenza,Age Group,65+ years,0.1
2024-09-07T00:00:00.000,United States,Influenza,Age Group,<1 year,0.3
2024-09-07T00:00:00.000,United States,Influenza,Age Group,1-4 years,0.5
2024-09-07T00:00:00.000,United States,Influenza,Age Group,50-64 years,0.1
2024-09-07T00:00:00.000,United States,Influenza,Sex,Female,0.2
2024-09-07T00:00:00.000,United States,Influenza,Sex,Other,0.0
2024-09-07T00:00:00.000,United States,Influenza,Sex,Invalid,0.0
2024-09-07T00:00:00.000,United States,Influenza,Sex,Male,0.2
2024-09-07T00:00:00.000,United States,Combined,Race/Ethnicity,"Black, NH",2.3
2024-09-07T00:00:00.000,United States,Combined,Race/Ethnicity,"AI/AN, NH",2.4
2024-09-07T00:00:00.000,United States,Combined,Race/Ethnicity,"Asian/NHOPI, NH",2.5
2024-09-07T00:00:00.000,United States,Combined,Race/Ethnicity,"White, NH",2.4
2024-09-07T00:00:00.000,United States,Combined,Race/Ethnicity,"Multiple/Other, NH",2.0
2024-09-07T00:00:00.000,United States,Combined,Race/Ethnicity,Hispanic,2.2
2024-09-07T00:00:00.000,United States,Combined,Age Group,18-49 years,1.7
2024-09-07T00:00:00.000,United States,Combined,Age Group,5-17 years,1.9
2024-09-07T00:00:00.000,United States,Combined,Age Group,65+ years,3.1
2024-09-07T00:00:00.000,United States,Combined,Age Group,<1 year,6.5
2024-09-07T00:00:00.000,United States,Combined,Age Group,1-4 years,3.0
2024-09-07T00:00:00.000,United States,Combined,Age Group,50-64 years,2.0
2024-09-07T00:00:00.000,United States,Combined,Sex,Female,2.5
2024-09-07T00:00:00.000,United States,Combined,Sex,Other,1.9
2024-09-07T00:00:00.000,United States,Combined,Sex,Invalid,0.0
2024-09-07T00:00:00.000,United States,Combined,Sex,Male,2.1
2024-09-07T00:00:00.000,United States,COVID-19,Race/Ethnicity,"Black, NH",2.1
2024-09-07T00:00:00.000,United States,COVID-19,Race/Ethnicity,"AI/AN, NH",2.1
2024-09-07T00:00:00.000,United States,COVID-19,Race/Ethnicity,"Asian/NHOPI, NH",2.2
2024-09-07T00:00:00.000,United States,COVID-19,Race/Ethnicity,"White, NH",2.2
2024-09-07T00:00:00.000,United States,COVID-19,Race/Ethnicity,"Multiple/Other, NH",1.9
2024-09-07T00:00:00.000,United States,COVID-19,Race/Ethnicity,Hispanic,1.9
2024-09-07T00:00:00.000,United States,COVID-19,Age Group,18-49 years,1.6
2024-09-07T00:00:00.000,United States,COVID-19,Age Group,5-17 years,1.6
2024-09-07T00:00:00.000,United States,COVID-19,Age Group,65+ years,3.0
2024-09-07T00:00:00.000,United States,COVID-19,Age Group,<1 year,5.9
2024-09-07T00:00:00.000,United States,COVID-19,Age Group,1-4 years,2.3
2024-09-07T00:00:00.000,United States,COVID-19,Age Group,50-64 years,1.8
2024-09-07T00:00:00.000,United States,COVID-19,Sex,Female,2.3
2024-09-07T00:00:00.000,United States,COVID-19,Sex,Other,1.9
2024-09-07T00:00:00.000,United States,COVID-19,Sex,Invalid,0.0
2024-08-31T00:00:00.000,United States,COVID-19,Sex,Male,2.2
2024-08-31T00:00:00.000,United States,COVID-19,Sex,Invalid,2.0
2024-08-31T00:00:00.000,United States,RSV,Race/Ethnicity,"AI/AN, NH",0.0
2024-08-31T00:00:00.000,United States,RSV,Race/Ethnicity,"Asian/NHOPI, NH",0.0
2024-08-31T00:00:00.000,United States,RSV,Race/Ethnicity,"White, NH",0.0
2024-08-31T00:00:00.000,United States,RSV,Race/Ethnicity,"Multiple/Other, NH",0.0
2024-08-31T00:00:00.000,United States,RSV,Race/Ethnicity,Hispanic,0.0
2024-08-31T00:00:00.000,United States,RSV,Age Group,18-49 years,0.0
2024-08-31T00:00:00.000,United States,RSV,Age Group,5-17 years,0.0
2024-08-31T00:00:00.000,United States,RSV,Age Group,65+ years,0.0
2024-08-31T00:00:00.000,United States,RSV,Age Group,<1 year,0.4
2024-08-31T00:00:00.000,United States,RSV,Age Group,1-4 years,0.2
2024-08-31T00:00:00.000,United States,RSV,Age Group,50-64 years,0.0
2024-08-31T00:00:00.000,United States,RSV,Sex,Female,0.0
2024-08-31T00:00:00.000,United States,RSV,Sex,Other,0.0
2024-08-31T00:00:00.000,United States,RSV,Sex,Invalid,0.0
2024-08-31T00:00:00.000,United States,RSV,Sex,Male,0.0
2024-08-31T00:00:00.000,United States,Influenza,Race/Ethnicity,"Black, NH",0.3
2024-08-31T00:00:00.000,United States,Influenza,Race/Ethnicity,"AI/AN, NH",0.2
2024-08-31T00:00:00.000,United States,Influenza,Race/Ethnicity,"Asian/NHOPI, NH",0.3
2024-08-31T00:00:00.000,United States,Influenza,Race/Ethnicity,"White, NH",0.1
2024-08-31T00:00:00.000,United States,Influenza,Race/Ethnicity,"Multiple/Other, NH",0.1
2024-08-31T00:00:00.000,United States,Influenza,Race/Ethnicity,Hispanic,0.2
2024-08-31T00:00:00.000,United States,Influenza,Age Group,18-49 years,0.1
2024-08-31T00:00:00.000,United States,Influenza,Age Group,5-17 years,0.4
2024-08-31T00:00:00.000,United States,Influenza,Age Group,65+ years,0.1
2024-08-31T00:00:00.000,United States,Influenza,Age Group,<1 year,0.3
2024-08-31T00:00:00.000,United States,Influenza,Age Group,1-4 years,0.5
2024-08-31T00:00:00.000,United States,Influenza,Age Group,50-64 years,0.1
2024-08-31T00:00:00.000,United States,Influenza,Sex,Female,0.2
2024-08-31T00:00:00.000,United States,Influenza,Sex,Other,0.0
2024-08-31T00:00:00.000,United States,Influenza,Sex,Invalid,0.0
2024-08-31T00:00:00.000,United States,Influenza,Sex,Male,0.2
2024-08-31T00:00:00.000,United States,Combined,Race/Ethnicity,"Black, NH",2.9
2024-08-31T00:00:00.000,United States,Combined,Race/Ethnicity,"AI/AN, NH",2.3
2024-08-31T00:00:00.000,United States,Combined,Race/Ethnicity,"Asian/NHOPI, NH",2.6
2024-08-31T00:00:00.000,United States,Combined,Race/Ethnicity,"White, NH",2.6
2024-08-31T00:00:00.000,United States,Combined,Race/Ethnicity,"Multiple/Other, NH",2.3
2024-08-31T00:00:00.000,United States,Combined,Race/Ethnicity,Hispanic,2.7
2024-08-31T00:00:00.000,United States,Combined,Age Group,18-49 years,2.0
2024-08-31T00:00:00.000,United States,Combined,Age Group,5-17 years,2.7
2024-08-31T00:00:00.000,United States,Combined,Age Group,65+ years,3.3
2024-08-31T00:00:00.000,United States,Combined,Age Group,<1 year,7.7
2024-08-31T00:00:00.000,United States,Combined,Age Group,1-4 years,3.6
2024-08-31T00:00:00.000,United States,Combined,Age Group,50-64 years,2.1
2024-08-31T00:00:00.000,United States,Combined,Sex,Female,2.8
2024-08-31T00:00:00.000,United States,Combined,Sex,Other,0.0
2024-08-31T00:00:00.000,United States,Combined,Sex,Invalid,2.0
2024-08-31T00:00:00.000,United States,Combined,Sex,Male,2.4
2024-08-31T00:00:00.000,United States,COVID-19,Race/Ethnicity,"Black, NH",2.6
2024-08-31T00:00:00.000,United States,COVID-19,Race/Ethnicity,"AI/AN, NH",2.2
2024-08-31T00:00:00.000,United States,COVID-19,Race/Ethnicity,"Asian/NHOPI, NH",2.3
2024-08-31T00:00:00.000,United States,COVID-19,Race/Ethnicity,"White, NH",2.4
2024-08-31T00:00:00.000,United States,COVID-19,Race/Ethnicity,"Multiple/Other, NH",2.1
2024-08-31T00:00:00.000,United States,COVID-19,Race/Ethnicity,Hispanic,2.4
2024-08-31T00:00:00.000,United States,COVID-19,Age Group,18-49 years,1.8
2024-08-31T00:00:00.000,United States,COVID-19,Age Group,5-17 years,2.3
2024-08-31T00:00:00.000,United States,COVID-19,Age Group,65+ years,3.2
2024-08-31T00:00:00.000,United States,COVID-19,Age Group,<1 year,7.1
2024-08-31T00:00:00.000,United States,COVID-19,Age Group,1-4 years,3.0
2024-08-31T00:00:00.000,United States,COVID-19,Age Group,50-64 years,2.1
2024-08-31T00:00:00.000,United States,COVID-19,Sex,Female,2.6
2024-08-31T00:00:00.000,United States,RSV,Race/Ethnicity,"Black, NH",0.0
2024-08-31T00:00:00.000,United States,COVID-19,Sex,Other,0.0
2024-08-24T00:00:00.000,United States,Influenza,Sex,Male,0.2
2024-08-24T00:00:00.000,United States,COVID-19,Sex,Male,2.4
2024-08-24T00:00:00.000,United States,RSV,Race/Ethnicity,"Black, NH",0.0
2024-08-24T00:00:00.000,United States,RSV,Race/Ethnicity,"AI/AN, NH",0.0
2024-08-24T00:00:00.000,United States,RSV,Race/Ethnicity,"Asian/NHOPI, NH",0.0
2024-08-24T00:00:00.000,United States,RSV,Race/Ethnicity,"White, NH",0.0
2024-08-24T00:00:00.000,United States,RSV,Race/Ethnicity,"Multiple/Other, NH",0.0
2024-08-24T00:00:00.000,United States,RSV,Race/Ethnicity,Hispanic,0.0
2024-08-24T00:00:00.000,United States,RSV,Age Group,18-49 years,0.0
2024-08-24T00:00:00.000,United States,RSV,Age Group,5-17 years,0.0
2024-08-24T00:00:00.000,United States,RSV,Age Group,65+ years,0.0
2024-08-24T00:00:00.000,United States,RSV,Age Group,<1 year,0.3
2024-08-24T00:00:00.000,United States,RSV,Age Group,1-4 years,0.2
2024-08-24T00:00:00.000,United States,RSV,Age Group,50-64 years,0.0
2024-08-24T00:00:00.000,United States,RSV,Sex,Female,0.0
2024-08-24T00:00:00.000,United States,RSV,Sex,Other,0.0
2024-08-24T00:00:00.000,United States,RSV,Sex,Invalid,0.0
2024-08-24T00:00:00.000,United States,RSV,Sex,Male,0.0
2024-08-24T00:00:00.000,United States,Influenza,Race/Ethnicity,"Black, NH",0.2
2024-08-24T00:00:00.000,United States,Influenza,Race/Ethnicity,"AI/AN, NH",0.2
2024-08-24T00:00:00.000,United States,Influenza,Race/Ethnicity,"Asian/NHOPI, NH",0.3
2024-08-24T00:00:00.000,United States,Influenza,Race/Ethnicity,"White, NH",0.1
2024-08-24T00:00:00.000,United States,Influenza,Race/Ethnicity,"Multiple/Other, NH",0.2
2024-08-24T00:00:00.000,United States,Influenza,Race/Ethnicity,Hispanic,0.2
2024-08-24T00:00:00.000,United States,Influenza,Age Group,18-49 years,0.1
2024-08-24T00:00:00.000,United States,Influenza,Age Group,5-17 years,0.3
2024-08-24T00:00:00.000,United States,Influenza,Age Group,65+ years,0.1
2024-08-24T00:00:00.000,United States,Influenza,Age Group,<1 year,0.3
2024-08-24T00:00:00.000,United States,Influenza,Age Group,1-4 years,0.5
2024-08-24T00:00:00.000,United States,Influenza,Age Group,50-64 years,0.1
2024-08-24T00:00:00.000,United States,Influenza,Sex,Female,0.2
2024-08-24T00:00:00.000,United States,Influenza,Sex,Other,0.0
2024-08-24T00:00:00.000,United States,Influenza,Sex,Invalid,0.0
2024-08-24T00:00:00.000,United States,Combined,Race/Ethnicity,"Black, NH",3.2
2024-08-24T00:00:00.000,United States,Combined,Race/Ethnicity,"AI/AN, NH",2.5
2024-08-24T00:00:00.000,United States,Combined,Race/Ethnicity,"Asian/NHOPI, NH",2.8
2024-08-24T00:00:00.000,United States,Combined,Race/Ethnicity,"White, NH",2.6
2024-08-24T00:00:00.000,United States,Combined,Race/Ethnicity,"Multiple/Other, NH",2.5
2024-08-24T00:00:00.000,United States,Combined,Race/Ethnicity,Hispanic,3.0
2024-08-24T00:00:00.000,United States,Combined,Age Group,18-49 years,2.1
2024-08-24T00:00:00.000,United States,Combined,Age Group,5-17 years,2.9
2024-08-24T00:00:00.000,United States,Combined,Age Group,65+ years,3.4
2024-08-24T00:00:00.000,United States,Combined,Age Group,<1 year,8.9
2024-08-24T00:00:00.000,United States,Combined,Age Group,1-4 years,4.2
2024-08-24T00:00:00.000,United States,Combined,Age Group,50-64 years,2.2
2024-08-24T00:00:00.000,United States,Combined,Sex,Female,2.9
2024-08-24T00:00:00.000,United States,Combined,Sex,Other,1.9
2024-08-24T00:00:00.000,United States,Combined,Sex,Invalid,0.0
2024-08-24T00:00:00.000,United States,Combined,Sex,Male,2.6
2024-08-24T00:00:00.000,United States,COVID-19,Race/Ethnicity,"Black, NH",3.0
2024-08-24T00:00:00.000,United States,COVID-19,Race/Ethnicity,"AI/AN, NH",2.3
2024-08-24T00:00:00.000,United States,COVID-19,Race/Ethnicity,"Asian/NHOPI, NH",2.5
2024-08-24T00:00:00.000,United States,COVID-19,Race/Ethnicity,"White, NH",2.5
2024-08-24T00:00:00.000,United States,COVID-19,Race/Ethnicity,"Multiple/Other, NH",2.4
2024-08-24T00:00:00.000,United States,COVID-19,Race/Ethnicity,Hispanic,2.8
2024-08-24T00:00:00.000,United States,COVID-19,Age Group,18-49 years,2.0
2024-08-24T00:00:00.000,United States,COVID-19,Age Group,5-17 years,2.6
2024-08-24T00:00:00.000,United States,COVID-19,Age Group,65+ years,3.3
2024-08-24T00:00:00.000,United States,COVID-19,Age Group,<1 year,8.4
2024-08-24T00:00:00.000,United States,COVID-19,Age Group,1-4 years,3.6
2024-08-24T00:00:00.000,United States,COVID-19,Age Group,50-64 years,2.1
2024-08-24T00:00:00.000,United States,COVID-19,Sex,Female,2.8
2024-08-24T00:00:00.000,United States,COVID-19,Sex,Other,1.9
2024-08-24T00:00:00.000,United States,COVID-19,Sex,Invalid,0.0
2024-08-17T00:00:00.000,United States,COVID-19,Sex,Other,1.9
2024-08-17T00:00:00.000,United States,COVID-19,Sex,Invalid,0.0
2024-08-17T00:00:00.000,United States,RSV,Race/Ethnicity,"Black, NH",0.0
2024-08-17T00:00:00.000,United States,RSV,Race/Ethnicity,"AI/AN, NH",0.0
2024-08-17T00:00:00.000,United States,RSV,Race/Ethnicity,"Asian/NHOPI, NH",0.0
2024-08-17T00:00:00.000,United States,RSV,Race/Ethnicity,"White, NH",0.0
2024-08-17T00:00:00.000,United States,RSV,Race/Ethnicity,"Multiple/Other, NH",0.0
2024-08-17T00:00:00.000,United States,RSV,Race/Ethnicity,Hispanic,0.0
2024-08-17T00:00:00.000,United States,RSV,Age Group,18-49 years,0.0
2024-08-17T00:00:00.000,United States,RSV,Age Group,5-17 years,0.0
2024-08-17T00:00:00.000,United States,RSV,Age Group,65+ years,0.0
2024-08-17T00:00:00.000,United States,RSV,Age Group,<1 year,0.3
2024-08-17T00:00:00.000,United States,RSV,Age Group,1-4 years,0.2
2024-08-17T00:00:00.000,United States,RSV,Age Group,50-64 years,0.0
2024-08-17T00:00:00.000,United States,RSV,Sex,Female,0.0
2024-08-17T00:00:00.000,United States,RSV,Sex,Other,0.0
2024-08-17T00:00:00.000,United States,RSV,Sex,Invalid,0.0
2024-08-17T00:00:00.000,United States,RSV,Sex,Male,0.0
2024-08-17T00:00:00.000,United States,Influenza,Race/Ethnicity,"Black, NH",0.2
2024-08-17T00:00:00.000,United States,Influenza,Race/Ethnicity,"AI/AN, NH",0.1
2024-08-17T00:00:00.000,United States,Influenza,Race/Ethnicity,"Asian/NHOPI, NH",0.3
2024-08-17T00:00:00.000,United States,Influenza,Race/Ethnicity,"White, NH",0.1
2024-08-17T00:00:00.000,United States,Influenza,Race/Ethnicity,"Multiple/Other, NH",0.1
2024-08-17T00:00:00.000,United States,Influenza,Race/Ethnicity,Hispanic,0.2
2024-08-17T00:00:00.000,United States,Influenza,Age Group,18-49 years,0.1
2024-08-17T00:00:00.000,United States,Influenza,Age Group,5-17 years,0.2
2024-08-17T00:00:00.000,United States,Influenza,Age Group,65+ years,0.1
2024-08-17T00:00:00.000,United States,Influenza,Age Group,<1 year,0.2
2024-08-17T00:00:00.000,United States,Influenza,Age Group,1-4 years,0.4
2024-08-17T00:00:00.000,United States,Influenza,Age Group,50-64 years,0.1
2024-08-17T00:00:00.000,United States,Influenza,Sex,Female,0.1
2024-08-17T00:00:00.000,United States,Influenza,Sex,Other,0.0
2024-08-17T00:00:00.000,United States,Influenza,Sex,Invalid,0.0
2024-08-17T00:00:00.000,United States,Influenza,Sex,Male,0.1
2024-08-17T00:00:00.000,United States,Combined,Race/Ethnicity,"Black, NH",3.2
2024-08-17T00:00:00.000,United States,Combined,Race/Ethnicity,"AI/AN, NH",2.4
2024-08-17T00:00:00.000,United States,Combined,Race/Ethnicity,"Asian/NHOPI, NH",3.1
2024-08-17T00:00:00.000,United States,Combined,Race/Ethnicity,"White, NH",2.5
2024-08-17T00:00:00.000,United States,Combined,Race/Ethnicity,"Multiple/Other, NH",2.4
2024-08-17T00:00:00.000,United States,Combined,Race/Ethnicity,Hispanic,3.0
2024-08-17T00:00:00.000,United States,Combined,Age Group,18-49 years,2.1
2024-08-17T00:00:00.000,United States,Combined,Age Group,5-17 years,2.4
2024-08-17T00:00:00.000,United States,Combined,Age Group,65+ years,3.5
2024-08-17T00:00:00.000,United States,Combined,Age Group,<1 year,8.9
2024-08-17T00:00:00.000,United States,Combined,Age Group,1-4 years,4.2
2024-08-17T00:00:00.000,United States,Combined,Age Group,50-64 years,2.3
2024-08-17T00:00:00.000,United States,Combined,Sex,Female,2.9
2024-08-17T00:00:00.000,United States,Combined,Sex,Other,1.9
2024-08-17T00:00:00.000,United States,COVID-19,Sex,Male,2.4
2024-08-17T00:00:00.000,United States,Combined,Sex,Invalid,0.0
2024-08-17T00:00:00.000,United States,Combined,Sex,Male,2.5
2024-08-17T00:00:00.000,United States,COVID-19,Race/Ethnicity,"Black, NH",3.0
2024-08-17T00:00:00.000,United States,COVID-19,Race/Ethnicity,"AI/AN, NH",2.3
2024-08-17T00:00:00.000,United States,COVID-19,Race/Ethnicity,"Asian/NHOPI, NH",2.8
2024-08-17T00:00:00.000,United States,COVID-19,Race/Ethnicity,"White, NH",2.4
2024-08-17T00:00:00.000,United States,COVID-19,Race/Ethnicity,"Multiple/Other, NH",2.3
2024-08-17T00:00:00.000,United States,COVID-19,Race/Ethnicity,Hispanic,2.8
2024-08-17T00:00:00.000,United States,COVID-19,Age Group,18-49 years,2.0
2024-08-17T00:00:00.000,United States,COVID-19,Age Group,5-17 years,2.2
2024-08-17T00:00:00.000,United States,COVID-19,Age Group,65+ years,3.4
2024-08-17T00:00:00.000,United States,COVID-19,Age Group,<1 year,8.5
2024-08-17T00:00:00.000,United States,COVID-19,Age Group,1-4 years,3.7
2024-08-17T00:00:00.000,United States,COVID-19,Age Group,50-64 years,2.2
2024-08-17T00:00:00.000,United States,COVID-19,Sex,Female,2.8
2024-08-10T00:00:00.000,United States,COVID-19,Race/Ethnicity,"AI/AN, NH",2.3
2024-08-10T00:00:00.000,United States,RSV,Race/Ethnicity,"Black, NH",0.0
2024-08-10T00:00:00.000,United States,RSV,Race/Ethnicity,"AI/AN, NH",0.0
2024-08-10T00:00:00.000,United States,RSV,Race/Ethnicity,"Asian/NHOPI, NH",0.0
2024-08-10T00:00:00.000,United States,RSV,Race/Ethnicity,"White, NH",0.0
2024-08-10T00:00:00.000,United States,RSV,Race/Ethnicity,"Multiple/Other, NH",0.0
2024-08-10T00:00:00.000,United States,RSV,Race/Ethnicity,Hispanic,0.0
2024-08-10T00:00:00.000,United States,RSV,Age Group,18-49 years,0.0
2024-08-10T00:00:00.000,United States,RSV,Age Group,5-17 years,0.0
2024-08-10T00:00:00.000,United States,RSV,Age Group,65+ years,0.0
2024-08-10T00:00:00.000,United States,RSV,Age Group,<1 year,0.3
2024-08-10T00:00:00.000,United States,RSV,Age Group,1-4 years,0.2
2024-08-10T00:00:00.000,United States,RSV,Age Group,50-64 years,0.0
2024-08-10T00:00:00.000,United States,RSV,Sex,Female,0.0
2024-08-10T00:00:00.000,United States,RSV,Sex,Other,0.0
2024-08-10T00:00:00.000,United States,RSV,Sex,Invalid,0.0
2024-08-10T00:00:00.000,United States,RSV,Sex,Male,0.0
2024-08-10T00:00:00.000,United States,Influenza,Race/Ethnicity,"Black, NH",0.2
2024-08-10T00:00:00.000,United States,Influenza,Race/Ethnicity,"AI/AN, NH",0.2
2024-08-10T00:00:00.000,United States,Influenza,Race/Ethnicity,"Asian/NHOPI, NH",0.3
2024-08-10T00:00:00.000,United States,Influenza,Race/Ethnicity,"White, NH",0.1
2024-08-10T00:00:00.000,United States,Influenza,Race/Ethnicity,"Multiple/Other, NH",0.1
2024-08-10T00:00:00.000,United States,Influenza,Race/Ethnicity,Hispanic,0.2
2024-08-10T00:00:00.000,United States,Influenza,Age Group,18-49 years,0.1
2024-08-10T00:00:00.000,United States,Influenza,Age Group,5-17 years,0.2
2024-08-10T00:00:00.000,United States,Influenza,Age Group,65+ years,0.1
2024-08-10T00:00:00.000,United States,Influenza,Age Group,<1 year,0.3
2024-08-10T00:00:00.000,United States,Influenza,Age Group,1-4 years,0.4
2024-08-10T00:00:00.000,United States,Influenza,Age Group,50-64 years,0.1
2024-08-10T00:00:00.000,United States,Influenza,Sex,Female,0.1
2024-08-10T00:00:00.000,United States,Influenza,Sex,Other,0.0
2024-08-10T00:00:00.000,United States,Influenza,Sex,Invalid,0.0
2024-08-10T00:00:00.000,United States,Influenza,Sex,Male,0.1
2024-08-10T00:00:00.000,United States,Combined,Race/Ethnicity,"Black, NH",3.2
2024-08-10T00:00:00.000,United States,Combined,Race/Ethnicity,"AI/AN, NH",2.5
2024-08-10T00:00:00.000,United States,Combined,Race/Ethnicity,"Asian/NHOPI, NH",3.0
2024-08-10T00:00:00.000,United States,Combined,Race/Ethnicity,"White, NH",2.4
2024-08-10T00:00:00.000,United States,Combined,Race/Ethnicity,"Multiple/Other, NH",2.5
2024-08-10T00:00:00.000,United States,Combined,Race/Ethnicity,Hispanic,3.1
2024-08-10T00:00:00.000,United States,Combined,Age Group,18-49 years,2.1
2024-08-10T00:00:00.000,United States,Combined,Age Group,5-17 years,1.9
2024-08-10T00:00:00.000,United States,Combined,Age Group,65+ years,3.5
2024-08-10T00:00:00.000,United States,Combined,Age Group,<1 year,9.4
2024-08-10T00:00:00.000,United States,Combined,Age Group,1-4 years,4.0
2024-08-10T00:00:00.000,United States,Combined,Age Group,50-64 years,2.3
2024-08-10T00:00:00.000,United States,Combined,Sex,Female,2.9
2024-08-10T00:00:00.000,United States,Combined,Sex,Other,0.0
2024-08-10T00:00:00.000,United States,Combined,Sex,Invalid,0.0
2024-08-10T00:00:00.000,United States,Combined,Sex,Male,2.5
2024-08-10T00:00:00.000,United States,COVID-19,Race/Ethnicity,"Black, NH",3.0
2024-08-10T00:00:00.000,United States,COVID-19,Race/Ethnicity,"Asian/NHOPI, NH",2.7
2024-08-10T00:00:00.000,United States,COVID-19,Race/Ethnicity,"White, NH",2.3
2024-08-10T00:00:00.000,United States,COVID-19,Race/Ethnicity,"Multiple/Other, NH",2.3
2024-08-10T00:00:00.000,United States,COVID-19,Race/Ethnicity,Hispanic,2.9
2024-08-10T00:00:00.000,United States,COVID-19,Age Group,18-49 years,1.9
2024-08-10T00:00:00.000,United States,COVID-19,Age Group,5-17 years,1.7
2024-08-10T00:00:00.000,United States,COVID-19,Age Group,65+ years,3.4
2024-08-10T00:00:00.000,United States,COVID-19,Age Group,<1 year,9.0
2024-08-10T00:00:00.000,United States,COVID-19,Age Group,1-4 years,3.5
2024-08-10T00:00:00.000,United States,COVID-19,Age Group,50-64 years,2.2
2024-08-10T00:00:00.000,United States,COVID-19,Sex,Female,2.7
2024-08-10T00:00:00.000,United States,COVID-19,Sex,Other,0.0
2024-08-10T00:00:00.000,United States,COVID-19,Sex,Invalid,0.0
2024-08-10T00:00:00.000,United States,COVID-19,Sex,Male,2.4
2024-08-03T00:00:00.000,United States,COVID-19,Sex,Male,2.3
2024-08-03T00:00:00.000,United States,RSV,Race/Ethnicity,"Black, NH",0.0
2024-08-03T00:00:00.000,United States,RSV,Race/Ethnicity,"AI/AN, NH",0.0
2024-08-03T00:00:00.000,United States,RSV,Race/Ethnicity,"Asian/NHOPI, NH",0.0
2024-08-03T00:00:00.000,United States,RSV,Race/Ethnicity,"White, NH",0.0
2024-08-03T00:00:00.000,United States,RSV,Race/Ethnicity,"Multiple/Other, NH",0.0
2024-08-03T00:00:00.000,United States,RSV,Race/Ethnicity,Hispanic,0.0
2024-08-03T00:00:00.000,United States,RSV,Age Group,18-49 years,0.0
2024-08-03T00:00:00.000,United States,RSV,Age Group,5-17 years,0.0
2024-08-03T00:00:00.000,United States,RSV,Age Group,65+ years,0.0
2024-08-03T00:00:00.000,United States,RSV,Age Group,<1 year,0.2
2024-08-03T00:00:00.000,United States,RSV,Age Group,1-4 years,0.1
2024-08-03T00:00:00.000,United States,RSV,Age Group,50-64 years,0.0
2024-08-03T00:00:00.000,United States,RSV,Sex,Female,0.0
2024-08-03T00:00:00.000,United States,RSV,Sex,Other,0.0
2024-08-03T00:00:00.000,United States,RSV,Sex,Invalid,0.0
2024-08-03T00:00:00.000,United States,RSV,Sex,Male,0.0
2024-08-03T00:00:00.000,United States,Influenza,Race/Ethnicity,"Black, NH",0.2
2024-08-03T00:00:00.000,United States,Influenza,Race/Ethnicity,"AI/AN, NH",0.1
2024-08-03T00:00:00.000,United States,Influenza,Race/Ethnicity,"Asian/NHOPI, NH",0.3
2024-08-03T00:00:00.000,United States,Influenza,Race/Ethnicity,"White, NH",0.1
2024-08-03T00:00:00.000,United States,Influenza,Race/Ethnicity,"Multiple/Other, NH",0.1
2024-08-03T00:00:00.000,United States,Influenza,Race/Ethnicity,Hispanic,0.2
2024-08-03T00:00:00.000,United States,Influenza,Age Group,18-49 years,0.1
2024-08-03T00:00:00.000,United States,Influenza,Age Group,5-17 years,0.2
2024-08-03T00:00:00.000,United States,Influenza,Age Group,65+ years,0.1
2024-08-03T00:00:00.000,United States,Influenza,Age Group,<1 year,0.3
2024-08-03T00:00:00.000,United States,Influenza,Age Group,1-4 years,0.4
2024-08-03T00:00:00.000,United States,Influenza,Age Group,50-64 years,0.1
2024-08-03T00:00:00.000,United States,Influenza,Sex,Female,0.1
2024-08-03T00:00:00.000,United States,Influenza,Sex,Other,0.0
2024-08-03T00:00:00.000,United States,Influenza,Sex,Invalid,0.0
2024-08-03T00:00:00.000,United States,Influenza,Sex,Male,0.1
2024-08-03T00:00:00.000,United States,Combined,Race/Ethnicity,"Black, NH",3.2
2024-08-03T00:00:00.000,United States,Combined,Race/Ethnicity,"AI/AN, NH",2.5
2024-08-03T00:00:00.000,United States,Combined,Race/Ethnicity,"Asian/NHOPI, NH",3.2
2024-08-03T00:00:00.000,United States,Combined,Race/Ethnicity,"White, NH",2.3
2024-08-03T00:00:00.000,United States,Combined,Race/Ethnicity,"Multiple/Other, NH",2.5
2024-08-03T00:00:00.000,United States,Combined,Race/Ethnicity,Hispanic,3.2
2024-08-03T00:00:00.000,United States,Combined,Age Group,18-49 years,2.1
2024-08-03T00:00:00.000,United States,Combined,Age Group,5-17 years,1.6
2024-08-03T00:00:00.000,United States,Combined,Age Group,65+ years,3.4
2024-08-03T00:00:00.000,United States,Combined,Age Group,<1 year,9.2
2024-08-03T00:00:00.000,United States,Combined,Age Group,1-4 years,3.9
2024-08-03T00:00:00.000,United States,Combined,Age Group,50-64 years,2.2
2024-08-03T00:00:00.000,United States,Combined,Sex,Female,2.8
2024-08-03T00:00:00.000,United States,Combined,Sex,Other,0.0
2024-08-03T00:00:00.000,United States,Combined,Sex,Invalid,0.0
2024-08-03T00:00:00.000,United States,Combined,Sex,Male,2.4
2024-08-03T00:00:00.000,United States,COVID-19,Race/Ethnicity,"Black, NH",3.0
2024-08-03T00:00:00.000,United States,COVID-19,Race/Ethnicity,"AI/AN, NH",2.3
2024-08-03T00:00:00.000,United States,COVID-19,Race/Ethnicity,"Asian/NHOPI, NH",2.8
2024-08-03T00:00:00.000,United States,COVID-19,Race/Ethnicity,"White, NH",2.2
2024-08-03T00:00:00.000,United States,COVID-19,Race/Ethnicity,"Multiple/Other, NH",2.3
2024-08-03T00:00:00.000,United States,COVID-19,Race/Ethnicity,Hispanic,3.0
2024-08-03T00:00:00.000,United States,COVID-19,Age Group,18-49 years,1.9
2024-08-03T00:00:00.000,United States,COVID-19,Age Group,5-17 years,1.5
2024-08-03T00:00:00.000,United States,COVID-19,Age Group,65+ years,3.3
2024-08-03T00:00:00.000,United States,COVID-19,Age Group,<1 year,8.8
2024-08-03T00:00:00.000,United States,COVID-19,Age Group,1-4 years,3.4
2024-08-03T00:00:00.000,United States,COVID-19,Age Group,50-64 years,2.1
2024-08-03T00:00:00.000,United States,COVID-19,Sex,Female,2.7
2024-08-03T00:00:00.000,United States,COVID-19,Sex,Other,0.0
2024-08-03T00:00:00.000,United States,COVID-19,Sex,Invalid,0.0
2024-07-27T00:00:00.000,United States,COVID-19,Sex,Male,2.1
2024-07-27T00:00:00.000,United States,RSV,Race/Ethnicity,"AI/AN, NH",0.0
2024-07-27T00:00:00.000,United States,RSV,Race/Ethnicity,"Asian/NHOPI, NH",0.0
2024-07-27T00:00:00.000,United States,RSV,Race/Ethnicity,"White, NH",0.0
2024-07-27T00:00:00.000,United States,RSV,Race/Ethnicity,"Multiple/Other, NH",0.0
2024-07-27T00:00:00.000,United States,RSV,Race/Ethnicity,Hispanic,0.0
2024-07-27T00:00:00.000,United States,RSV,Age Group,18-49 years,0.0
2024-07-27T00:00:00.000,United States,RSV,Age Group,5-17 years,0.0
2024-07-27T00:00:00.000,United States,RSV,Age Group,65+ years,0.0
2024-07-27T00:00:00.000,United States,RSV,Age Group,<1 year,0.2
2024-07-27T00:00:00.000,United States,RSV,Age Group,1-4 years,0.1
2024-07-27T00:00:00.000,United States,RSV,Age Group,50-64 years,0.0
2024-07-27T00:00:00.000,United States,RSV,Sex,Female,0.0
2024-07-27T00:00:00.000,United States,RSV,Sex,Other,0.0
2024-07-27T00:00:00.000,United States,RSV,Sex,Invalid,0.0
2024-07-27T00:00:00.000,United States,RSV,Sex,Male,0.0
2024-07-27T00:00:00.000,United States,Influenza,Race/Ethnicity,"Black, NH",0.2
2024-07-27T00:00:00.000,United States,Influenza,Race/Ethnicity,"AI/AN, NH",0.1
2024-07-27T00:00:00.000,United States,Influenza,Race/Ethnicity,"Asian/NHOPI, NH",0.3
2024-07-27T00:00:00.000,United States,Influenza,Race/Ethnicity,"White, NH",0.1
2024-07-27T00:00:00.000,United States,Influenza,Race/Ethnicity,"Multiple/Other, NH",0.1
2024-07-27T00:00:00.000,United States,Influenza,Race/Ethnicity,Hispanic,0.2
2024-07-27T00:00:00.000,United States,Influenza,Age Group,18-49 years,0.1
2024-07-27T00:00:00.000,United States,Influenza,Age Group,5-17 years,0.2
2024-07-27T00:00:00.000,United States,Influenza,Age Group,65+ years,0.1
2024-07-27T00:00:00.000,United States,Influenza,Age Group,<1 year,0.3
2024-07-27T00:00:00.000,United States,Influenza,Age Group,1-4 years,0.4
2024-07-27T00:00:00.000,United States,Influenza,Age Group,50-64 years,0.1
2024-07-27T00:00:00.000,United States,Influenza,Sex,Female,0.1
2024-07-27T00:00:00.000,United States,Influenza,Sex,Other,0.0
2024-07-27T00:00:00.000,United States,Influenza,Sex,Invalid,0.0
2024-07-27T00:00:00.000,United States,Influenza,Sex,Male,0.1
2024-07-27T00:00:00.000,United States,Combined,Race/Ethnicity,"Black, NH",2.8
2024-07-27T00:00:00.000,United States,Combined,Race/Ethnicity,"AI/AN, NH",2.3
2024-07-27T00:00:00.000,United States,Combined,Race/Ethnicity,"Asian/NHOPI, NH",3.2
2024-07-27T00:00:00.000,United States,Combined,Race/Ethnicity,"White, NH",2.1
2024-07-27T00:00:00.000,United States,Combined,Race/Ethnicity,"Multiple/Other, NH",2.2
2024-07-27T00:00:00.000,United States,Combined,Race/Ethnicity,Hispanic,3.1
2024-07-27T00:00:00.000,United States,Combined,Age Group,18-49 years,1.9
2024-07-27T00:00:00.000,United States,Combined,Age Group,5-17 years,1.4
2024-07-27T00:00:00.000,United States,Combined,Age Group,65+ years,3.2
2024-07-27T00:00:00.000,United States,Combined,Age Group,<1 year,8.5
2024-07-27T00:00:00.000,United States,Combined,Age Group,1-4 years,3.5
2024-07-27T00:00:00.000,United States,Combined,Age Group,50-64 years,2.1
2024-07-27T00:00:00.000,United States,Combined,Sex,Female,2.6
2024-07-27T00:00:00.000,United States,Combined,Sex,Other,0.0
2024-07-27T00:00:00.000,United States,Combined,Sex,Invalid,0.0
2024-07-27T00:00:00.000,United States,Combined,Sex,Male,2.2
2024-07-27T00:00:00.000,United States,COVID-19,Race/Ethnicity,"Black, NH",2.7
2024-07-27T00:00:00.000,United States,COVID-19,Race/Ethnicity,"AI/AN, NH",2.1
2024-07-27T00:00:00.000,United States,COVID-19,Race/Ethnicity,"Asian/NHOPI, NH",2.9
2024-07-27T00:00:00.000,United States,COVID-19,Race/Ethnicity,"White, NH",2.0
2024-07-27T00:00:00.000,United States,COVID-19,Race/Ethnicity,"Multiple/Other, NH",2.1
2024-07-27T00:00:00.000,United States,COVID-19,Race/Ethnicity,Hispanic,2.9
2024-07-27T00:00:00.000,United States,COVID-19,Age Group,18-49 years,1.8
2024-07-27T00:00:00.000,United States,COVID-19,Age Group,5-17 years,1.2
2024-07-27T00:00:00.000,United States,COVID-19,Age Group,65+ years,3.1
2024-07-27T00:00:00.000,United States,COVID-19,Age Group,<1 year,8.1
2024-07-27T00:00:00.000,United States,COVID-19,Age Group,1-4 years,3.0
2024-07-27T00:00:00.000,United States,COVID-19,Age Group,50-64 years,2.0
2024-07-27T00:00:00.000,United States,COVID-19,Sex,Female,2.4
2024-07-27T00:00:00.000,United States,COVID-19,Sex,Other,0.0
2024-07-27T00:00:00.000,United States,COVID-19,Sex,Invalid,0.0
2024-07-27T00:00:00.000,United States,RSV,Race/Ethnicity,"Black, NH",0.0
2024-07-20T00:00:00.000,United States,RSV,Race/Ethnicity,"Black, NH",0.0
2024-07-20T00:00:00.000,United States,RSV,Race/Ethnicity,"AI/AN, NH",0.0
2024-07-20T00:00:00.000,United States,RSV,Race/Ethnicity,"Asian/NHOPI, NH",0.0
2024-07-20T00:00:00.000,United States,RSV,Race/Ethnicity,"White, NH",0.0
2024-07-20T00:00:00.000,United States,RSV,Race/Ethnicity,"Multiple/Other, NH",0.0
2024-07-20T00:00:00.000,United States,RSV,Race/Ethnicity,Hispanic,0.0
2024-07-20T00:00:00.000,United States,RSV,Age Group,18-49 years,0.0
2024-07-20T00:00:00.000,United States,RSV,Age Group,5-17 years,0.0
2024-07-20T00:00:00.000,United States,RSV,Age Group,65+ years,0.0
2024-07-20T00:00:00.000,United States,RSV,Age Group,<1 year,0.2
2024-07-20T00:00:00.000,United States,RSV,Age Group,1-4 years,0.1
2024-07-20T00:00:00.000,United States,RSV,Age Group,50-64 years,0.0
2024-07-20T00:00:00.000,United States,RSV,Sex,Female,0.0
2024-07-20T00:00:00.000,United States,RSV,Sex,Other,0.0
2024-07-20T00:00:00.000,United States,RSV,Sex,Invalid,0.0
2024-07-20T00:00:00.000,United States,RSV,Sex,Male,0.0
2024-07-20T00:00:00.000,United States,Influenza,Race/Ethnicity,"Black, NH",0.2
2024-07-20T00:00:00.000,United States,Influenza,Race/Ethnicity,"AI/AN, NH",0.1
2024-07-20T00:00:00.000,United States,Influenza,Race/Ethnicity,"Asian/NHOPI, NH",0.4
2024-07-20T00:00:00.000,United States,Influenza,Race/Ethnicity,"White, NH",0.1
2024-07-20T00:00:00.000,United States,Influenza,Race/Ethnicity,"Multiple/Other, NH",0.2
2024-07-20T00:00:00.000,United States,Influenza,Race/Ethnicity,Hispanic,0.2
2024-07-20T00:00:00.000,United States,Influenza,Age Group,18-49 years,0.1
2024-07-20T00:00:00.000,United States,Influenza,Age Group,5-17 years,0.2
2024-07-20T00:00:00.000,United States,Influenza,Age Group,65+ years,0.1
2024-07-20T00:00:00.000,United States,Influenza,Age Group,<1 year,0.2
2024-07-20T00:00:00.000,United States,Influenza,Age Group,1-4 years,0.4
2024-07-20T00:00:00.000,United States,Influenza,Age Group,50-64 years,0.1
2024-07-20T00:00:00.000,United States,Influenza,Sex,Female,0.2
2024-07-20T00:00:00.000,United States,Influenza,Sex,Other,2.0
2024-07-20T00:00:00.000,United States,Influenza,Sex,Invalid,2.8
2024-07-20T00:00:00.000,United States,Influenza,Sex,Male,0.1
2024-07-20T00:00:00.000,United States,Combined,Race/Ethnicity,"Black, NH",2.3
2024-07-20T00:00:00.000,United States,Combined,Race/Ethnicity,"AI/AN, NH",2.1
2024-07-20T00:00:00.000,United States,Combined,Race/Ethnicity,"Asian/NHOPI, NH",3.0
2024-07-20T00:00:00.000,United States,Combined,Race/Ethnicity,"White, NH",1.8
2024-07-20T00:00:00.000,United States,Combined,Race/Ethnicity,"Multiple/Other, NH",2.0
2024-07-20T00:00:00.000,United States,Combined,Race/Ethnicity,Hispanic,2.9
2024-07-20T00:00:00.000,United States,Combined,Age Group,18-49 years,1.6
2024-07-20T00:00:00.000,United States,Combined,Age Group,5-17 years,1.3
2024-07-20T00:00:00.000,United States,Combined,Age Group,65+ years,2.9
2024-07-20T00:00:00.000,United States,Combined,Age Group,<1 year,7.3
2024-07-20T00:00:00.000,United States,Combined,Age Group,1-4 years,2.9
2024-07-20T00:00:00.000,United States,Combined,Age Group,50-64 years,1.8
2024-07-20T00:00:00.000,United States,Combined,Sex,Female,2.3
2024-07-20T00:00:00.000,United States,Combined,Sex,Other,2.0
2024-07-20T00:00:00.000,United States,Combined,Sex,Invalid,5.6
2024-07-20T00:00:00.000,United States,Combined,Sex,Male,1.9
2024-07-20T00:00:00.000,United States,COVID-19,Race/Ethnicity,"Black, NH",2.2
2024-07-20T00:00:00.000,United States,COVID-19,Race/Ethnicity,"AI/AN, NH",2.0
2024-07-20T00:00:00.000,United States,COVID-19,Race/Ethnicity,"Asian/NHOPI, NH",2.7
2024-07-20T00:00:00.000,United States,COVID-19,Race/Ethnicity,"White, NH",1.7
2024-07-20T00:00:00.000,United States,COVID-19,Race/Ethnicity,"Multiple/Other, NH",1.9
2024-07-20T00:00:00.000,United States,COVID-19,Race/Ethnicity,Hispanic,2.7
2024-07-20T00:00:00.000,United States,COVID-19,Age Group,18-49 years,1.5
2024-07-20T00:00:00.000,United States,COVID-19,Age Group,5-17 years,1.0
2024-07-20T00:00:00.000,United States,COVID-19,Age Group,65+ years,2.8
2024-07-20T00:00:00.000,United States,COVID-19,Age Group,<1 year,6.9
2024-07-20T00:00:00.000,United States,COVID-19,Age Group,1-4 years,2.4
2024-07-20T00:00:00.000,United States,COVID-19,Age Group,50-64 years,1.7
2024-07-20T00:00:00.000,United States,COVID-19,Sex,Female,2.1
2024-07-20T00:00:00.000,United States,COVID-19,Sex,Other,0.0
2024-07-20T00:00:00.000,United States,COVID-19,Sex,Invalid,2.8
2024-07-20T00:00:00.000,United States,COVID-19,Sex,Male,1.8
2024-07-13T00:00:00.000,United States,COVID-19,Sex,Invalid,0.0
2024-07-13T00:00:00.000,United States,COVID-19,Sex,Other,0.0
2024-07-13T00:00:00.000,United States,COVID-19,Sex,Female,1.8
2024-07-13T00:00:00.000,United States,COVID-19,Age Group,50-64 years,1.5
2024-07-13T00:00:00.000,United States,COVID-19,Age Group,1-4 years,2.0
2024-07-13T00:00:00.000,United States,COVID-19,Age Group,<1 year,5.7
2024-07-13T00:00:00.000,United States,COVID-19,Age Group,65+ years,2.4
2024-07-13T00:00:00.000,United States,COVID-19,Age Group,5-17 years,0.8
2024-07-13T00:00:00.000,United States,COVID-19,Age Group,18-49 years,1.3
2024-07-13T00:00:00.000,United States,COVID-19,Race/Ethnicity,Hispanic,2.3
2024-07-13T00:00:00.000,United States,COVID-19,Race/Ethnicity,"Multiple/Other, NH",1.6
2024-07-13T00:00:00.000,United States,COVID-19,Race/Ethnicity,"White, NH",1.4
2024-07-13T00:00:00.000,United States,COVID-19,Race/Ethnicity,"Asian/NHOPI, NH",2.5
2024-07-13T00:00:00.000,United States,COVID-19,Race/Ethnicity,"AI/AN, NH",1.6
2024-07-13T00:00:00.000,United States,COVID-19,Race/Ethnicity,"Black, NH",1.8
2024-07-13T00:00:00.000,United States,Combined,Sex,Male,1.7
2024-07-13T00:00:00.000,United States,Combined,Sex,Invalid,0.0
2024-07-13T00:00:00.000,United States,Combined,Sex,Other,0.0
2024-07-13T00:00:00.000,United States,Combined,Sex,Female,1.9
2024-07-13T00:00:00.000,United States,Combined,Age Group,50-64 years,1.6
2024-07-13T00:00:00.000,United States,Combined,Age Group,1-4 years,2.5
2024-07-13T00:00:00.000,United States,Combined,Age Group,<1 year,6.1
2024-07-13T00:00:00.000,United States,Combined,Age Group,65+ years,2.5
2024-07-13T00:00:00.000,United States,Combined,Age Group,5-17 years,1.0
2024-07-13T00:00:00.000,United States,Combined,Age Group,18-49 years,1.4
2024-07-13T00:00:00.000,United States,Combined,Race/Ethnicity,Hispanic,2.5
2024-07-13T00:00:00.000,United States,Combined,Race/Ethnicity,"Multiple/Other, NH",1.8
2024-07-13T00:00:00.000,United States,Combined,Race/Ethnicity,"White, NH",1.5
2024-07-13T00:00:00.000,United States,Combined,Race/Ethnicity,"Asian/NHOPI, NH",2.9
2024-07-13T00:00:00.000,United States,Combined,Race/Ethnicity,"AI/AN, NH",1.7
2024-07-13T00:00:00.000,United States,Combined,Race/Ethnicity,"Black, NH",2.0
2024-07-13T00:00:00.000,United States,Influenza,Sex,Male,0.1
2024-07-13T00:00:00.000,United States,Influenza,Sex,Invalid,0.0
2024-07-13T00:00:00.000,United States,Influenza,Sex,Other,0.0
2024-07-13T00:00:00.000,United States,Influenza,Sex,Female,0.2
2024-07-13T00:00:00.000,United States,Influenza,Age Group,50-64 years,0.1
2024-07-13T00:00:00.000,United States,Influenza,Age Group,1-4 years,0.4
2024-07-13T00:00:00.000,United States,Influenza,Age Group,<1 year,0.3
2024-07-13T00:00:00.000,United States,Influenza,Age Group,65+ years,0.1
2024-07-13T00:00:00.000,United States,Influenza,Age Group,5-17 years,0.2
2024-07-13T00:00:00.000,United States,Influenza,Age Group,18-49 years,0.1
2024-07-13T00:00:00.000,United States,Influenza,Race/Ethnicity,Hispanic,0.2
2024-07-13T00:00:00.000,United States,Influenza,Race/Ethnicity,"Multiple/Other, NH",0.2
2024-07-13T00:00:00.000,United States,Influenza,Race/Ethnicity,"White, NH",0.1
2024-07-13T00:00:00.000,United States,Influenza,Race/Ethnicity,"Asian/NHOPI, NH",0.4
2024-07-13T00:00:00.000,United States,Influenza,Race/Ethnicity,"AI/AN, NH",0.2
2024-07-13T00:00:00.000,United States,Influenza,Race/Ethnicity,"Black, NH",0.2
2024-07-13T00:00:00.000,United States,RSV,Sex,Male,0.0
2024-07-13T00:00:00.000,United States,RSV,Sex,Invalid,0.0
2024-07-13T00:00:00.000,United States,RSV,Sex,Other,0.0
2024-07-13T00:00:00.000,United States,RSV,Sex,Female,0.0
2024-07-13T00:00:00.000,United States,RSV,Age Group,50-64 years,0.0
2024-07-13T00:00:00.000,United States,RSV,Age Group,1-4 years,0.1
2024-07-13T00:00:00.000,United States,RSV,Age Group,<1 year,0.2
2024-07-13T00:00:00.000,United States,RSV,Age Group,65+ years,0.0
2024-07-13T00:00:00.000,United States,RSV,Age Group,5-17 years,0.0
2024-07-13T00:00:00.000,United States,RSV,Age Group,18-49 years,0.0
2024-07-13T00:00:00.000,United States,RSV,Race/Ethnicity,Hispanic,0.0
2024-07-13T00:00:00.000,United States,RSV,Race/Ethnicity,"Multiple/Other, NH",0.0
2024-07-13T00:00:00.000,United States,RSV,Race/Ethnicity,"White, NH",0.0
2024-07-13T00:00:00.000,United States,RSV,Race/Ethnicity,"Asian/NHOPI, NH",0.0
2024-07-13T00:00:00.000,United States,RSV,Race/Ethnicity,"AI/AN, NH",0.0
2024-07-13T00:00:00.000,United States,RSV,Race/Ethnicity,"Black, NH",0.0
2024-07-13T00:00:00.000,United States,COVID-19,Sex,Male,1.5
2024-07-06T00:00:00.000,United States,COVID-19,Race/Ethnicity,"Black, NH",1.4
2024-07-06T00:00:00.000,United States,RSV,Race/Ethnicity,"AI/AN, NH",0.0
2024-07-06T00:00:00.000,United States,RSV,Race/Ethnicity,"Asian/NHOPI, NH",0.0
2024-07-06T00:00:00.000,United States,RSV,Race/Ethnicity,"White, NH",0.0
2024-07-06T00:00:00.000,United States,RSV,Race/Ethnicity,"Multiple/Other, NH",0.0
2024-07-06T00:00:00.000,United States,RSV,Race/Ethnicity,Hispanic,0.0
2024-07-06T00:00:00.000,United States,RSV,Age Group,18-49 years,0.0
2024-07-06T00:00:00.000,United States,RSV,Age Group,5-17 years,0.0
2024-07-06T00:00:00.000,United States,RSV,Age Group,65+ years,0.0
2024-07-06T00:00:00.000,United States,RSV,Age Group,<1 year,0.2
2024-07-06T00:00:00.000,United States,RSV,Age Group,1-4 years,0.1
2024-07-06T00:00:00.000,United States,RSV,Age Group,50-64 years,0.0
2024-07-06T00:00:00.000,United States,RSV,Sex,Female,0.0
2024-07-06T00:00:00.000,United States,RSV,Sex,Other,0.0
2024-07-06T00:00:00.000,United States,RSV,Sex,Invalid,0.0
2024-07-06T00:00:00.000,United States,RSV,Sex,Male,0.0
2024-07-06T00:00:00.000,United States,Influenza,Race/Ethnicity,"Black, NH",0.2
2024-07-06T00:00:00.000,United States,Influenza,Race/Ethnicity,"AI/AN, NH",0.2
2024-07-06T00:00:00.000,United States,Influenza,Race/Ethnicity,"Asian/NHOPI, NH",0.4
2024-07-06T00:00:00.000,United States,Influenza,Race/Ethnicity,"White, NH",0.1
2024-07-06T00:00:00.000,United States,Influenza,Race/Ethnicity,"Multiple/Other, NH",0.2
2024-07-06T00:00:00.000,United States,Influenza,Race/Ethnicity,Hispanic,0.3
2024-07-06T00:00:00.000,United States,Influenza,Age Group,18-49 years,0.1
2024-07-06T00:00:00.000,United States,Influenza,Age Group,5-17 years,0.2
2024-07-06T00:00:00.000,United States,Influenza,Age Group,65+ years,0.1
2024-07-06T00:00:00.000,United States,Influenza,Age Group,<1 year,0.3
2024-07-06T00:00:00.000,United States,Influenza,Age Group,1-4 years,0.5
2024-07-06T00:00:00.000,United States,Influenza,Age Group,50-64 years,0.1
2024-07-06T00:00:00.000,United States,Influenza,Sex,Female,0.2
2024-07-06T00:00:00.000,United States,Influenza,Sex,Other,0.0
2024-07-06T00:00:00.000,United States,Influenza,Sex,Invalid,0.0
2024-07-06T00:00:00.000,United States,Influenza,Sex,Male,0.2
2024-07-06T00:00:00.000,United States,Combined,Race/Ethnicity,"Black, NH",1.6
2024-07-06T00:00:00.000,United States,Combined,Race/Ethnicity,"AI/AN, NH",1.4
2024-07-06T00:00:00.000,United States,Combined,Race/Ethnicity,"Asian/NHOPI, NH",2.6
2024-07-06T00:00:00.000,United States,Combined,Race/Ethnicity,"White, NH",1.4
2024-07-06T00:00:00.000,United States,Combined,Race/Ethnicity,"Multiple/Other, NH",1.5
2024-07-06T00:00:00.000,United States,Combined,Race/Ethnicity,Hispanic,2.1
2024-07-06T00:00:00.000,United States,Combined,Age Group,18-49 years,1.1
2024-07-06T00:00:00.000,United States,Combined,Age Group,5-17 years,0.8
2024-07-06T00:00:00.000,United States,Combined,Age Group,65+ years,2.2
2024-07-06T00:00:00.000,United States,Combined,Age Group,<1 year,4.9
2024-07-06T00:00:00.000,United States,Combined,Age Group,1-4 years,2.1
2024-07-06T00:00:00.000,United States,Combined,Age Group,50-64 years,1.4
2024-07-06T00:00:00.000,United States,Combined,Sex,Female,1.7
2024-07-06T00:00:00.000,United States,Combined,Sex,Other,0.0
2024-07-06T00:00:00.000,United States,Combined,Sex,Invalid,8.3
2024-07-06T00:00:00.000,United States,Combined,Sex,Male,1.4
2024-07-06T00:00:00.000,United States,RSV,Race/Ethnicity,"Black, NH",0.0
2024-07-06T00:00:00.000,United States,COVID-19,Race/Ethnicity,"AI/AN, NH",1.2
2024-07-06T00:00:00.000,United States,COVID-19,Race/Ethnicity,"Asian/NHOPI, NH",2.3
2024-07-06T00:00:00.000,United States,COVID-19,Race/Ethnicity,"White, NH",1.2
2024-07-06T00:00:00.000,United States,COVID-19,Race/Ethnicity,"Multiple/Other, NH",1.3
2024-07-06T00:00:00.000,United States,COVID-19,Race/Ethnicity,Hispanic,1.8
2024-07-06T00:00:00.000,United States,COVID-19,Age Group,18-49 years,1.0
2024-07-06T00:00:00.000,United States,COVID-19,Age Group,5-17 years,0.6
2024-07-06T00:00:00.000,United States,COVID-19,Age Group,65+ years,2.1
2024-07-06T00:00:00.000,United States,COVID-19,Age Group,<1 year,4.4
2024-07-06T00:00:00.000,United States,COVID-19,Age Group,1-4 years,1.5
2024-07-06T00:00:00.000,United States,COVID-19,Age Group,50-64 years,1.3
2024-07-06T00:00:00.000,United States,COVID-19,Sex,Female,1.5
2024-07-06T00:00:00.000,United States,COVID-19,Sex,Other,0.0
2024-07-06T00:00:00.000,United States,COVID-19,Sex,Invalid,8.3
2024-07-06T00:00:00.000,United States,COVID-19,Sex,Male,1.3
2024-06-29T00:00:00.000,United States,RSV,Race/Ethnicity,"Black, NH",0.0
2024-06-29T00:00:00.000,United States,RSV,Race/Ethnicity,"AI/AN, NH",0.0
2024-06-29T00:00:00.000,United States,RSV,Race/Ethnicity,"Asian/NHOPI, NH",0.0
2024-06-29T00:00:00.000,United States,RSV,Race/Ethnicity,"White, NH",0.0
2024-06-29T00:00:00.000,United States,RSV,Race/Ethnicity,"Multiple/Other, NH",0.0
2024-06-29T00:00:00.000,United States,RSV,Race/Ethnicity,Hispanic,0.0
2024-06-29T00:00:00.000,United States,RSV,Age Group,18-49 years,0.0
2024-06-29T00:00:00.000,United States,RSV,Age Group,5-17 years,0.0
2024-06-29T00:00:00.000,United States,RSV,Age Group,65+ years,0.0
2024-06-29T00:00:00.000,United States,RSV,Age Group,<1 year,0.3
2024-06-29T00:00:00.000,United States,RSV,Age Group,1-4 years,0.1
2024-06-29T00:00:00.000,United States,RSV,Age Group,50-64 years,0.0
2024-06-29T00:00:00.000,United States,RSV,Sex,Female,0.0
2024-06-29T00:00:00.000,United States,RSV,Sex,Other,0.0
2024-06-29T00:00:00.000,United States,RSV,Sex,Invalid,0.0
2024-06-29T00:00:00.000,United States,RSV,Sex,Male,0.0
2024-06-29T00:00:00.000,United States,Influenza,Race/Ethnicity,"Black, NH",0.2
2024-06-29T00:00:00.000,United States,Influenza,Race/Ethnicity,"AI/AN, NH",0.2
2024-06-29T00:00:00.000,United States,Influenza,Race/Ethnicity,"Asian/NHOPI, NH",0.4
2024-06-29T00:00:00.000,United States,Influenza,Race/Ethnicity,"White, NH",0.1
2024-06-29T00:00:00.000,United States,Influenza,Race/Ethnicity,"Multiple/Other, NH",0.2
2024-06-29T00:00:00.000,United States,Influenza,Race/Ethnicity,Hispanic,0.3
2024-06-29T00:00:00.000,United States,Influenza,Age Group,18-49 years,0.2
2024-06-29T00:00:00.000,United States,Influenza,Age Group,5-17 years,0.3
2024-06-29T00:00:00.000,United States,Influenza,Age Group,65+ years,0.1
2024-06-29T00:00:00.000,United States,Influenza,Age Group,<1 year,0.3
2024-06-29T00:00:00.000,United States,Influenza,Age Group,1-4 years,0.5
2024-06-29T00:00:00.000,United States,Influenza,Age Group,50-64 years,0.1
2024-06-29T00:00:00.000,United States,Influenza,Sex,Female,0.2
2024-06-29T00:00:00.000,United States,Influenza,Sex,Other,0.0
2024-06-29T00:00:00.000,United States,Influenza,Sex,Invalid,0.0
2024-06-29T00:00:00.000,United States,Influenza,Sex,Male,0.2
2024-06-29T00:00:00.000,United States,Combined,Race/Ethnicity,"Black, NH",1.3
2024-06-29T00:00:00.000,United States,Combined,Race/Ethnicity,"AI/AN, NH",1.2
2024-06-29T00:00:00.000,United States,Combined,Race/Ethnicity,"Asian/NHOPI, NH",2.4
2024-06-29T00:00:00.000,United States,Combined,Race/Ethnicity,"White, NH",1.1
2024-06-29T00:00:00.000,United States,Combined,Race/Ethnicity,"Multiple/Other, NH",1.2
2024-06-29T00:00:00.000,United States,Combined,Race/Ethnicity,Hispanic,1.7
2024-06-29T00:00:00.000,United States,Combined,Age Group,18-49 years,1.0
2024-06-29T00:00:00.000,United States,Combined,Age Group,5-17 years,0.7
2024-06-29T00:00:00.000,United States,Combined,Age Group,65+ years,1.8
2024-06-29T00:00:00.000,United States,Combined,Age Group,<1 year,3.8
2024-06-29T00:00:00.000,United States,Combined,Age Group,1-4 years,1.6
2024-06-29T00:00:00.000,United States,Combined,Age Group,50-64 years,1.2
2024-06-29T00:00:00.000,United States,Combined,Sex,Female,1.3
2024-06-29T00:00:00.000,United States,Combined,Sex,Other,3.8
2024-06-29T00:00:00.000,United States,Combined,Sex,Invalid,0.0
2024-06-29T00:00:00.000,United States,Combined,Sex,Male,1.2
2024-06-29T00:00:00.000,United States,COVID-19,Race/Ethnicity,"Black, NH",1.1
2024-06-29T00:00:00.000,United States,COVID-19,Race/Ethnicity,"AI/AN, NH",1.0
2024-06-29T00:00:00.000,United States,COVID-19,Race/Ethnicity,"Asian/NHOPI, NH",2.0
2024-06-29T00:00:00.000,United States,COVID-19,Race/Ethnicity,"White, NH",1.0
2024-06-29T00:00:00.000,United States,COVID-19,Race/Ethnicity,"Multiple/Other, NH",1.0
2024-06-29T00:00:00.000,United States,COVID-19,Race/Ethnicity,Hispanic,1.4
2024-06-29T00:00:00.000,United States,COVID-19,Age Group,18-49 years,0.8
2024-06-29T00:00:00.000,United States,COVID-19,Age Group,5-17 years,0.4
2024-06-29T00:00:00.000,United States,COVID-19,Age Group,65+ years,1.7
2024-06-29T00:00:00.000,United States,COVID-19,Age Group,<1 year,3.3
2024-06-29T00:00:00.000,United States,COVID-19,Age Group,1-4 years,1.0
2024-06-29T00:00:00.000,United States,COVID-19,Age Group,50-64 years,1.0
2024-06-29T00:00:00.000,United States,COVID-19,Sex,Female,1.2
2024-06-29T00:00:00.000,United States,COVID-19,Sex,Other,3.8
2024-06-29T00:00:00.000,United States,COVID-19,Sex,Invalid,0.0
2024-06-29T00:00:00.000,United States,COVID-19,Sex,Male,1.0
2024-06-22T00:00:00.000,United States,COVID-19,Sex,Male,0.8
2024-06-22T00:00:00.000,United States,RSV,Race/Ethnicity,"Black, NH",0.0
2024-06-22T00:00:00.000,United States,RSV,Race/Ethnicity,"AI/AN, NH",0.0
2024-06-22T00:00:00.000,United States,RSV,Race/Ethnicity,"Asian/NHOPI, NH",0.0
2024-06-22T00:00:00.000,United States,RSV,Race/Ethnicity,"White, NH",0.0
2024-06-22T00:00:00.000,United States,RSV,Race/Ethnicity,"Multiple/Other, NH",0.0
2024-06-22T00:00:00.000,United States,RSV,Race/Ethnicity,Hispanic,0.0
2024-06-22T00:00:00.000,United States,RSV,Age Group,18-49 years,0.0
2024-06-22T00:00:00.000,United States,RSV,Age Group,5-17 years,0.0
2024-06-22T00:00:00.000,United States,RSV,Age Group,65+ years,0.0
2024-06-22T00:00:00.000,United States,RSV,Age Group,<1 year,0.3
2024-06-22T00:00:00.000,United States,RSV,Age Group,1-4 years,0.1
2024-06-22T00:00:00.000,United States,RSV,Age Group,50-64 years,0.0
2024-06-22T00:00:00.000,United States,RSV,Sex,Female,0.0
2024-06-22T00:00:00.000,United States,RSV,Sex,Other,0.0
2024-06-22T00:00:00.000,United States,RSV,Sex,Invalid,0.0
2024-06-22T00:00:00.000,United States,RSV,Sex,Male,0.0
2024-06-22T00:00:00.000,United States,Influenza,Race/Ethnicity,"Black, NH",0.2
2024-06-22T00:00:00.000,United States,Influenza,Race/Ethnicity,"AI/AN, NH",0.2
2024-06-22T00:00:00.000,United States,Influenza,Race/Ethnicity,"Asian/NHOPI, NH",0.4
2024-06-22T00:00:00.000,United States,Influenza,Race/Ethnicity,"White, NH",0.1
2024-06-22T00:00:00.000,United States,Influenza,Race/Ethnicity,"Multiple/Other, NH",0.2
2024-06-22T00:00:00.000,United States,Influenza,Race/Ethnicity,Hispanic,0.3
2024-06-22T00:00:00.000,United States,Influenza,Age Group,18-49 years,0.2
2024-06-22T00:00:00.000,United States,Influenza,Age Group,5-17 years,0.3
2024-06-22T00:00:00.000,United States,Influenza,Age Group,65+ years,0.1
2024-06-22T00:00:00.000,United States,Influenza,Age Group,<1 year,0.3
2024-06-22T00:00:00.000,United States,Influenza,Age Group,1-4 years,0.5
2024-06-22T00:00:00.000,United States,Influenza,Age Group,50-64 years,0.1
2024-06-22T00:00:00.000,United States,Influenza,Sex,Female,0.2
2024-06-22T00:00:00.000,United States,Influenza,Sex,Other,0.0
2024-06-22T00:00:00.000,United States,Influenza,Sex,Invalid,0.0
2024-06-22T00:00:00.000,United States,Influenza,Sex,Male,0.2
2024-06-22T00:00:00.000,United States,Combined,Race/Ethnicity,"Black, NH",1.1
2024-06-22T00:00:00.000,United States,Combined,Race/Ethnicity,"AI/AN, NH",1.3
2024-06-22T00:00:00.000,United States,Combined,Race/Ethnicity,"Asian/NHOPI, NH",2.4
2024-06-22T00:00:00.000,United States,Combined,Race/Ethnicity,"White, NH",1.0
2024-06-22T00:00:00.000,United States,Combined,Race/Ethnicity,"Multiple/Other, NH",1.1
2024-06-22T00:00:00.000,United States,Combined,Race/Ethnicity,Hispanic,1.5
2024-06-22T00:00:00.000,United States,Combined,Age Group,18-49 years,0.8
2024-06-22T00:00:00.000,United States,Combined,Age Group,5-17 years,0.6
2024-06-22T00:00:00.000,United States,Combined,Age Group,65+ years,1.6
2024-06-22T00:00:00.000,United States,Combined,Age Group,<1 year,3.2
2024-06-22T00:00:00.000,United States,Combined,Age Group,1-4 years,1.4
2024-06-22T00:00:00.000,United States,Combined,Age Group,50-64 years,1.0
2024-06-22T00:00:00.000,United States,Combined,Sex,Female,1.1
2024-06-22T00:00:00.000,United States,Combined,Sex,Other,0.0
2024-06-22T00:00:00.000,United States,Combined,Sex,Invalid,0.0
2024-06-22T00:00:00.000,United States,Combined,Sex,Male,1.1
2024-06-22T00:00:00.000,United States,COVID-19,Race/Ethnicity,"Black, NH",0.8
2024-06-22T00:00:00.000,United States,COVID-19,Race/Ethnicity,"AI/AN, NH",1.0
2024-06-22T00:00:00.000,United States,COVID-19,Race/Ethnicity,"Asian/NHOPI, NH",1.9
2024-06-22T00:00:00.000,United States,COVID-19,Race/Ethnicity,"White, NH",0.8
2024-06-22T00:00:00.000,United States,COVID-19,Race/Ethnicity,"Multiple/Other, NH",0.9
2024-06-22T00:00:00.000,United States,COVID-19,Race/Ethnicity,Hispanic,1.1
2024-06-22T00:00:00.000,United States,COVID-19,Age Group,18-49 years,0.6
2024-06-22T00:00:00.000,United States,COVID-19,Age Group,5-17 years,0.3
2024-06-22T00:00:00.000,United States,COVID-19,Age Group,65+ years,1.4
2024-06-22T00:00:00.000,United States,COVID-19,Age Group,<1 year,2.6
2024-06-22T00:00:00.000,United States,COVID-19,Age Group,1-4 years,0.8
2024-06-22T00:00:00.000,United States,COVID-19,Age Group,50-64 years,0.8
2024-06-22T00:00:00.000,United States,COVID-19,Sex,Female,0.9
2024-06-22T00:00:00.000,United States,COVID-19,Sex,Other,0.0
2024-06-22T00:00:00.000,United States,COVID-19,Sex,Invalid,0.0
2024-06-15T00:00:00.000,United States,Combined,Race/Ethnicity,"AI/AN, NH",1.1
2024-06-15T00:00:00.000,United States,COVID-19,Sex,Male,0.7
2024-06-15T00:00:00.000,United States,RSV,Race/Ethnicity,"Black, NH",0.0
2024-06-15T00:00:00.000,United States,COVID-19,Sex,Invalid,2.4
2024-06-15T00:00:00.000,United States,COVID-19,Sex,Other,0.0
2024-06-15T00:00:00.000,United States,COVID-19,Sex,Female,0.7
2024-06-15T00:00:00.000,United States,COVID-19,Age Group,50-64 years,0.7
2024-06-15T00:00:00.000,United States,COVID-19,Age Group,1-4 years,0.6
2024-06-15T00:00:00.000,United States,COVID-19,Age Group,<1 year,1.9
2024-06-15T00:00:00.000,United States,COVID-19,Age Group,65+ years,1.1
2024-06-15T00:00:00.000,United States,COVID-19,Age Group,5-17 years,0.3
2024-06-15T00:00:00.000,United States,COVID-19,Age Group,18-49 years,0.5
2024-06-15T00:00:00.000,United States,COVID-19,Race/Ethnicity,Hispanic,0.8
2024-06-15T00:00:00.000,United States,COVID-19,Race/Ethnicity,"Multiple/Other, NH",0.7
2024-06-15T00:00:00.000,United States,COVID-19,Race/Ethnicity,"White, NH",0.6
2024-06-15T00:00:00.000,United States,COVID-19,Race/Ethnicity,"Asian/NHOPI, NH",1.6
2024-06-15T00:00:00.000,United States,COVID-19,Race/Ethnicity,"AI/AN, NH",0.8
2024-06-15T00:00:00.000,United States,COVID-19,Race/Ethnicity,"Black, NH",0.6
2024-06-15T00:00:00.000,United States,Combined,Sex,Male,0.9
2024-06-15T00:00:00.000,United States,Combined,Sex,Invalid,2.4
2024-06-15T00:00:00.000,United States,Combined,Sex,Other,0.0
2024-06-15T00:00:00.000,United States,Combined,Sex,Female,0.9
2024-06-15T00:00:00.000,United States,Combined,Age Group,50-64 years,0.8
2024-06-15T00:00:00.000,United States,Combined,Age Group,1-4 years,1.2
2024-06-15T00:00:00.000,United States,Combined,Age Group,<1 year,2.5
2024-06-15T00:00:00.000,United States,Combined,Age Group,65+ years,1.3
2024-06-15T00:00:00.000,United States,Combined,Age Group,5-17 years,0.6
2024-06-15T00:00:00.000,United States,Combined,Age Group,18-49 years,0.7
2024-06-15T00:00:00.000,United States,Combined,Race/Ethnicity,Hispanic,1.2
2024-06-15T00:00:00.000,United States,Combined,Race/Ethnicity,"Multiple/Other, NH",1.0
2024-06-15T00:00:00.000,United States,Combined,Race/Ethnicity,"White, NH",0.8
2024-06-15T00:00:00.000,United States,Combined,Race/Ethnicity,"Asian/NHOPI, NH",2.1
2024-06-15T00:00:00.000,United States,Combined,Race/Ethnicity,"Black, NH",0.9
2024-06-15T00:00:00.000,United States,Influenza,Sex,Male,0.2
2024-06-15T00:00:00.000,United States,Influenza,Sex,Invalid,0.0
2024-06-15T00:00:00.000,United States,Influenza,Sex,Other,0.0
2024-06-15T00:00:00.000,United States,Influenza,Sex,Female,0.2
2024-06-15T00:00:00.000,United States,Influenza,Age Group,50-64 years,0.1
2024-06-15T00:00:00.000,United States,Influenza,Age Group,1-4 years,0.5
2024-06-15T00:00:00.000,United States,Influenza,Age Group,<1 year,0.4
2024-06-15T00:00:00.000,United States,Influenza,Age Group,65+ years,0.1
2024-06-15T00:00:00.000,United States,Influenza,Age Group,5-17 years,0.3
2024-06-15T00:00:00.000,United States,Influenza,Age Group,18-49 years,0.2
2024-06-15T00:00:00.000,United States,Influenza,Race/Ethnicity,Hispanic,0.3
2024-06-15T00:00:00.000,United States,Influenza,Race/Ethnicity,"Multiple/Other, NH",0.2
2024-06-15T00:00:00.000,United States,Influenza,Race/Ethnicity,"White, NH",0.1
2024-06-15T00:00:00.000,United States,Influenza,Race/Ethnicity,"Asian/NHOPI, NH",0.4
2024-06-15T00:00:00.000,United States,Influenza,Race/Ethnicity,"AI/AN, NH",0.2
2024-06-15T00:00:00.000,United States,Influenza,Race/Ethnicity,"Black, NH",0.2
2024-06-15T00:00:00.000,United States,RSV,Sex,Male,0.0
2024-06-15T00:00:00.000,United States,RSV,Sex,Invalid,0.0
2024-06-15T00:00:00.000,United States,RSV,Sex,Other,0.0
2024-06-15T00:00:00.000,United States,RSV,Sex,Female,0.0
2024-06-15T00:00:00.000,United States,RSV,Age Group,50-64 years,0.0
2024-06-15T00:00:00.000,United States,RSV,Age Group,1-4 years,0.1
2024-06-15T00:00:00.000,United States,RSV,Age Group,<1 year,0.2
2024-06-15T00:00:00.000,United States,RSV,Age Group,65+ years,0.0
2024-06-15T00:00:00.000,United States,RSV,Age Group,5-17 years,0.0
2024-06-15T00:00:00.000,United States,RSV,Age Group,18-49 years,0.0
2024-06-15T00:00:00.000,United States,RSV,Race/Ethnicity,Hispanic,0.0
2024-06-15T00:00:00.000,United States,RSV,Race/Ethnicity,"Multiple/Other, NH",0.0
2024-06-15T00:00:00.000,United States,RSV,Race/Ethnicity,"White, NH",0.0
2024-06-15T00:00:00.000,United States,RSV,Race/Ethnicity,"Asian/NHOPI, NH",0.0
2024-06-15T00:00:00.000,United States,RSV,Race/Ethnicity,"AI/AN, NH",0.0
2024-06-08T00:00:00.000,United States,RSV,Race/Ethnicity,"AI/AN, NH",0.0
2024-06-08T00:00:00.000,United States,COVID-19,Sex,Male,0.5
2024-06-08T00:00:00.000,United States,COVID-19,Sex,Invalid,0.0
2024-06-08T00:00:00.000,United States,COVID-19,Sex,Other,0.0
2024-06-08T00:00:00.000,United States,COVID-19,Sex,Female,0.6
2024-06-08T00:00:00.000,United States,COVID-19,Age Group,50-64 years,0.6
2024-06-08T00:00:00.000,United States,COVID-19,Age Group,1-4 years,0.5
2024-06-08T00:00:00.000,United States,COVID-19,Age Group,<1 year,1.5
2024-06-08T00:00:00.000,United States,COVID-19,Age Group,65+ years,1.0
2024-06-08T00:00:00.000,United States,COVID-19,Age Group,5-17 years,0.2
2024-06-08T00:00:00.000,United States,COVID-19,Age Group,18-49 years,0.4
2024-06-08T00:00:00.000,United States,COVID-19,Race/Ethnicity,Hispanic,0.7
2024-06-08T00:00:00.000,United States,COVID-19,Race/Ethnicity,"Multiple/Other, NH",0.6
2024-06-08T00:00:00.000,United States,COVID-19,Race/Ethnicity,"White, NH",0.5
2024-06-08T00:00:00.000,United States,COVID-19,Race/Ethnicity,"Asian/NHOPI, NH",1.4
2024-06-08T00:00:00.000,United States,COVID-19,Race/Ethnicity,"AI/AN, NH",0.6
2024-06-08T00:00:00.000,United States,COVID-19,Race/Ethnicity,"Black, NH",0.5
2024-06-08T00:00:00.000,United States,Combined,Sex,Male,0.8
2024-06-08T00:00:00.000,United States,Combined,Sex,Invalid,0.0
2024-06-08T00:00:00.000,United States,Combined,Sex,Other,0.0
2024-06-08T00:00:00.000,United States,Combined,Sex,Female,0.9
2024-06-08T00:00:00.000,United States,Combined,Age Group,50-64 years,0.7
2024-06-08T00:00:00.000,United States,Combined,Age Group,1-4 years,1.2
2024-06-08T00:00:00.000,United States,Combined,Age Group,<1 year,2.1
2024-06-08T00:00:00.000,United States,Combined,Age Group,65+ years,1.1
2024-06-08T00:00:00.000,United States,Combined,Age Group,5-17 years,0.6
2024-06-08T00:00:00.000,United States,Combined,Age Group,18-49 years,0.6
2024-06-08T00:00:00.000,United States,Combined,Race/Ethnicity,Hispanic,1.1
2024-06-08T00:00:00.000,United States,Combined,Race/Ethnicity,"Multiple/Other, NH",0.8
2024-06-08T00:00:00.000,United States,Combined,Race/Ethnicity,"White, NH",0.7
2024-06-08T00:00:00.000,United States,Combined,Race/Ethnicity,"Asian/NHOPI, NH",1.9
2024-06-08T00:00:00.000,United States,Combined,Race/Ethnicity,"AI/AN, NH",0.9
2024-06-08T00:00:00.000,United States,RSV,Race/Ethnicity,"Black, NH",0.0
2024-06-08T00:00:00.000,United States,Combined,Race/Ethnicity,"Black, NH",0.8
2024-06-08T00:00:00.000,United States,Influenza,Sex,Male,0.2
2024-06-08T00:00:00.000,United States,Influenza,Sex,Invalid,0.0
2024-06-08T00:00:00.000,United States,Influenza,Sex,Other,0.0
2024-06-08T00:00:00.000,United States,Influenza,Sex,Female,0.2
2024-06-08T00:00:00.000,United States,Influenza,Age Group,50-64 years,0.2
2024-06-08T00:00:00.000,United States,Influenza,Age Group,1-4 years,0.6
2024-06-08T00:00:00.000,United States,Influenza,Age Group,<1 year,0.4
2024-06-08T00:00:00.000,United States,Influenza,Age Group,65+ years,0.2
2024-06-08T00:00:00.000,United States,Influenza,Age Group,5-17 years,0.4
2024-06-08T00:00:00.000,United States,Influenza,Age Group,18-49 years,0.2
2024-06-08T00:00:00.000,United States,Influenza,Race/Ethnicity,Hispanic,0.4
2024-06-08T00:00:00.000,United States,Influenza,Race/Ethnicity,"Multiple/Other, NH",0.2
2024-06-08T00:00:00.000,United States,Influenza,Race/Ethnicity,"White, NH",0.2
2024-06-08T00:00:00.000,United States,Influenza,Race/Ethnicity,"Asian/NHOPI, NH",0.5
2024-06-08T00:00:00.000,United States,Influenza,Race/Ethnicity,"AI/AN, NH",0.3
2024-06-08T00:00:00.000,United States,Influenza,Race/Ethnicity,"Black, NH",0.2
2024-06-08T00:00:00.000,United States,RSV,Sex,Male,0.0
2024-06-08T00:00:00.000,United States,RSV,Sex,Invalid,0.0
2024-06-08T00:00:00.000,United States,RSV,Sex,Other,0.0
2024-06-08T00:00:00.000,United States,RSV,Sex,Female,0.0
2024-06-08T00:00:00.000,United States,RSV,Age Group,50-64 years,0.0
2024-06-08T00:00:00.000,United States,RSV,Age Group,1-4 years,0.1
2024-06-08T00:00:00.000,United States,RSV,Age Group,<1 year,0.3
2024-06-08T00:00:00.000,United States,RSV,Age Group,65+ years,0.0
2024-06-08T00:00:00.000,United States,RSV,Age Group,5-17 years,0.0
2024-06-08T00:00:00.000,United States,RSV,Age Group,18-49 years,0.0
2024-06-08T00:00:00.000,United States,RSV,Race/Ethnicity,Hispanic,0.0
2024-06-08T00:00:00.000,United States,RSV,Race/Ethnicity,"Multiple/Other, NH",0.0
2024-06-08T00:00:00.000,United States,RSV,Race/Ethnicity,"White, NH",0.0
2024-06-08T00:00:00.000,United States,RSV,Race/Ethnicity,"Asian/NHOPI, NH",0.0
2024-06-01T00:00:00.000,United States,RSV,Race/Ethnicity,"Black, NH",0.0
2024-06-01T00:00:00.000,United States,RSV,Race/Ethnicity,"Asian/NHOPI, NH",0.0
2024-06-01T00:00:00.000,United States,RSV,Race/Ethnicity,"AI/AN, NH",0.0
2024-06-01T00:00:00.000,United States,COVID-19,Sex,Male,0.5
2024-06-01T00:00:00.000,United States,COVID-19,Sex,Invalid,0.0
2024-06-01T00:00:00.000,United States,COVID-19,Sex,Other,0.0
2024-06-01T00:00:00.000,United States,COVID-19,Sex,Female,0.5
2024-06-01T00:00:00.000,United States,COVID-19,Age Group,50-64 years,0.5
2024-06-01T00:00:00.000,United States,COVID-19,Age Group,1-4 years,0.3
2024-06-01T00:00:00.000,United States,COVID-19,Age Group,<1 year,1.3
2024-06-01T00:00:00.000,United States,COVID-19,Age Group,65+ years,0.9
2024-06-01T00:00:00.000,United States,COVID-19,Age Group,5-17 years,0.2
2024-06-01T00:00:00.000,United States,COVID-19,Age Group,18-49 years,0.4
2024-06-01T00:00:00.000,United States,COVID-19,Race/Ethnicity,Hispanic,0.6
2024-06-01T00:00:00.000,United States,COVID-19,Race/Ethnicity,"Multiple/Other, NH",0.5
2024-06-01T00:00:00.000,United States,COVID-19,Race/Ethnicity,"White, NH",0.5
2024-06-01T00:00:00.000,United States,COVID-19,Race/Ethnicity,"Asian/NHOPI, NH",1.3
2024-06-01T00:00:00.000,United States,COVID-19,Race/Ethnicity,"AI/AN, NH",0.6
2024-06-01T00:00:00.000,United States,COVID-19,Race/Ethnicity,"Black, NH",0.4
2024-06-01T00:00:00.000,United States,Combined,Sex,Male,0.7
2024-06-01T00:00:00.000,United States,Combined,Sex,Invalid,0.0
2024-06-01T00:00:00.000,United States,Combined,Sex,Other,1.7
2024-06-01T00:00:00.000,United States,Combined,Sex,Female,0.8
2024-06-01T00:00:00.000,United States,Combined,Age Group,50-64 years,0.6
2024-06-01T00:00:00.000,United States,Combined,Age Group,1-4 years,1.1
2024-06-01T00:00:00.000,United States,Combined,Age Group,<1 year,1.9
2024-06-01T00:00:00.000,United States,Combined,Age Group,65+ years,1.0
2024-06-01T00:00:00.000,United States,Combined,Age Group,5-17 years,0.7
2024-06-01T00:00:00.000,United States,Combined,Age Group,18-49 years,0.6
2024-06-01T00:00:00.000,United States,Combined,Race/Ethnicity,Hispanic,1.0
2024-06-01T00:00:00.000,United States,Combined,Race/Ethnicity,"Multiple/Other, NH",0.8
2024-06-01T00:00:00.000,United States,Combined,Race/Ethnicity,"White, NH",0.7
2024-06-01T00:00:00.000,United States,Combined,Race/Ethnicity,"Asian/NHOPI, NH",1.8
2024-06-01T00:00:00.000,United States,Combined,Race/Ethnicity,"AI/AN, NH",1.0
2024-06-01T00:00:00.000,United States,Combined,Race/Ethnicity,"Black, NH",0.7
2024-06-01T00:00:00.000,United States,Influenza,Sex,Male,0.3
2024-06-01T00:00:00.000,United States,Influenza,Sex,Invalid,0.0
2024-06-01T00:00:00.000,United States,Influenza,Sex,Other,1.7
2024-06-01T00:00:00.000,United States,Influenza,Sex,Female,0.3
2024-06-01T00:00:00.000,United States,Influenza,Age Group,50-64 years,0.2
2024-06-01T00:00:00.000,United States,Influenza,Age Group,1-4 years,0.6
2024-06-01T00:00:00.000,United States,Influenza,Age Group,<1 year,0.4
2024-06-01T00:00:00.000,United States,Influenza,Age Group,65+ years,0.2
2024-06-01T00:00:00.000,United States,Influenza,Age Group,5-17 years,0.5
2024-06-01T00:00:00.000,United States,Influenza,Age Group,18-49 years,0.2
2024-06-01T00:00:00.000,United States,Influenza,Race/Ethnicity,Hispanic,0.4
2024-06-01T00:00:00.000,United States,Influenza,Race/Ethnicity,"Multiple/Other, NH",0.2
2024-06-01T00:00:00.000,United States,Influenza,Race/Ethnicity,"White, NH",0.2
2024-06-01T00:00:00.000,United States,Influenza,Race/Ethnicity,"Asian/NHOPI, NH",0.6
2024-06-01T00:00:00.000,United States,Influenza,Race/Ethnicity,"AI/AN, NH",0.3
2024-06-01T00:00:00.000,United States,Influenza,Race/Ethnicity,"Black, NH",0.3
2024-06-01T00:00:00.000,United States,RSV,Sex,Male,0.0
2024-06-01T00:00:00.000,United States,RSV,Sex,Invalid,0.0
2024-06-01T00:00:00.000,United States,RSV,Sex,Other,0.0
2024-06-01T00:00:00.000,United States,RSV,Sex,Female,0.0
2024-06-01T00:00:00.000,United States,RSV,Age Group,50-64 years,0.0
2024-06-01T00:00:00.000,United States,RSV,Age Group,1-4 years,0.1
2024-06-01T00:00:00.000,United States,RSV,Age Group,<1 year,0.3
2024-06-01T00:00:00.000,United States,RSV,Age Group,65+ years,0.0
2024-06-01T00:00:00.000,United States,RSV,Age Group,5-17 years,0.0
2024-06-01T00:00:00.000,United States,RSV,Age Group,18-49 years,0.0
2024-06-01T00:00:00.000,United States,RSV,Race/Ethnicity,Hispanic,0.0
2024-06-01T00:00:00.000,United States,RSV,Race/Ethnicity,"Multiple/Other, NH",0.0
2024-06-01T00:00:00.000,United States,RSV,Race/Ethnicity,"White, NH",0.0
2024-05-25T00:00:00.000,United States,COVID-19,Sex,Male,0.4
2024-05-25T00:00:00.000,United States,RSV,Race/Ethnicity,"AI/AN, NH",0.0
2024-05-25T00:00:00.000,United States,RSV,Race/Ethnicity,"Black, NH",0.0
2024-05-25T00:00:00.000,United States,COVID-19,Sex,Invalid,0.0
2024-05-25T00:00:00.000,United States,COVID-19,Sex,Other,0.0
2024-05-25T00:00:00.000,United States,COVID-19,Sex,Female,0.4
2024-05-25T00:00:00.000,United States,COVID-19,Age Group,50-64 years,0.4
2024-05-25T00:00:00.000,United States,COVID-19,Age Group,1-4 years,0.4
2024-05-25T00:00:00.000,United States,COVID-19,Age Group,<1 year,1.0
2024-05-25T00:00:00.000,United States,COVID-19,Age Group,65+ years,0.7
2024-05-25T00:00:00.000,United States,COVID-19,Age Group,5-17 years,0.2
2024-05-25T00:00:00.000,United States,COVID-19,Age Group,18-49 years,0.3
2024-05-25T00:00:00.000,United States,COVID-19,Race/Ethnicity,Hispanic,0.5
2024-05-25T00:00:00.000,United States,COVID-19,Race/Ethnicity,"Multiple/Other, NH",0.4
2024-05-25T00:00:00.000,United States,COVID-19,Race/Ethnicity,"White, NH",0.4
2024-05-25T00:00:00.000,United States,COVID-19,Race/Ethnicity,"Asian/NHOPI, NH",0.9
2024-05-25T00:00:00.000,United States,COVID-19,Race/Ethnicity,"AI/AN, NH",0.4
2024-05-25T00:00:00.000,United States,COVID-19,Race/Ethnicity,"Black, NH",0.4
2024-05-25T00:00:00.000,United States,Combined,Sex,Male,0.7
2024-05-25T00:00:00.000,United States,Combined,Sex,Invalid,0.0
2024-05-25T00:00:00.000,United States,Combined,Sex,Other,0.0
2024-05-25T00:00:00.000,United States,Combined,Sex,Female,0.7
2024-05-25T00:00:00.000,United States,Combined,Age Group,50-64 years,0.6
2024-05-25T00:00:00.000,United States,Combined,Age Group,1-4 years,1.2
2024-05-25T00:00:00.000,United States,Combined,Age Group,<1 year,1.8
2024-05-25T00:00:00.000,United States,Combined,Age Group,65+ years,0.9
2024-05-25T00:00:00.000,United States,Combined,Age Group,5-17 years,0.7
2024-05-25T00:00:00.000,United States,Combined,Age Group,18-49 years,0.5
2024-05-25T00:00:00.000,United States,Combined,Race/Ethnicity,Hispanic,0.9
2024-05-25T00:00:00.000,United States,Combined,Race/Ethnicity,"Multiple/Other, NH",0.7
2024-05-25T00:00:00.000,United States,Combined,Race/Ethnicity,"White, NH",0.6
2024-05-25T00:00:00.000,United States,Combined,Race/Ethnicity,"Asian/NHOPI, NH",1.4
2024-05-25T00:00:00.000,United States,Combined,Race/Ethnicity,"AI/AN, NH",0.8
2024-05-25T00:00:00.000,United States,Combined,Race/Ethnicity,"Black, NH",0.7
2024-05-25T00:00:00.000,United States,Influenza,Sex,Male,0.3
2024-05-25T00:00:00.000,United States,Influenza,Sex,Invalid,0.0
2024-05-25T00:00:00.000,United States,Influenza,Sex,Other,0.0
2024-05-25T00:00:00.000,United States,Influenza,Sex,Female,0.3
2024-05-25T00:00:00.000,United States,Influenza,Age Group,50-64 years,0.2
2024-05-25T00:00:00.000,United States,Influenza,Age Group,1-4 years,0.7
2024-05-25T00:00:00.000,United States,Influenza,Age Group,<1 year,0.4
2024-05-25T00:00:00.000,United States,Influenza,Age Group,65+ years,0.2
2024-05-25T00:00:00.000,United States,Influenza,Age Group,5-17 years,0.6
2024-05-25T00:00:00.000,United States,Influenza,Age Group,18-49 years,0.2
2024-05-25T00:00:00.000,United States,Influenza,Race/Ethnicity,Hispanic,0.4
2024-05-25T00:00:00.000,United States,Influenza,Race/Ethnicity,"Multiple/Other, NH",0.3
2024-05-25T00:00:00.000,United States,Influenza,Race/Ethnicity,"White, NH",0.2
2024-05-25T00:00:00.000,United States,Influenza,Race/Ethnicity,"Asian/NHOPI, NH",0.5
2024-05-25T00:00:00.000,United States,Influenza,Race/Ethnicity,"AI/AN, NH",0.3
2024-05-25T00:00:00.000,United States,Influenza,Race/Ethnicity,"Black, NH",0.3
2024-05-25T00:00:00.000,United States,RSV,Sex,Male,0.0
2024-05-25T00:00:00.000,United States,RSV,Sex,Invalid,0.0
2024-05-25T00:00:00.000,United States,RSV,Sex,Other,0.0
2024-05-25T00:00:00.000,United States,RSV,Sex,Female,0.0
2024-05-25T00:00:00.000,United States,RSV,Age Group,50-64 years,0.0
2024-05-25T00:00:00.000,United States,RSV,Age Group,1-4 years,0.2
2024-05-25T00:00:00.000,United States,RSV,Age Group,<1 year,0.3
2024-05-25T00:00:00.000,United States,RSV,Age Group,65+ years,0.0
2024-05-25T00:00:00.000,United States,RSV,Age Group,5-17 years,0.0
2024-05-25T00:00:00.000,United States,RSV,Age Group,18-49 years,0.0
2024-05-25T00:00:00.000,United States,RSV,Race/Ethnicity,Hispanic,0.0
2024-05-25T00:00:00.000,United States,RSV,Race/Ethnicity,"Multiple/Other, NH",0.0
2024-05-25T00:00:00.000,United States,RSV,Race/Ethnicity,"White, NH",0.0
2024-05-25T00:00:00.000,United States,RSV,Race/Ethnicity,"Asian/NHOPI, NH",0.0
2024-05-18T00:00:00.000,United States,RSV,Race/Ethnicity,"White, NH",0.0
2024-05-18T00:00:00.000,United States,RSV,Race/Ethnicity,"Black, NH",0.0
2024-05-18T00:00:00.000,United States,COVID-19,Sex,Male,0.3
2024-05-18T00:00:00.000,United States,COVID-19,Sex,Invalid,0.0
2024-05-18T00:00:00.000,United States,COVID-19,Sex,Other,0.0
2024-05-18T00:00:00.000,United States,COVID-19,Sex,Female,0.4
2024-05-18T00:00:00.000,United States,COVID-19,Age Group,50-64 years,0.4
2024-05-18T00:00:00.000,United States,COVID-19,Age Group,1-4 years,0.3
2024-05-18T00:00:00.000,United States,COVID-19,Age Group,<1 year,0.9
2024-05-18T00:00:00.000,United States,COVID-19,Age Group,65+ years,0.7
2024-05-18T00:00:00.000,United States,COVID-19,Age Group,5-17 years,0.2
2024-05-18T00:00:00.000,United States,COVID-19,Age Group,18-49 years,0.3
2024-05-18T00:00:00.000,United States,COVID-19,Race/Ethnicity,Hispanic,0.4
2024-05-18T00:00:00.000,United States,COVID-19,Race/Ethnicity,"Multiple/Other, NH",0.4
2024-05-18T00:00:00.000,United States,COVID-19,Race/Ethnicity,"White, NH",0.4
2024-05-18T00:00:00.000,United States,COVID-19,Race/Ethnicity,"Asian/NHOPI, NH",0.8
2024-05-18T00:00:00.000,United States,COVID-19,Race/Ethnicity,"AI/AN, NH",0.5
2024-05-18T00:00:00.000,United States,COVID-19,Race/Ethnicity,"Black, NH",0.3
2024-05-18T00:00:00.000,United States,Combined,Sex,Male,0.7
2024-05-18T00:00:00.000,United States,Combined,Sex,Invalid,0.0
2024-05-18T00:00:00.000,United States,Combined,Sex,Other,0.0
2024-05-18T00:00:00.000,United States,Combined,Sex,Female,0.7
2024-05-18T00:00:00.000,United States,Combined,Age Group,50-64 years,0.6
2024-05-18T00:00:00.000,United States,Combined,Age Group,1-4 years,1.2
2024-05-18T00:00:00.000,United States,Combined,Age Group,<1 year,1.8
2024-05-18T00:00:00.000,United States,Combined,Age Group,65+ years,0.8
2024-05-18T00:00:00.000,United States,Combined,Age Group,5-17 years,0.8
2024-05-18T00:00:00.000,United States,Combined,Age Group,18-49 years,0.5
2024-05-18T00:00:00.000,United States,Combined,Race/Ethnicity,Hispanic,0.9
2024-05-18T00:00:00.000,United States,Combined,Race/Ethnicity,"Multiple/Other, NH",0.7
2024-05-18T00:00:00.000,United States,Combined,Race/Ethnicity,"White, NH",0.6
2024-05-18T00:00:00.000,United States,Combined,Race/Ethnicity,"Asian/NHOPI, NH",1.3
2024-05-18T00:00:00.000,United States,Combined,Race/Ethnicity,"AI/AN, NH",0.9
2024-05-18T00:00:00.000,United States,Combined,Race/Ethnicity,"Black, NH",0.7
2024-05-18T00:00:00.000,United States,Influenza,Sex,Male,0.3
2024-05-18T00:00:00.000,United States,Influenza,Sex,Invalid,0.0
2024-05-18T00:00:00.000,United States,Influenza,Sex,Other,0.0
2024-05-18T00:00:00.000,United States,Influenza,Sex,Female,0.3
2024-05-18T00:00:00.000,United States,Influenza,Age Group,50-64 years,0.2
2024-05-18T00:00:00.000,United States,Influenza,Age Group,1-4 years,0.7
2024-05-18T00:00:00.000,United States,Influenza,Age Group,<1 year,0.5
2024-05-18T00:00:00.000,United States,Influenza,Age Group,65+ years,0.2
2024-05-18T00:00:00.000,United States,Influenza,Age Group,5-17 years,0.7
2024-05-18T00:00:00.000,United States,Influenza,Age Group,18-49 years,0.3
2024-05-18T00:00:00.000,United States,Influenza,Race/Ethnicity,Hispanic,0.5
2024-05-18T00:00:00.000,United States,Influenza,Race/Ethnicity,"Multiple/Other, NH",0.3
2024-05-18T00:00:00.000,United States,Influenza,Race/Ethnicity,"White, NH",0.2
2024-05-18T00:00:00.000,United States,Influenza,Race/Ethnicity,"Asian/NHOPI, NH",0.5
2024-05-18T00:00:00.000,United States,Influenza,Race/Ethnicity,"AI/AN, NH",0.4
2024-05-18T00:00:00.000,United States,Influenza,Race/Ethnicity,"Black, NH",0.4
2024-05-18T00:00:00.000,United States,RSV,Sex,Male,0.0
2024-05-18T00:00:00.000,United States,RSV,Sex,Invalid,0.0
2024-05-18T00:00:00.000,United States,RSV,Sex,Other,0.0
2024-05-18T00:00:00.000,United States,RSV,Sex,Female,0.0
2024-05-18T00:00:00.000,United States,RSV,Age Group,50-64 years,0.0
2024-05-18T00:00:00.000,United States,RSV,Age Group,1-4 years,0.2
2024-05-18T00:00:00.000,United States,RSV,Age Group,<1 year,0.4
2024-05-18T00:00:00.000,United States,RSV,Age Group,65+ years,0.0
2024-05-18T00:00:00.000,United States,RSV,Age Group,5-17 years,0.0
2024-05-18T00:00:00.000,United States,RSV,Age Group,18-49 years,0.0
2024-05-18T00:00:00.000,United States,RSV,Race/Ethnicity,Hispanic,0.0
2024-05-18T00:00:00.000,United States,RSV,Race/Ethnicity,"Multiple/Other, NH",0.0
2024-05-18T00:00:00.000,United States,RSV,Race/Ethnicity,"Asian/NHOPI, NH",0.0
2024-05-18T00:00:00.000,United States,RSV,Race/Ethnicity,"AI/AN, NH",0.0
2024-05-11T00:00:00.000,United States,RSV,Race/Ethnicity,"Asian/NHOPI, NH",0.0
2024-05-11T00:00:00.000,United States,RSV,Race/Ethnicity,"AI/AN, NH",0.1
2024-05-11T00:00:00.000,United States,COVID-19,Sex,Male,0.3
2024-05-11T00:00:00.000,United States,RSV,Race/Ethnicity,"Black, NH",0.0
2024-05-11T00:00:00.000,United States,COVID-19,Sex,Invalid,0.0
2024-05-11T00:00:00.000,United States,COVID-19,Sex,Other,0.0
2024-05-11T00:00:00.000,United States,COVID-19,Sex,Female,0.4
2024-05-11T00:00:00.000,United States,COVID-19,Age Group,50-64 years,0.3
2024-05-11T00:00:00.000,United States,COVID-19,Age Group,1-4 years,0.2
2024-05-11T00:00:00.000,United States,COVID-19,Age Group,<1 year,0.8
2024-05-11T00:00:00.000,United States,COVID-19,Age Group,65+ years,0.6
2024-05-11T00:00:00.000,United States,COVID-19,Age Group,5-17 years,0.1
2024-05-11T00:00:00.000,United States,COVID-19,Age Group,18-49 years,0.2
2024-05-11T00:00:00.000,United States,COVID-19,Race/Ethnicity,Hispanic,0.4
2024-05-11T00:00:00.000,United States,COVID-19,Race/Ethnicity,"Multiple/Other, NH",0.3
2024-05-11T00:00:00.000,United States,COVID-19,Race/Ethnicity,"White, NH",0.3
2024-05-11T00:00:00.000,United States,COVID-19,Race/Ethnicity,"Asian/NHOPI, NH",0.7
2024-05-11T00:00:00.000,United States,COVID-19,Race/Ethnicity,"AI/AN, NH",0.3
2024-05-11T00:00:00.000,United States,COVID-19,Race/Ethnicity,"Black, NH",0.3
2024-05-11T00:00:00.000,United States,Combined,Sex,Male,0.7
2024-05-11T00:00:00.000,United States,Combined,Sex,Invalid,0.2
2024-05-11T00:00:00.000,United States,Combined,Sex,Other,0.0
2024-05-11T00:00:00.000,United States,Combined,Sex,Female,0.7
2024-05-11T00:00:00.000,United States,Combined,Age Group,50-64 years,0.5
2024-05-11T00:00:00.000,United States,Combined,Age Group,1-4 years,1.3
2024-05-11T00:00:00.000,United States,Combined,Age Group,<1 year,1.8
2024-05-11T00:00:00.000,United States,Combined,Age Group,65+ years,0.8
2024-05-11T00:00:00.000,United States,Combined,Age Group,5-17 years,0.9
2024-05-11T00:00:00.000,United States,Combined,Age Group,18-49 years,0.5
2024-05-11T00:00:00.000,United States,Combined,Race/Ethnicity,Hispanic,0.9
2024-05-11T00:00:00.000,United States,Combined,Race/Ethnicity,"Multiple/Other, NH",0.7
2024-05-11T00:00:00.000,United States,Combined,Race/Ethnicity,"White, NH",0.6
2024-05-11T00:00:00.000,United States,Combined,Race/Ethnicity,"Asian/NHOPI, NH",1.3
2024-05-11T00:00:00.000,United States,Combined,Race/Ethnicity,"AI/AN, NH",1.0
2024-05-11T00:00:00.000,United States,Combined,Race/Ethnicity,"Black, NH",0.7
2024-05-11T00:00:00.000,United States,Influenza,Sex,Male,0.3
2024-05-11T00:00:00.000,United States,Influenza,Sex,Invalid,0.2
2024-05-11T00:00:00.000,United States,Influenza,Sex,Other,0.0
2024-05-11T00:00:00.000,United States,Influenza,Sex,Female,0.3
2024-05-11T00:00:00.000,United States,Influenza,Age Group,50-64 years,0.2
2024-05-11T00:00:00.000,United States,Influenza,Age Group,1-4 years,0.8
2024-05-11T00:00:00.000,United States,Influenza,Age Group,<1 year,0.6
2024-05-11T00:00:00.000,United States,Influenza,Age Group,65+ years,0.2
2024-05-11T00:00:00.000,United States,Influenza,Age Group,5-17 years,0.7
2024-05-11T00:00:00.000,United States,Influenza,Age Group,18-49 years,0.3
2024-05-11T00:00:00.000,United States,Influenza,Race/Ethnicity,Hispanic,0.5
2024-05-11T00:00:00.000,United States,Influenza,Race/Ethnicity,"Multiple/Other, NH",0.3
2024-05-11T00:00:00.000,United States,Influenza,Race/Ethnicity,"White, NH",0.3
2024-05-11T00:00:00.000,United States,Influenza,Race/Ethnicity,"Asian/NHOPI, NH",0.6
2024-05-11T00:00:00.000,United States,Influenza,Race/Ethnicity,"AI/AN, NH",0.7
2024-05-11T00:00:00.000,United States,Influenza,Race/Ethnicity,"Black, NH",0.4
2024-05-11T00:00:00.000,United States,RSV,Sex,Male,0.0
2024-05-11T00:00:00.000,United States,RSV,Sex,Invalid,0.0
2024-05-11T00:00:00.000,United States,RSV,Sex,Other,0.0
2024-05-11T00:00:00.000,United States,RSV,Sex,Female,0.0
2024-05-11T00:00:00.000,United States,RSV,Age Group,50-64 years,0.0
2024-05-11T00:00:00.000,United States,RSV,Age Group,1-4 years,0.2
2024-05-11T00:00:00.000,United States,RSV,Age Group,<1 year,0.4
2024-05-11T00:00:00.000,United States,RSV,Age Group,65+ years,0.0
2024-05-11T00:00:00.000,United States,RSV,Age Group,5-17 years,0.0
2024-05-11T00:00:00.000,United States,RSV,Age Group,18-49 years,0.0
2024-05-11T00:00:00.000,United States,RSV,Race/Ethnicity,Hispanic,0.0
2024-05-11T00:00:00.000,United States,RSV,Race/Ethnicity,"Multiple/Other, NH",0.0
2024-05-11T00:00:00.000,United States,RSV,Race/Ethnicity,"White, NH",0.0
2024-05-04T00:00:00.000,United States,Influenza,Sex,Invalid,0.1
2024-05-04T00:00:00.000,United States,RSV,Race/Ethnicity,"Asian/NHOPI, NH",0.0
2024-05-04T00:00:00.000,United States,RSV,Race/Ethnicity,"AI/AN, NH",0.1
2024-05-04T00:00:00.000,United States,RSV,Race/Ethnicity,"White, NH",0.0
2024-05-04T00:00:00.000,United States,RSV,Race/Ethnicity,"Multiple/Other, NH",0.0
2024-05-04T00:00:00.000,United States,RSV,Race/Ethnicity,Hispanic,0.0
2024-05-04T00:00:00.000,United States,RSV,Age Group,18-49 years,0.0
2024-05-04T00:00:00.000,United States,RSV,Age Group,5-17 years,0.0
2024-05-04T00:00:00.000,United States,RSV,Age Group,65+ years,0.0
2024-05-04T00:00:00.000,United States,RSV,Age Group,<1 year,0.4
2024-05-04T00:00:00.000,United States,RSV,Age Group,1-4 years,0.2
2024-05-04T00:00:00.000,United States,RSV,Age Group,50-64 years,0.0
2024-05-04T00:00:00.000,United States,RSV,Sex,Female,0.0
2024-05-04T00:00:00.000,United States,RSV,Sex,Other,0.0
2024-05-04T00:00:00.000,United States,RSV,Sex,Invalid,0.0
2024-05-04T00:00:00.000,United States,RSV,Sex,Male,0.0
2024-05-04T00:00:00.000,United States,Influenza,Race/Ethnicity,"Black, NH",0.5
2024-05-04T00:00:00.000,United States,Influenza,Race/Ethnicity,"AI/AN, NH",0.8
2024-05-04T00:00:00.000,United States,Influenza,Race/Ethnicity,"Asian/NHOPI, NH",0.7
2024-05-04T00:00:00.000,United States,Influenza,Race/Ethnicity,"White, NH",0.3
2024-05-04T00:00:00.000,United States,Influenza,Race/Ethnicity,"Multiple/Other, NH",0.4
2024-05-04T00:00:00.000,United States,Influenza,Race/Ethnicity,Hispanic,0.6
2024-05-04T00:00:00.000,United States,Influenza,Age Group,18-49 years,0.4
2024-05-04T00:00:00.000,United States,Influenza,Age Group,5-17 years,0.9
2024-05-04T00:00:00.000,United States,Influenza,Age Group,65+ years,0.3
2024-05-04T00:00:00.000,United States,Influenza,Age Group,<1 year,0.7
2024-05-04T00:00:00.000,United States,Influenza,Age Group,1-4 years,1.0
2024-05-04T00:00:00.000,United States,Influenza,Age Group,50-64 years,0.3
2024-05-04T00:00:00.000,United States,Influenza,Sex,Female,0.4
2024-05-04T00:00:00.000,United States,Influenza,Sex,Other,0.0
2024-05-04T00:00:00.000,United States,Influenza,Sex,Male,0.4
2024-05-04T00:00:00.000,United States,Combined,Race/Ethnicity,"Black, NH",0.8
2024-05-04T00:00:00.000,United States,Combined,Race/Ethnicity,"AI/AN, NH",1.2
2024-05-04T00:00:00.000,United States,Combined,Race/Ethnicity,"Asian/NHOPI, NH",1.3
2024-05-04T00:00:00.000,United States,Combined,Race/Ethnicity,"White, NH",0.7
2024-05-04T00:00:00.000,United States,Combined,Race/Ethnicity,"Multiple/Other, NH",0.8
2024-05-04T00:00:00.000,United States,Combined,Race/Ethnicity,Hispanic,1.0
2024-05-04T00:00:00.000,United States,Combined,Age Group,18-49 years,0.6
2024-05-04T00:00:00.000,United States,Combined,Age Group,5-17 years,1.1
2024-05-04T00:00:00.000,United States,Combined,Age Group,65+ years,0.9
2024-05-04T00:00:00.000,United States,Combined,Age Group,<1 year,1.9
2024-05-04T00:00:00.000,United States,Combined,Age Group,1-4 years,1.6
2024-05-04T00:00:00.000,United States,Combined,Age Group,50-64 years,0.6
2024-05-04T00:00:00.000,United States,Combined,Sex,Female,0.8
2024-05-04T00:00:00.000,United States,Combined,Sex,Other,0.0
2024-05-04T00:00:00.000,United States,Combined,Sex,Invalid,0.2
2024-05-04T00:00:00.000,United States,Combined,Sex,Male,0.8
2024-05-04T00:00:00.000,United States,COVID-19,Race/Ethnicity,"Black, NH",0.3
2024-05-04T00:00:00.000,United States,COVID-19,Race/Ethnicity,"AI/AN, NH",0.3
2024-05-04T00:00:00.000,United States,COVID-19,Race/Ethnicity,"Asian/NHOPI, NH",0.6
2024-05-04T00:00:00.000,United States,COVID-19,Race/Ethnicity,"White, NH",0.3
2024-05-04T00:00:00.000,United States,COVID-19,Race/Ethnicity,"Multiple/Other, NH",0.3
2024-05-04T00:00:00.000,United States,COVID-19,Race/Ethnicity,Hispanic,0.3
2024-05-04T00:00:00.000,United States,COVID-19,Age Group,18-49 years,0.2
2024-05-04T00:00:00.000,United States,COVID-19,Age Group,5-17 years,0.2
2024-05-04T00:00:00.000,United States,COVID-19,Age Group,65+ years,0.6
2024-05-04T00:00:00.000,United States,COVID-19,Age Group,<1 year,0.9
2024-05-04T00:00:00.000,United States,COVID-19,Age Group,1-4 years,0.3
2024-05-04T00:00:00.000,United States,COVID-19,Age Group,50-64 years,0.3
2024-05-04T00:00:00.000,United States,COVID-19,Sex,Female,0.4
2024-05-04T00:00:00.000,United States,COVID-19,Sex,Other,0.0
2024-05-04T00:00:00.000,United States,RSV,Race/Ethnicity,"Black, NH",0.0
2024-05-04T00:00:00.000,United States,COVID-19,Sex,Invalid,0.1
2024-05-04T00:00:00.000,United States,COVID-19,Sex,Male,0.3
2024-04-27T00:00:00.000,United States,COVID-19,Age Group,1-4 years,0.3
2024-04-27T00:00:00.000,United States,COVID-19,Sex,Invalid,0.0
2024-04-27T00:00:00.000,United States,COVID-19,Sex,Male,0.3
2024-04-27T00:00:00.000,United States,COVID-19,Age Group,50-64 years,0.3
2024-04-27T00:00:00.000,United States,COVID-19,Sex,Female,0.4
2024-04-27T00:00:00.000,United States,RSV,Race/Ethnicity,"Black, NH",0.0
2024-04-27T00:00:00.000,United States,RSV,Race/Ethnicity,"AI/AN, NH",0.1
2024-04-27T00:00:00.000,United States,RSV,Race/Ethnicity,"Asian/NHOPI, NH",0.0
2024-04-27T00:00:00.000,United States,RSV,Race/Ethnicity,"White, NH",0.0
2024-04-27T00:00:00.000,United States,RSV,Race/Ethnicity,"Multiple/Other, NH",0.1
2024-04-27T00:00:00.000,United States,RSV,Race/Ethnicity,Hispanic,0.0
2024-04-27T00:00:00.000,United States,RSV,Age Group,18-49 years,0.0
2024-04-27T00:00:00.000,United States,RSV,Age Group,5-17 years,0.0
2024-04-27T00:00:00.000,United States,RSV,Age Group,65+ years,0.0
2024-04-27T00:00:00.000,United States,RSV,Age Group,<1 year,0.6
2024-04-27T00:00:00.000,United States,RSV,Age Group,1-4 years,0.2
2024-04-27T00:00:00.000,United States,RSV,Age Group,50-64 years,0.0
2024-04-27T00:00:00.000,United States,RSV,Sex,Female,0.0
2024-04-27T00:00:00.000,United States,RSV,Sex,Other,3.2
2024-04-27T00:00:00.000,United States,RSV,Sex,Invalid,0.0
2024-04-27T00:00:00.000,United States,RSV,Sex,Male,0.0
2024-04-27T00:00:00.000,United States,Influenza,Race/Ethnicity,"Black, NH",0.6
2024-04-27T00:00:00.000,United States,Influenza,Race/Ethnicity,"AI/AN, NH",0.8
2024-04-27T00:00:00.000,United States,Influenza,Race/Ethnicity,"Asian/NHOPI, NH",0.9
2024-04-27T00:00:00.000,United States,Influenza,Race/Ethnicity,"White, NH",0.4
2024-04-27T00:00:00.000,United States,Influenza,Race/Ethnicity,"Multiple/Other, NH",0.5
2024-04-27T00:00:00.000,United States,Influenza,Race/Ethnicity,Hispanic,0.8
2024-04-27T00:00:00.000,United States,Influenza,Age Group,18-49 years,0.5
2024-04-27T00:00:00.000,United States,Influenza,Age Group,5-17 years,1.1
2024-04-27T00:00:00.000,United States,Influenza,Age Group,65+ years,0.3
2024-04-27T00:00:00.000,United States,Influenza,Age Group,<1 year,0.8
2024-04-27T00:00:00.000,United States,Influenza,Age Group,1-4 years,1.2
2024-04-27T00:00:00.000,United States,COVID-19,Sex,Other,0.0
2024-04-27T00:00:00.000,United States,Influenza,Age Group,50-64 years,0.3
2024-04-27T00:00:00.000,United States,Influenza,Sex,Female,0.5
2024-04-27T00:00:00.000,United States,Influenza,Sex,Other,0.0
2024-04-27T00:00:00.000,United States,Influenza,Sex,Invalid,0.0
2024-04-27T00:00:00.000,United States,Influenza,Sex,Male,0.5
2024-04-27T00:00:00.000,United States,Combined,Race/Ethnicity,"Black, NH",1.0
2024-04-27T00:00:00.000,United States,Combined,Race/Ethnicity,"AI/AN, NH",1.2
2024-04-27T00:00:00.000,United States,Combined,Race/Ethnicity,"Asian/NHOPI, NH",1.5
2024-04-27T00:00:00.000,United States,Combined,Race/Ethnicity,"White, NH",0.8
2024-04-27T00:00:00.000,United States,Combined,Race/Ethnicity,"Multiple/Other, NH",0.9
2024-04-27T00:00:00.000,United States,Combined,Race/Ethnicity,Hispanic,1.1
2024-04-27T00:00:00.000,United States,Combined,Age Group,18-49 years,0.7
2024-04-27T00:00:00.000,United States,Combined,Age Group,5-17 years,1.3
2024-04-27T00:00:00.000,United States,Combined,Age Group,65+ years,0.9
2024-04-27T00:00:00.000,United States,Combined,Age Group,<1 year,2.3
2024-04-27T00:00:00.000,United States,Combined,Age Group,1-4 years,1.8
2024-04-27T00:00:00.000,United States,Combined,Age Group,50-64 years,0.7
2024-04-27T00:00:00.000,United States,Combined,Sex,Female,0.9
2024-04-27T00:00:00.000,United States,Combined,Sex,Other,3.2
2024-04-27T00:00:00.000,United States,Combined,Sex,Invalid,0.0
2024-04-27T00:00:00.000,United States,Combined,Sex,Male,0.9
2024-04-27T00:00:00.000,United States,COVID-19,Race/Ethnicity,"Black, NH",0.3
2024-04-27T00:00:00.000,United States,COVID-19,Race/Ethnicity,"AI/AN, NH",0.3
2024-04-27T00:00:00.000,United States,COVID-19,Race/Ethnicity,"Asian/NHOPI, NH",0.6
2024-04-27T00:00:00.000,United States,COVID-19,Race/Ethnicity,"White, NH",0.4
2024-04-27T00:00:00.000,United States,COVID-19,Race/Ethnicity,"Multiple/Other, NH",0.3
2024-04-27T00:00:00.000,United States,COVID-19,Race/Ethnicity,Hispanic,0.3
2024-04-27T00:00:00.000,United States,COVID-19,Age Group,18-49 years,0.2
2024-04-27T00:00:00.000,United States,COVID-19,Age Group,5-17 years,0.2
2024-04-27T00:00:00.000,United States,COVID-19,Age Group,65+ years,0.6
2024-04-27T00:00:00.000,United States,COVID-19,Age Group,<1 year,0.9
2024-04-20T00:00:00.000,United States,COVID-19,Sex,Male,0.4
2024-04-20T00:00:00.000,United States,RSV,Race/Ethnicity,"AI/AN, NH",0.1
2024-04-20T00:00:00.000,United States,RSV,Race/Ethnicity,"Black, NH",0.0
2024-04-20T00:00:00.000,United States,RSV,Race/Ethnicity,"Asian/NHOPI, NH",0.0
2024-04-20T00:00:00.000,United States,RSV,Race/Ethnicity,"White, NH",0.1
2024-04-20T00:00:00.000,United States,RSV,Race/Ethnicity,"Multiple/Other, NH",0.0
2024-04-20T00:00:00.000,United States,RSV,Race/Ethnicity,Hispanic,0.1
2024-04-20T00:00:00.000,United States,RSV,Age Group,18-49 years,0.0
2024-04-20T00:00:00.000,United States,RSV,Age Group,5-17 years,0.0
2024-04-20T00:00:00.000,United States,RSV,Age Group,65+ years,0.0
2024-04-20T00:00:00.000,United States,RSV,Age Group,<1 year,0.6
2024-04-20T00:00:00.000,United States,RSV,Age Group,1-4 years,0.3
2024-04-20T00:00:00.000,United States,RSV,Age Group,50-64 years,0.0
2024-04-20T00:00:00.000,United States,RSV,Sex,Female,0.0
2024-04-20T00:00:00.000,United States,RSV,Sex,Other,0.0
2024-04-20T00:00:00.000,United States,RSV,Sex,Invalid,0.0
2024-04-20T00:00:00.000,United States,RSV,Sex,Male,0.1
2024-04-20T00:00:00.000,United States,Influenza,Race/Ethnicity,"Black, NH",0.7
2024-04-20T00:00:00.000,United States,Influenza,Race/Ethnicity,"AI/AN, NH",1.0
2024-04-20T00:00:00.000,United States,Influenza,Race/Ethnicity,"Asian/NHOPI, NH",1.1
2024-04-20T00:00:00.000,United States,Influenza,Race/Ethnicity,"White, NH",0.5
2024-04-20T00:00:00.000,United States,Influenza,Race/Ethnicity,"Multiple/Other, NH",0.6
2024-04-20T00:00:00.000,United States,Influenza,Race/Ethnicity,Hispanic,0.9
2024-04-20T00:00:00.000,United States,Influenza,Age Group,18-49 years,0.6
2024-04-20T00:00:00.000,United States,Influenza,Age Group,5-17 years,1.4
2024-04-20T00:00:00.000,United States,Influenza,Age Group,65+ years,0.3
2024-04-20T00:00:00.000,United States,Influenza,Age Group,<1 year,1.0
2024-04-20T00:00:00.000,United States,Influenza,Age Group,1-4 years,1.5
2024-04-20T00:00:00.000,United States,Influenza,Age Group,50-64 years,0.4
2024-04-20T00:00:00.000,United States,Influenza,Sex,Female,0.7
2024-04-20T00:00:00.000,United States,Influenza,Sex,Other,0.0
2024-04-20T00:00:00.000,United States,Influenza,Sex,Invalid,0.0
2024-04-20T00:00:00.000,United States,Influenza,Sex,Male,0.6
2024-04-20T00:00:00.000,United States,Combined,Race/Ethnicity,"Black, NH",1.1
2024-04-20T00:00:00.000,United States,Combined,Race/Ethnicity,"AI/AN, NH",1.4
2024-04-20T00:00:00.000,United States,Combined,Race/Ethnicity,"Asian/NHOPI, NH",1.7
2024-04-20T00:00:00.000,United States,Combined,Race/Ethnicity,"White, NH",1.0
2024-04-20T00:00:00.000,United States,Combined,Race/Ethnicity,"Multiple/Other, NH",1.0
2024-04-20T00:00:00.000,United States,Combined,Race/Ethnicity,Hispanic,1.3
2024-04-20T00:00:00.000,United States,Combined,Age Group,18-49 years,0.9
2024-04-20T00:00:00.000,United States,Combined,Age Group,5-17 years,1.6
2024-04-20T00:00:00.000,United States,Combined,Age Group,65+ years,1.0
2024-04-20T00:00:00.000,United States,Combined,Age Group,<1 year,2.6
2024-04-20T00:00:00.000,United States,Combined,Age Group,1-4 years,2.2
2024-04-20T00:00:00.000,United States,Combined,Age Group,50-64 years,0.7
2024-04-20T00:00:00.000,United States,Combined,Sex,Female,1.1
2024-04-20T00:00:00.000,United States,Combined,Sex,Other,0.0
2024-04-20T00:00:00.000,United States,Combined,Sex,Invalid,0.0
2024-04-20T00:00:00.000,United States,Combined,Sex,Male,1.1
2024-04-20T00:00:00.000,United States,COVID-19,Race/Ethnicity,"Black, NH",0.3
2024-04-20T00:00:00.000,United States,COVID-19,Race/Ethnicity,"AI/AN, NH",0.4
2024-04-20T00:00:00.000,United States,COVID-19,Race/Ethnicity,"Asian/NHOPI, NH",0.6
2024-04-20T00:00:00.000,United States,COVID-19,Race/Ethnicity,"White, NH",0.4
2024-04-20T00:00:00.000,United States,COVID-19,Race/Ethnicity,"Multiple/Other, NH",0.3
2024-04-20T00:00:00.000,United States,COVID-19,Race/Ethnicity,Hispanic,0.3
2024-04-20T00:00:00.000,United States,COVID-19,Age Group,18-49 years,0.2
2024-04-20T00:00:00.000,United States,COVID-19,Age Group,5-17 years,0.2
2024-04-20T00:00:00.000,United States,COVID-19,Age Group,65+ years,0.6
2024-04-20T00:00:00.000,United States,COVID-19,Age Group,<1 year,1.0
2024-04-20T00:00:00.000,United States,COVID-19,Age Group,1-4 years,0.4
2024-04-20T00:00:00.000,United States,COVID-19,Age Group,50-64 years,0.3
2024-04-20T00:00:00.000,United States,COVID-19,Sex,Female,0.4
2024-04-20T00:00:00.000,United States,COVID-19,Sex,Other,0.0
2024-04-20T00:00:00.000,United States,COVID-19,Sex,Invalid,0.0
2024-04-13T00:00:00.000,United States,COVID-19,Sex,Female,0.5
2024-04-13T00:00:00.000,United States,RSV,Race/Ethnicity,"Black, NH",0.0
2024-04-13T00:00:00.000,United States,RSV,Race/Ethnicity,"AI/AN, NH",0.1
2024-04-13T00:00:00.000,United States,RSV,Race/Ethnicity,"Asian/NHOPI, NH",0.1
2024-04-13T00:00:00.000,United States,RSV,Race/Ethnicity,"White, NH",0.1
2024-04-13T00:00:00.000,United States,RSV,Race/Ethnicity,"Multiple/Other, NH",0.1
2024-04-13T00:00:00.000,United States,RSV,Race/Ethnicity,Hispanic,0.1
2024-04-13T00:00:00.000,United States,RSV,Age Group,18-49 years,0.0
2024-04-13T00:00:00.000,United States,RSV,Age Group,5-17 years,0.0
2024-04-13T00:00:00.000,United States,RSV,Age Group,65+ years,0.1
2024-04-13T00:00:00.000,United States,RSV,Age Group,<1 year,0.8
2024-04-13T00:00:00.000,United States,RSV,Age Group,1-4 years,0.4
2024-04-13T00:00:00.000,United States,RSV,Age Group,50-64 years,0.0
2024-04-13T00:00:00.000,United States,RSV,Sex,Female,0.1
2024-04-13T00:00:00.000,United States,RSV,Sex,Other,0.0
2024-04-13T00:00:00.000,United States,RSV,Sex,Invalid,0.0
2024-04-13T00:00:00.000,United States,RSV,Sex,Male,0.1
2024-04-13T00:00:00.000,United States,Influenza,Race/Ethnicity,"Black, NH",1.0
2024-04-13T00:00:00.000,United States,Influenza,Race/Ethnicity,"AI/AN, NH",1.1
2024-04-13T00:00:00.000,United States,Influenza,Race/Ethnicity,"Asian/NHOPI, NH",1.2
2024-04-13T00:00:00.000,United States,Influenza,Race/Ethnicity,"White, NH",0.7
2024-04-13T00:00:00.000,United States,Influenza,Race/Ethnicity,"Multiple/Other, NH",0.8
2024-04-13T00:00:00.000,United States,Influenza,Race/Ethnicity,Hispanic,1.1
2024-04-13T00:00:00.000,United States,Influenza,Age Group,18-49 years,0.8
2024-04-13T00:00:00.000,United States,Influenza,Age Group,5-17 years,1.7
2024-04-13T00:00:00.000,United States,Influenza,Age Group,65+ years,0.5
2024-04-13T00:00:00.000,United States,Influenza,Age Group,<1 year,1.4
2024-04-13T00:00:00.000,United States,Influenza,Age Group,1-4 years,2.1
2024-04-13T00:00:00.000,United States,Influenza,Age Group,50-64 years,0.5
2024-04-13T00:00:00.000,United States,Influenza,Sex,Female,0.9
2024-04-13T00:00:00.000,United States,COVID-19,Sex,Other,0.0
2024-04-13T00:00:00.000,United States,Influenza,Sex,Other,0.0
2024-04-13T00:00:00.000,United States,Influenza,Sex,Invalid,0.0
2024-04-13T00:00:00.000,United States,Influenza,Sex,Male,0.9
2024-04-13T00:00:00.000,United States,Combined,Race/Ethnicity,"Black, NH",1.5
2024-04-13T00:00:00.000,United States,Combined,Race/Ethnicity,"AI/AN, NH",1.7
2024-04-13T00:00:00.000,United States,Combined,Race/Ethnicity,"Asian/NHOPI, NH",1.8
2024-04-13T00:00:00.000,United States,Combined,Race/Ethnicity,"White, NH",1.3
2024-04-13T00:00:00.000,United States,Combined,Race/Ethnicity,"Multiple/Other, NH",1.2
2024-04-13T00:00:00.000,United States,Combined,Race/Ethnicity,Hispanic,1.6
2024-04-13T00:00:00.000,United States,Combined,Age Group,18-49 years,1.2
2024-04-13T00:00:00.000,United States,Combined,Age Group,5-17 years,1.9
2024-04-13T00:00:00.000,United States,Combined,Age Group,65+ years,1.3
2024-04-13T00:00:00.000,United States,Combined,Age Group,<1 year,3.3
2024-04-13T00:00:00.000,United States,Combined,Age Group,1-4 years,2.8
2024-04-13T00:00:00.000,United States,Combined,Age Group,50-64 years,0.9
2024-04-13T00:00:00.000,United States,Combined,Sex,Female,1.4
2024-04-13T00:00:00.000,United States,Combined,Sex,Other,0.0
2024-04-13T00:00:00.000,United States,Combined,Sex,Invalid,0.1
2024-04-13T00:00:00.000,United States,Combined,Sex,Male,1.3
2024-04-13T00:00:00.000,United States,COVID-19,Race/Ethnicity,"Black, NH",0.4
2024-04-13T00:00:00.000,United States,COVID-19,Race/Ethnicity,"AI/AN, NH",0.5
2024-04-13T00:00:00.000,United States,COVID-19,Race/Ethnicity,"Asian/NHOPI, NH",0.6
2024-04-13T00:00:00.000,United States,COVID-19,Race/Ethnicity,"White, NH",0.5
2024-04-13T00:00:00.000,United States,COVID-19,Race/Ethnicity,"Multiple/Other, NH",0.4
2024-04-13T00:00:00.000,United States,COVID-19,Race/Ethnicity,Hispanic,0.4
2024-04-13T00:00:00.000,United States,COVID-19,Age Group,18-49 years,0.3
2024-04-13T00:00:00.000,United States,COVID-19,Age Group,5-17 years,0.2
2024-04-13T00:00:00.000,United States,COVID-19,Age Group,65+ years,0.7
2024-04-13T00:00:00.000,United States,COVID-19,Age Group,<1 year,1.2
2024-04-13T00:00:00.000,United States,COVID-19,Age Group,1-4 years,0.4
2024-04-13T00:00:00.000,United States,COVID-19,Sex,Male,0.4
2024-04-13T00:00:00.000,United States,COVID-19,Sex,Invalid,0.1
2024-04-13T00:00:00.000,United States,COVID-19,Age Group,50-64 years,0.4
2024-04-06T00:00:00.000,United States,COVID-19,Sex,Male,0.5
2024-04-06T00:00:00.000,United States,RSV,Race/Ethnicity,"Black, NH",0.1
2024-04-06T00:00:00.000,United States,RSV,Race/Ethnicity,"Asian/NHOPI, NH",0.1
2024-04-06T00:00:00.000,United States,COVID-19,Sex,Invalid,0.0
2024-04-06T00:00:00.000,United States,COVID-19,Sex,Other,0.0
2024-04-06T00:00:00.000,United States,COVID-19,Sex,Female,0.6
2024-04-06T00:00:00.000,United States,COVID-19,Age Group,50-64 years,0.5
2024-04-06T00:00:00.000,United States,COVID-19,Age Group,1-4 years,0.5
2024-04-06T00:00:00.000,United States,COVID-19,Age Group,<1 year,1.4
2024-04-06T00:00:00.000,United States,COVID-19,Age Group,65+ years,0.9
2024-04-06T00:00:00.000,United States,COVID-19,Age Group,5-17 years,0.2
2024-04-06T00:00:00.000,United States,COVID-19,Age Group,18-49 years,0.4
2024-04-06T00:00:00.000,United States,COVID-19,Race/Ethnicity,Hispanic,0.5
2024-04-06T00:00:00.000,United States,COVID-19,Race/Ethnicity,"Multiple/Other, NH",0.4
2024-04-06T00:00:00.000,United States,COVID-19,Race/Ethnicity,"White, NH",0.6
2024-04-06T00:00:00.000,United States,COVID-19,Race/Ethnicity,"Asian/NHOPI, NH",0.6
2024-04-06T00:00:00.000,United States,COVID-19,Race/Ethnicity,"AI/AN, NH",0.5
2024-04-06T00:00:00.000,United States,COVID-19,Race/Ethnicity,"Black, NH",0.5
2024-04-06T00:00:00.000,United States,Combined,Sex,Male,1.7
2024-04-06T00:00:00.000,United States,Combined,Sex,Invalid,0.0
2024-04-06T00:00:00.000,United States,Combined,Sex,Other,0.0
2024-04-06T00:00:00.000,United States,Combined,Sex,Female,1.8
2024-04-06T00:00:00.000,United States,Combined,Age Group,50-64 years,1.2
2024-04-06T00:00:00.000,United States,Combined,Age Group,1-4 years,3.5
2024-04-06T00:00:00.000,United States,Combined,Age Group,<1 year,4.0
2024-04-06T00:00:00.000,United States,Combined,Age Group,65+ years,1.6
2024-04-06T00:00:00.000,United States,Combined,Age Group,5-17 years,2.6
2024-04-06T00:00:00.000,United States,Combined,Age Group,18-49 years,1.5
2024-04-06T00:00:00.000,United States,Combined,Race/Ethnicity,Hispanic,1.9
2024-04-06T00:00:00.000,United States,Combined,Race/Ethnicity,"Multiple/Other, NH",1.6
2024-04-06T00:00:00.000,United States,Combined,Race/Ethnicity,"White, NH",1.7
2024-04-06T00:00:00.000,United States,Combined,Race/Ethnicity,"Asian/NHOPI, NH",2.2
2024-04-06T00:00:00.000,United States,Combined,Race/Ethnicity,"AI/AN, NH",2.1
2024-04-06T00:00:00.000,United States,Combined,Race/Ethnicity,"Black, NH",1.9
2024-04-06T00:00:00.000,United States,Influenza,Sex,Male,1.2
2024-04-06T00:00:00.000,United States,Influenza,Sex,Invalid,0.0
2024-04-06T00:00:00.000,United States,Influenza,Sex,Other,0.0
2024-04-06T00:00:00.000,United States,Influenza,Sex,Female,1.2
2024-04-06T00:00:00.000,United States,Influenza,Age Group,50-64 years,0.7
2024-04-06T00:00:00.000,United States,Influenza,Age Group,1-4 years,2.6
2024-04-06T00:00:00.000,United States,Influenza,Age Group,<1 year,1.7
2024-04-06T00:00:00.000,United States,Influenza,Age Group,65+ years,0.6
2024-04-06T00:00:00.000,United States,Influenza,Age Group,5-17 years,2.4
2024-04-06T00:00:00.000,United States,Influenza,Age Group,18-49 years,1.2
2024-04-06T00:00:00.000,United States,Influenza,Race/Ethnicity,Hispanic,1.4
2024-04-06T00:00:00.000,United States,Influenza,Race/Ethnicity,"Multiple/Other, NH",1.1
2024-04-06T00:00:00.000,United States,Influenza,Race/Ethnicity,"White, NH",1.0
2024-04-06T00:00:00.000,United States,Influenza,Race/Ethnicity,"Asian/NHOPI, NH",1.6
2024-04-06T00:00:00.000,United States,Influenza,Race/Ethnicity,"AI/AN, NH",1.4
2024-04-06T00:00:00.000,United States,Influenza,Race/Ethnicity,"Black, NH",1.4
2024-04-06T00:00:00.000,United States,RSV,Sex,Male,0.1
2024-04-06T00:00:00.000,United States,RSV,Sex,Invalid,0.0
2024-04-06T00:00:00.000,United States,RSV,Sex,Other,0.0
2024-04-06T00:00:00.000,United States,RSV,Sex,Female,0.1
2024-04-06T00:00:00.000,United States,RSV,Age Group,50-64 years,0.0
2024-04-06T00:00:00.000,United States,RSV,Age Group,1-4 years,0.5
2024-04-06T00:00:00.000,United States,RSV,Age Group,<1 year,1.0
2024-04-06T00:00:00.000,United States,RSV,Age Group,65+ years,0.1
2024-04-06T00:00:00.000,United States,RSV,Age Group,5-17 years,0.0
2024-04-06T00:00:00.000,United States,RSV,Age Group,18-49 years,0.0
2024-04-06T00:00:00.000,United States,RSV,Race/Ethnicity,Hispanic,0.1
2024-04-06T00:00:00.000,United States,RSV,Race/Ethnicity,"Multiple/Other, NH",0.1
2024-04-06T00:00:00.000,United States,RSV,Race/Ethnicity,"White, NH",0.1
2024-04-06T00:00:00.000,United States,RSV,Race/Ethnicity,"AI/AN, NH",0.2
2024-03-30T00:00:00.000,United States,Influenza,Sex,Male,1.4
2024-03-30T00:00:00.000,United States,COVID-19,Sex,Male,0.6
2024-03-30T00:00:00.000,United States,COVID-19,Sex,Invalid,0.0
2024-03-30T00:00:00.000,United States,COVID-19,Sex,Other,0.0
2024-03-30T00:00:00.000,United States,COVID-19,Sex,Female,0.6
2024-03-30T00:00:00.000,United States,COVID-19,Age Group,50-64 years,0.6
2024-03-30T00:00:00.000,United States,COVID-19,Age Group,1-4 years,0.5
2024-03-30T00:00:00.000,United States,COVID-19,Age Group,<1 year,1.6
2024-03-30T00:00:00.000,United States,COVID-19,Age Group,65+ years,1.0
2024-03-30T00:00:00.000,United States,COVID-19,Age Group,5-17 years,0.3
2024-03-30T00:00:00.000,United States,COVID-19,Age Group,18-49 years,0.4
2024-03-30T00:00:00.000,United States,COVID-19,Race/Ethnicity,Hispanic,0.5
2024-03-30T00:00:00.000,United States,COVID-19,Race/Ethnicity,"Multiple/Other, NH",0.4
2024-03-30T00:00:00.000,United States,COVID-19,Race/Ethnicity,"White, NH",0.6
2024-03-30T00:00:00.000,United States,COVID-19,Race/Ethnicity,"Asian/NHOPI, NH",0.7
2024-03-30T00:00:00.000,United States,COVID-19,Race/Ethnicity,"AI/AN, NH",0.5
2024-03-30T00:00:00.000,United States,COVID-19,Race/Ethnicity,"Black, NH",0.6
2024-03-30T00:00:00.000,United States,Combined,Sex,Male,2.1
2024-03-30T00:00:00.000,United States,Combined,Sex,Invalid,0.0
2024-03-30T00:00:00.000,United States,Combined,Sex,Other,0.0
2024-03-30T00:00:00.000,United States,Combined,Sex,Female,2.1
2024-03-30T00:00:00.000,United States,Combined,Age Group,50-64 years,1.4
2024-03-30T00:00:00.000,United States,Combined,Age Group,1-4 years,4.2
2024-03-30T00:00:00.000,United States,Combined,Age Group,<1 year,4.8
2024-03-30T00:00:00.000,United States,Combined,Age Group,65+ years,1.8
2024-03-30T00:00:00.000,United States,Combined,Age Group,5-17 years,3.6
2024-03-30T00:00:00.000,United States,Combined,Age Group,18-49 years,1.8
2024-03-30T00:00:00.000,United States,Combined,Race/Ethnicity,Hispanic,2.3
2024-03-30T00:00:00.000,United States,Combined,Race/Ethnicity,"Multiple/Other, NH",1.8
2024-03-30T00:00:00.000,United States,Combined,Race/Ethnicity,"White, NH",2.0
2024-03-30T00:00:00.000,United States,Combined,Race/Ethnicity,"Asian/NHOPI, NH",2.6
2024-03-30T00:00:00.000,United States,Combined,Race/Ethnicity,"AI/AN, NH",2.5
2024-03-30T00:00:00.000,United States,Combined,Race/Ethnicity,"Black, NH",2.3
2024-03-30T00:00:00.000,United States,Influenza,Sex,Invalid,0.0
2024-03-30T00:00:00.000,United States,Influenza,Sex,Other,0.0
2024-03-30T00:00:00.000,United States,Influenza,Sex,Female,1.4
2024-03-30T00:00:00.000,United States,Influenza,Age Group,50-64 years,0.8
2024-03-30T00:00:00.000,United States,Influenza,Age Group,1-4 years,3.2
2024-03-30T00:00:00.000,United States,Influenza,Age Group,<1 year,2.1
2024-03-30T00:00:00.000,United States,Influenza,Age Group,65+ years,0.7
2024-03-30T00:00:00.000,United States,Influenza,Age Group,5-17 years,3.3
2024-03-30T00:00:00.000,United States,Influenza,Age Group,18-49 years,1.4
2024-03-30T00:00:00.000,United States,Influenza,Race/Ethnicity,Hispanic,1.7
2024-03-30T00:00:00.000,United States,Influenza,Race/Ethnicity,"Multiple/Other, NH",1.3
2024-03-30T00:00:00.000,United States,Influenza,Race/Ethnicity,"White, NH",1.3
2024-03-30T00:00:00.000,United States,Influenza,Race/Ethnicity,"Asian/NHOPI, NH",1.8
2024-03-30T00:00:00.000,United States,Influenza,Race/Ethnicity,"AI/AN, NH",1.7
2024-03-30T00:00:00.000,United States,Influenza,Race/Ethnicity,"Black, NH",1.7
2024-03-30T00:00:00.000,United States,RSV,Sex,Male,0.1
2024-03-30T00:00:00.000,United States,RSV,Sex,Invalid,0.0
2024-03-30T00:00:00.000,United States,RSV,Sex,Other,0.0
2024-03-30T00:00:00.000,United States,RSV,Sex,Female,0.1
2024-03-30T00:00:00.000,United States,RSV,Age Group,50-64 years,0.0
2024-03-30T00:00:00.000,United States,RSV,Age Group,1-4 years,0.5
2024-03-30T00:00:00.000,United States,RSV,Age Group,<1 year,1.2
2024-03-30T00:00:00.000,United States,RSV,Age Group,65+ years,0.1
2024-03-30T00:00:00.000,United States,RSV,Age Group,5-17 years,0.0
2024-03-30T00:00:00.000,United States,RSV,Age Group,18-49 years,0.0
2024-03-30T00:00:00.000,United States,RSV,Race/Ethnicity,Hispanic,0.1
2024-03-30T00:00:00.000,United States,RSV,Race/Ethnicity,"Multiple/Other, NH",0.1
2024-03-30T00:00:00.000,United States,RSV,Race/Ethnicity,"White, NH",0.1
2024-03-30T00:00:00.000,United States,RSV,Race/Ethnicity,"Asian/NHOPI, NH",0.1
2024-03-30T00:00:00.000,United States,RSV,Race/Ethnicity,"AI/AN, NH",0.3
2024-03-30T00:00:00.000,United States,RSV,Race/Ethnicity,"Black, NH",0.1
2024-03-23T00:00:00.000,United States,RSV,Race/Ethnicity,"AI/AN, NH",0.3
2024-03-23T00:00:00.000,United States,RSV,Race/Ethnicity,"Black, NH",0.1
2024-03-23T00:00:00.000,United States,RSV,Race/Ethnicity,"Asian/NHOPI, NH",0.1
2024-03-23T00:00:00.000,United States,RSV,Race/Ethnicity,"White, NH",0.1
2024-03-23T00:00:00.000,United States,RSV,Race/Ethnicity,"Multiple/Other, NH",0.1
2024-03-23T00:00:00.000,United States,RSV,Race/Ethnicity,Hispanic,0.1
2024-03-23T00:00:00.000,United States,RSV,Age Group,18-49 years,0.0
2024-03-23T00:00:00.000,United States,RSV,Age Group,5-17 years,0.1
2024-03-23T00:00:00.000,United States,RSV,Age Group,65+ years,0.1
2024-03-23T00:00:00.000,United States,RSV,Age Group,<1 year,1.4
2024-03-23T00:00:00.000,United States,RSV,Age Group,1-4 years,0.6
2024-03-23T00:00:00.000,United States,RSV,Age Group,50-64 years,0.1
2024-03-23T00:00:00.000,United States,RSV,Sex,Female,0.1
2024-03-23T00:00:00.000,United States,RSV,Sex,Other,0.0
2024-03-23T00:00:00.000,United States,RSV,Sex,Invalid,0.0
2024-03-23T00:00:00.000,United States,RSV,Sex,Male,0.1
2024-03-23T00:00:00.000,United States,Influenza,Race/Ethnicity,"Black, NH",1.7
2024-03-23T00:00:00.000,United States,Influenza,Race/Ethnicity,"AI/AN, NH",1.9
2024-03-23T00:00:00.000,United States,Influenza,Race/Ethnicity,"Asian/NHOPI, NH",1.9
2024-03-23T00:00:00.000,United States,Influenza,Race/Ethnicity,"White, NH",1.3
2024-03-23T00:00:00.000,United States,Influenza,Race/Ethnicity,"Multiple/Other, NH",1.4
2024-03-23T00:00:00.000,United States,Influenza,Race/Ethnicity,Hispanic,1.9
2024-03-23T00:00:00.000,United States,Influenza,Age Group,18-49 years,1.4
2024-03-23T00:00:00.000,United States,Influenza,Age Group,5-17 years,3.5
2024-03-23T00:00:00.000,United States,Influenza,Age Group,65+ years,0.7
2024-03-23T00:00:00.000,United States,Influenza,Age Group,<1 year,2.1
2024-03-23T00:00:00.000,United States,Influenza,Age Group,1-4 years,3.4
2024-03-23T00:00:00.000,United States,Influenza,Age Group,50-64 years,0.8
2024-03-23T00:00:00.000,United States,Influenza,Sex,Female,1.5
2024-03-23T00:00:00.000,United States,Influenza,Sex,Other,0.0
2024-03-23T00:00:00.000,United States,Influenza,Sex,Invalid,0.0
2024-03-23T00:00:00.000,United States,Influenza,Sex,Male,1.5
2024-03-23T00:00:00.000,United States,Combined,Race/Ethnicity,"Black, NH",2.4
2024-03-23T00:00:00.000,United States,Combined,Race/Ethnicity,"AI/AN, NH",2.7
2024-03-23T00:00:00.000,United States,Combined,Race/Ethnicity,"Asian/NHOPI, NH",2.7
2024-03-23T00:00:00.000,United States,Combined,Race/Ethnicity,"White, NH",2.1
2024-03-23T00:00:00.000,United States,Combined,Race/Ethnicity,"Multiple/Other, NH",2.0
2024-03-23T00:00:00.000,United States,Combined,Race/Ethnicity,Hispanic,2.6
2024-03-23T00:00:00.000,United States,Combined,Age Group,18-49 years,1.9
2024-03-23T00:00:00.000,United States,Combined,Age Group,5-17 years,3.9
2024-03-23T00:00:00.000,United States,Combined,Age Group,65+ years,1.9
2024-03-23T00:00:00.000,United States,Combined,Age Group,<1 year,5.3
2024-03-23T00:00:00.000,United States,Combined,Age Group,1-4 years,4.6
2024-03-23T00:00:00.000,United States,Combined,Age Group,50-64 years,1.5
2024-03-23T00:00:00.000,United States,Combined,Sex,Female,2.3
2024-03-23T00:00:00.000,United States,Combined,Sex,Other,0.0
2024-03-23T00:00:00.000,United States,Combined,Sex,Invalid,0.0
2024-03-23T00:00:00.000,United States,Combined,Sex,Male,2.2
2024-03-23T00:00:00.000,United States,COVID-19,Race/Ethnicity,"Black, NH",0.6
2024-03-23T00:00:00.000,United States,COVID-19,Race/Ethnicity,"AI/AN, NH",0.6
2024-03-23T00:00:00.000,United States,COVID-19,Race/Ethnicity,"Asian/NHOPI, NH",0.7
2024-03-23T00:00:00.000,United States,COVID-19,Race/Ethnicity,"White, NH",0.7
2024-03-23T00:00:00.000,United States,COVID-19,Race/Ethnicity,"Multiple/Other, NH",0.5
2024-03-23T00:00:00.000,United States,COVID-19,Race/Ethnicity,Hispanic,0.6
2024-03-23T00:00:00.000,United States,COVID-19,Age Group,18-49 years,0.5
2024-03-23T00:00:00.000,United States,COVID-19,Age Group,5-17 years,0.3
2024-03-23T00:00:00.000,United States,COVID-19,Age Group,65+ years,1.1
2024-03-23T00:00:00.000,United States,COVID-19,Age Group,<1 year,1.8
2024-03-23T00:00:00.000,United States,COVID-19,Age Group,1-4 years,0.7
2024-03-23T00:00:00.000,United States,COVID-19,Age Group,50-64 years,0.6
2024-03-23T00:00:00.000,United States,COVID-19,Sex,Female,0.7
2024-03-23T00:00:00.000,United States,COVID-19,Sex,Other,0.0
2024-03-23T00:00:00.000,United States,COVID-19,Sex,Invalid,0.0
2024-03-23T00:00:00.000,United States,COVID-19,Sex,Male,0.6
2024-03-16T00:00:00.000,United States,COVID-19,Sex,Male,0.7
2024-03-16T00:00:00.000,United States,COVID-19,Sex,Other,0.0
2024-03-16T00:00:00.000,United States,COVID-19,Sex,Female,0.8
2024-03-16T00:00:00.000,United States,COVID-19,Age Group,50-64 years,0.7
2024-03-16T00:00:00.000,United States,COVID-19,Age Group,1-4 years,0.7
2024-03-16T00:00:00.000,United States,COVID-19,Age Group,<1 year,2.1
2024-03-16T00:00:00.000,United States,COVID-19,Age Group,65+ years,1.3
2024-03-16T00:00:00.000,United States,COVID-19,Age Group,5-17 years,0.4
2024-03-16T00:00:00.000,United States,COVID-19,Age Group,18-49 years,0.6
2024-03-16T00:00:00.000,United States,COVID-19,Race/Ethnicity,Hispanic,0.7
2024-03-16T00:00:00.000,United States,COVID-19,Race/Ethnicity,"Multiple/Other, NH",0.6
2024-03-16T00:00:00.000,United States,COVID-19,Race/Ethnicity,"White, NH",0.9
2024-03-16T00:00:00.000,United States,COVID-19,Race/Ethnicity,"Asian/NHOPI, NH",0.9
2024-03-16T00:00:00.000,United States,COVID-19,Race/Ethnicity,"AI/AN, NH",0.7
2024-03-16T00:00:00.000,United States,COVID-19,Race/Ethnicity,"Black, NH",0.7
2024-03-16T00:00:00.000,United States,Combined,Sex,Male,2.8
2024-03-16T00:00:00.000,United States,Combined,Sex,Invalid,0.1
2024-03-16T00:00:00.000,United States,Combined,Sex,Other,0.0
2024-03-16T00:00:00.000,United States,Combined,Sex,Female,2.8
2024-03-16T00:00:00.000,United States,Combined,Age Group,50-64 years,1.8
2024-03-16T00:00:00.000,United States,Combined,Age Group,1-4 years,5.8
2024-03-16T00:00:00.000,United States,Combined,Age Group,<1 year,6.3
2024-03-16T00:00:00.000,United States,Combined,Age Group,65+ years,2.2
2024-03-16T00:00:00.000,United States,Combined,Age Group,5-17 years,5.1
2024-03-16T00:00:00.000,United States,Combined,Age Group,18-49 years,2.3
2024-03-16T00:00:00.000,United States,Combined,Race/Ethnicity,Hispanic,3.2
2024-03-16T00:00:00.000,United States,Combined,Race/Ethnicity,"Multiple/Other, NH",2.4
2024-03-16T00:00:00.000,United States,Combined,Race/Ethnicity,"White, NH",2.6
2024-03-16T00:00:00.000,United States,Combined,Race/Ethnicity,"Asian/NHOPI, NH",3.1
2024-03-16T00:00:00.000,United States,Combined,Race/Ethnicity,"AI/AN, NH",3.3
2024-03-16T00:00:00.000,United States,Combined,Race/Ethnicity,"Black, NH",3.0
2024-03-16T00:00:00.000,United States,Influenza,Sex,Male,1.9
2024-03-16T00:00:00.000,United States,Influenza,Sex,Invalid,0.0
2024-03-16T00:00:00.000,United States,Influenza,Sex,Other,0.0
2024-03-16T00:00:00.000,United States,Influenza,Sex,Female,1.9
2024-03-16T00:00:00.000,United States,Influenza,Age Group,50-64 years,1.0
2024-03-16T00:00:00.000,United States,Influenza,Age Group,1-4 years,4.3
2024-03-16T00:00:00.000,United States,Influenza,Age Group,<1 year,2.7
2024-03-16T00:00:00.000,United States,Influenza,Age Group,65+ years,0.9
2024-03-16T00:00:00.000,United States,Influenza,Age Group,5-17 years,4.7
2024-03-16T00:00:00.000,United States,Influenza,Age Group,18-49 years,1.7
2024-03-16T00:00:00.000,United States,Influenza,Race/Ethnicity,Hispanic,2.3
2024-03-16T00:00:00.000,United States,Influenza,Race/Ethnicity,"Multiple/Other, NH",1.7
2024-03-16T00:00:00.000,United States,Influenza,Race/Ethnicity,"White, NH",1.6
2024-03-16T00:00:00.000,United States,Influenza,Race/Ethnicity,"Asian/NHOPI, NH",2.1
2024-03-16T00:00:00.000,United States,Influenza,Race/Ethnicity,"AI/AN, NH",2.4
2024-03-16T00:00:00.000,United States,Influenza,Race/Ethnicity,"Black, NH",2.2
2024-03-16T00:00:00.000,United States,RSV,Sex,Male,0.2
2024-03-16T00:00:00.000,United States,RSV,Sex,Invalid,0.0
2024-03-16T00:00:00.000,United States,RSV,Sex,Other,0.0
2024-03-16T00:00:00.000,United States,RSV,Sex,Female,0.1
2024-03-16T00:00:00.000,United States,RSV,Age Group,50-64 years,0.1
2024-03-16T00:00:00.000,United States,RSV,Age Group,1-4 years,0.8
2024-03-16T00:00:00.000,United States,RSV,Age Group,<1 year,1.6
2024-03-16T00:00:00.000,United States,RSV,Age Group,65+ years,0.1
2024-03-16T00:00:00.000,United States,RSV,Age Group,5-17 years,0.1
2024-03-16T00:00:00.000,United States,RSV,Age Group,18-49 years,0.0
2024-03-16T00:00:00.000,United States,RSV,Race/Ethnicity,Hispanic,0.1
2024-03-16T00:00:00.000,United States,RSV,Race/Ethnicity,"Multiple/Other, NH",0.1
2024-03-16T00:00:00.000,United States,RSV,Race/Ethnicity,"White, NH",0.2
2024-03-16T00:00:00.000,United States,RSV,Race/Ethnicity,"Asian/NHOPI, NH",0.1
2024-03-16T00:00:00.000,United States,RSV,Race/Ethnicity,"AI/AN, NH",0.3
2024-03-16T00:00:00.000,United States,COVID-19,Sex,Invalid,0.0
2024-03-16T00:00:00.000,United States,RSV,Race/Ethnicity,"Black, NH",0.1
2024-03-09T00:00:00.000,United States,COVID-19,Sex,Invalid,0.0
2024-03-09T00:00:00.000,United States,COVID-19,Sex,Male,1.0
2024-03-09T00:00:00.000,United States,RSV,Race/Ethnicity,"Black, NH",0.1
2024-03-09T00:00:00.000,United States,RSV,Race/Ethnicity,"AI/AN, NH",0.4
2024-03-09T00:00:00.000,United States,RSV,Race/Ethnicity,"Asian/NHOPI, NH",0.2
2024-03-09T00:00:00.000,United States,RSV,Race/Ethnicity,"White, NH",0.2
2024-03-09T00:00:00.000,United States,RSV,Race/Ethnicity,"Multiple/Other, NH",0.2
2024-03-09T00:00:00.000,United States,RSV,Race/Ethnicity,Hispanic,0.2
2024-03-09T00:00:00.000,United States,RSV,Age Group,18-49 years,0.0
2024-03-09T00:00:00.000,United States,RSV,Age Group,5-17 years,0.1
2024-03-09T00:00:00.000,United States,RSV,Age Group,65+ years,0.1
2024-03-09T00:00:00.000,United States,RSV,Age Group,<1 year,1.9
2024-03-09T00:00:00.000,United States,RSV,Age Group,1-4 years,0.8
2024-03-09T00:00:00.000,United States,RSV,Age Group,50-64 years,0.1
2024-03-09T00:00:00.000,United States,RSV,Sex,Female,0.2
2024-03-09T00:00:00.000,United States,RSV,Sex,Other,0.0
2024-03-09T00:00:00.000,United States,RSV,Sex,Invalid,0.0
2024-03-09T00:00:00.000,United States,RSV,Sex,Male,0.2
2024-03-09T00:00:00.000,United States,Influenza,Race/Ethnicity,"Black, NH",2.8
2024-03-09T00:00:00.000,United States,Influenza,Race/Ethnicity,"AI/AN, NH",2.5
2024-03-09T00:00:00.000,United States,Influenza,Race/Ethnicity,"Asian/NHOPI, NH",2.6
2024-03-09T00:00:00.000,United States,Influenza,Race/Ethnicity,"White, NH",2.2
2024-03-09T00:00:00.000,United States,Influenza,Race/Ethnicity,"Multiple/Other, NH",2.2
2024-03-09T00:00:00.000,United States,Influenza,Race/Ethnicity,Hispanic,2.9
2024-03-09T00:00:00.000,United States,Influenza,Age Group,18-49 years,2.2
2024-03-09T00:00:00.000,United States,Influenza,Age Group,5-17 years,6.0
2024-03-09T00:00:00.000,United States,Influenza,Age Group,65+ years,1.2
2024-03-09T00:00:00.000,United States,Influenza,Age Group,<1 year,3.3
2024-03-09T00:00:00.000,United States,Influenza,Age Group,1-4 years,5.5
2024-03-09T00:00:00.000,United States,Influenza,Age Group,50-64 years,1.4
2024-03-09T00:00:00.000,United States,Influenza,Sex,Female,2.4
2024-03-09T00:00:00.000,United States,Influenza,Sex,Other,0.0
2024-03-09T00:00:00.000,United States,Influenza,Sex,Invalid,0.1
2024-03-09T00:00:00.000,United States,Influenza,Sex,Male,2.5
2024-03-09T00:00:00.000,United States,Combined,Race/Ethnicity,"Black, NH",3.9
2024-03-09T00:00:00.000,United States,Combined,Race/Ethnicity,"AI/AN, NH",3.8
2024-03-09T00:00:00.000,United States,Combined,Race/Ethnicity,"Asian/NHOPI, NH",3.9
2024-03-09T00:00:00.000,United States,Combined,Race/Ethnicity,"White, NH",3.4
2024-03-09T00:00:00.000,United States,Combined,Race/Ethnicity,"Multiple/Other, NH",3.1
2024-03-09T00:00:00.000,United States,Combined,Race/Ethnicity,Hispanic,3.9
2024-03-09T00:00:00.000,United States,Combined,Age Group,18-49 years,2.9
2024-03-09T00:00:00.000,United States,Combined,Age Group,5-17 years,6.6
2024-03-09T00:00:00.000,United States,Combined,Age Group,65+ years,2.9
2024-03-09T00:00:00.000,United States,Combined,Age Group,<1 year,7.9
2024-03-09T00:00:00.000,United States,Combined,Age Group,1-4 years,7.2
2024-03-09T00:00:00.000,United States,Combined,Age Group,50-64 years,2.4
2024-03-09T00:00:00.000,United States,Combined,Sex,Female,3.6
2024-03-09T00:00:00.000,United States,Combined,Sex,Other,2.4
2024-03-09T00:00:00.000,United States,Combined,Sex,Invalid,0.2
2024-03-09T00:00:00.000,United States,Combined,Sex,Male,3.6
2024-03-09T00:00:00.000,United States,COVID-19,Race/Ethnicity,"Black, NH",1.0
2024-03-09T00:00:00.000,United States,COVID-19,Race/Ethnicity,"AI/AN, NH",0.9
2024-03-09T00:00:00.000,United States,COVID-19,Race/Ethnicity,"Asian/NHOPI, NH",1.1
2024-03-09T00:00:00.000,United States,COVID-19,Race/Ethnicity,"White, NH",1.1
2024-03-09T00:00:00.000,United States,COVID-19,Race/Ethnicity,"Multiple/Other, NH",0.8
2024-03-09T00:00:00.000,United States,COVID-19,Race/Ethnicity,Hispanic,0.8
2024-03-09T00:00:00.000,United States,COVID-19,Age Group,18-49 years,0.7
2024-03-09T00:00:00.000,United States,COVID-19,Age Group,5-17 years,0.5
2024-03-09T00:00:00.000,United States,COVID-19,Age Group,65+ years,1.6
2024-03-09T00:00:00.000,United States,COVID-19,Age Group,<1 year,2.9
2024-03-09T00:00:00.000,United States,COVID-19,Age Group,1-4 years,1.0
2024-03-09T00:00:00.000,United States,COVID-19,Age Group,50-64 years,1.0
2024-03-09T00:00:00.000,United States,COVID-19,Sex,Female,1.1
2024-03-09T00:00:00.000,United States,COVID-19,Sex,Other,2.4
2024-03-02T00:00:00.000,United States,COVID-19,Sex,Invalid,0.1
2024-03-02T00:00:00.000,United States,COVID-19,Sex,Male,1.2
2024-03-02T00:00:00.000,United States,RSV,Race/Ethnicity,"Black, NH",0.1
2024-03-02T00:00:00.000,United States,RSV,Race/Ethnicity,"AI/AN, NH",0.5
2024-03-02T00:00:00.000,United States,RSV,Race/Ethnicity,"Asian/NHOPI, NH",0.2
2024-03-02T00:00:00.000,United States,RSV,Race/Ethnicity,"White, NH",0.2
2024-03-02T00:00:00.000,United States,RSV,Race/Ethnicity,"Multiple/Other, NH",0.2
2024-03-02T00:00:00.000,United States,RSV,Race/Ethnicity,Hispanic,0.2
2024-03-02T00:00:00.000,United States,RSV,Age Group,18-49 years,0.1
2024-03-02T00:00:00.000,United States,RSV,Age Group,5-17 years,0.1
2024-03-02T00:00:00.000,United States,RSV,Age Group,65+ years,0.2
2024-03-02T00:00:00.000,United States,RSV,Age Group,<1 year,2.2
2024-03-02T00:00:00.000,United States,RSV,Age Group,1-4 years,1.0
2024-03-02T00:00:00.000,United States,RSV,Age Group,50-64 years,0.1
2024-03-02T00:00:00.000,United States,RSV,Sex,Female,0.2
2024-03-02T00:00:00.000,United States,RSV,Sex,Other,0.0
2024-03-02T00:00:00.000,United States,RSV,Sex,Invalid,0.0
2024-03-02T00:00:00.000,United States,RSV,Sex,Male,0.2
2024-03-02T00:00:00.000,United States,Influenza,Race/Ethnicity,"Black, NH",3.2
2024-03-02T00:00:00.000,United States,Influenza,Race/Ethnicity,"AI/AN, NH",2.7
2024-03-02T00:00:00.000,United States,Influenza,Race/Ethnicity,"Asian/NHOPI, NH",3.0
2024-03-02T00:00:00.000,United States,Influenza,Race/Ethnicity,"White, NH",2.5
2024-03-02T00:00:00.000,United States,Influenza,Race/Ethnicity,"Multiple/Other, NH",2.5
2024-03-02T00:00:00.000,United States,Influenza,Race/Ethnicity,Hispanic,3.3
2024-03-02T00:00:00.000,United States,Influenza,Age Group,18-49 years,2.6
2024-03-02T00:00:00.000,United States,Influenza,Age Group,5-17 years,6.4
2024-03-02T00:00:00.000,United States,Influenza,Age Group,65+ years,1.4
2024-03-02T00:00:00.000,United States,Influenza,Age Group,<1 year,3.7
2024-03-02T00:00:00.000,United States,Influenza,Age Group,1-4 years,6.2
2024-03-02T00:00:00.000,United States,Influenza,Age Group,50-64 years,1.6
2024-03-02T00:00:00.000,United States,Influenza,Sex,Female,2.8
2024-03-02T00:00:00.000,United States,Influenza,Sex,Other,0.0
2024-03-02T00:00:00.000,United States,Influenza,Sex,Invalid,0.1
2024-03-02T00:00:00.000,United States,Influenza,Sex,Male,2.8
2024-03-02T00:00:00.000,United States,Combined,Race/Ethnicity,"Black, NH",4.6
2024-03-02T00:00:00.000,United States,Combined,Race/Ethnicity,"AI/AN, NH",4.4
2024-03-02T00:00:00.000,United States,Combined,Race/Ethnicity,"Asian/NHOPI, NH",4.5
2024-03-02T00:00:00.000,United States,Combined,Race/Ethnicity,"White, NH",4.1
2024-03-02T00:00:00.000,United States,Combined,Race/Ethnicity,"Multiple/Other, NH",3.7
2024-03-02T00:00:00.000,United States,Combined,Race/Ethnicity,Hispanic,4.5
2024-03-02T00:00:00.000,United States,Combined,Age Group,18-49 years,3.6
2024-03-02T00:00:00.000,United States,Combined,Age Group,5-17 years,7.1
2024-03-02T00:00:00.000,United States,Combined,Age Group,65+ years,3.5
2024-03-02T00:00:00.000,United States,Combined,Age Group,<1 year,9.2
2024-03-02T00:00:00.000,United States,Combined,Age Group,1-4 years,8.2
2024-03-02T00:00:00.000,United States,Combined,Age Group,50-64 years,2.9
2024-03-02T00:00:00.000,United States,Combined,Sex,Female,4.3
2024-03-02T00:00:00.000,United States,Combined,Sex,Other,0.0
2024-03-02T00:00:00.000,United States,Combined,Sex,Invalid,0.2
2024-03-02T00:00:00.000,United States,Combined,Sex,Male,4.2
2024-03-02T00:00:00.000,United States,COVID-19,Race/Ethnicity,"Black, NH",1.4
2024-03-02T00:00:00.000,United States,COVID-19,Race/Ethnicity,"AI/AN, NH",1.3
2024-03-02T00:00:00.000,United States,COVID-19,Race/Ethnicity,"Asian/NHOPI, NH",1.4
2024-03-02T00:00:00.000,United States,COVID-19,Race/Ethnicity,"White, NH",1.4
2024-03-02T00:00:00.000,United States,COVID-19,Race/Ethnicity,"Multiple/Other, NH",1.0
2024-03-02T00:00:00.000,United States,COVID-19,Race/Ethnicity,Hispanic,1.1
2024-03-02T00:00:00.000,United States,COVID-19,Age Group,18-49 years,1.0
2024-03-02T00:00:00.000,United States,COVID-19,Age Group,5-17 years,0.7
2024-03-02T00:00:00.000,United States,COVID-19,Age Group,65+ years,2.0
2024-03-02T00:00:00.000,United States,COVID-19,Age Group,<1 year,3.5
2024-03-02T00:00:00.000,United States,COVID-19,Age Group,1-4 years,1.1
2024-03-02T00:00:00.000,United States,COVID-19,Age Group,50-64 years,1.3
2024-03-02T00:00:00.000,United States,COVID-19,Sex,Female,1.4
2024-03-02T00:00:00.000,United States,COVID-19,Sex,Other,0.0
2024-02-24T00:00:00.000,United States,COVID-19,Sex,Invalid,0.1
2024-02-24T00:00:00.000,United States,RSV,Race/Ethnicity,"Black, NH",0.1
2024-02-24T00:00:00.000,United States,RSV,Race/Ethnicity,"AI/AN, NH",0.6
2024-02-24T00:00:00.000,United States,RSV,Race/Ethnicity,"Asian/NHOPI, NH",0.2
2024-02-24T00:00:00.000,United States,RSV,Race/Ethnicity,"White, NH",0.3
2024-02-24T00:00:00.000,United States,RSV,Race/Ethnicity,"Multiple/Other, NH",0.2
2024-02-24T00:00:00.000,United States,RSV,Race/Ethnicity,Hispanic,0.3
2024-02-24T00:00:00.000,United States,RSV,Age Group,18-49 years,0.1
2024-02-24T00:00:00.000,United States,RSV,Age Group,5-17 years,0.1
2024-02-24T00:00:00.000,United States,RSV,Age Group,65+ years,0.2
2024-02-24T00:00:00.000,United States,RSV,Age Group,<1 year,2.5
2024-02-24T00:00:00.000,United States,RSV,Age Group,1-4 years,1.2
2024-02-24T00:00:00.000,United States,RSV,Age Group,50-64 years,0.1
2024-02-24T00:00:00.000,United States,RSV,Sex,Female,0.2
2024-02-24T00:00:00.000,United States,RSV,Sex,Other,0.0
2024-02-24T00:00:00.000,United States,RSV,Sex,Invalid,0.0
2024-02-24T00:00:00.000,United States,RSV,Sex,Male,0.2
2024-02-24T00:00:00.000,United States,Influenza,Race/Ethnicity,"Black, NH",3.5
2024-02-24T00:00:00.000,United States,Influenza,Race/Ethnicity,"AI/AN, NH",3.1
2024-02-24T00:00:00.000,United States,Influenza,Race/Ethnicity,"Asian/NHOPI, NH",3.0
2024-02-24T00:00:00.000,United States,Influenza,Race/Ethnicity,"White, NH",2.7
2024-02-24T00:00:00.000,United States,Influenza,Race/Ethnicity,"Multiple/Other, NH",2.8
2024-02-24T00:00:00.000,United States,Influenza,Race/Ethnicity,Hispanic,3.6
2024-02-24T00:00:00.000,United States,Influenza,Age Group,18-49 years,2.7
2024-02-24T00:00:00.000,United States,Influenza,Age Group,5-17 years,7.4
2024-02-24T00:00:00.000,United States,Influenza,Age Group,65+ years,1.4
2024-02-24T00:00:00.000,United States,Influenza,Age Group,<1 year,4.0
2024-02-24T00:00:00.000,United States,Influenza,Age Group,1-4 years,6.7
2024-02-24T00:00:00.000,United States,Influenza,Age Group,50-64 years,1.7
2024-02-24T00:00:00.000,United States,Influenza,Sex,Female,3.0
2024-02-24T00:00:00.000,United States,Influenza,Sex,Other,2.6
2024-02-24T00:00:00.000,United States,Influenza,Sex,Invalid,0.0
2024-02-24T00:00:00.000,United States,Influenza,Sex,Male,3.0
2024-02-24T00:00:00.000,United States,Combined,Race/Ethnicity,"Black, NH",5.3
2024-02-24T00:00:00.000,United States,Combined,Race/Ethnicity,"AI/AN, NH",5.0
2024-02-24T00:00:00.000,United States,Combined,Race/Ethnicity,"Asian/NHOPI, NH",4.8
2024-02-24T00:00:00.000,United States,Combined,Race/Ethnicity,"White, NH",4.5
2024-02-24T00:00:00.000,United States,Combined,Race/Ethnicity,"Multiple/Other, NH",4.2
2024-02-24T00:00:00.000,United States,Combined,Race/Ethnicity,Hispanic,5.2
2024-02-24T00:00:00.000,United States,Combined,Age Group,18-49 years,3.9
2024-02-24T00:00:00.000,United States,Combined,Age Group,5-17 years,8.4
2024-02-24T00:00:00.000,United States,Combined,Age Group,65+ years,3.8
2024-02-24T00:00:00.000,United States,Combined,Age Group,<1 year,10.6
2024-02-24T00:00:00.000,United States,Combined,Age Group,1-4 years,9.3
2024-02-24T00:00:00.000,United States,Combined,Age Group,50-64 years,3.2
2024-02-24T00:00:00.000,United States,Combined,Sex,Female,4.8
2024-02-24T00:00:00.000,United States,Combined,Sex,Other,2.6
2024-02-24T00:00:00.000,United States,Combined,Sex,Invalid,0.1
2024-02-24T00:00:00.000,United States,Combined,Sex,Male,4.7
2024-02-24T00:00:00.000,United States,COVID-19,Race/Ethnicity,"Black, NH",1.7
2024-02-24T00:00:00.000,United States,COVID-19,Race/Ethnicity,"AI/AN, NH",1.4
2024-02-24T00:00:00.000,United States,COVID-19,Race/Ethnicity,"Asian/NHOPI, NH",1.6
2024-02-24T00:00:00.000,United States,COVID-19,Race/Ethnicity,"White, NH",1.6
2024-02-24T00:00:00.000,United States,COVID-19,Race/Ethnicity,"Multiple/Other, NH",1.2
2024-02-24T00:00:00.000,United States,COVID-19,Race/Ethnicity,Hispanic,1.4
2024-02-24T00:00:00.000,United States,COVID-19,Age Group,18-49 years,1.2
2024-02-24T00:00:00.000,United States,COVID-19,Age Group,5-17 years,0.9
2024-02-24T00:00:00.000,United States,COVID-19,Age Group,65+ years,2.3
2024-02-24T00:00:00.000,United States,COVID-19,Age Group,<1 year,4.4
2024-02-24T00:00:00.000,United States,COVID-19,Age Group,1-4 years,1.5
2024-02-24T00:00:00.000,United States,COVID-19,Age Group,50-64 years,1.5
2024-02-24T00:00:00.000,United States,COVID-19,Sex,Female,1.7
2024-02-24T00:00:00.000,United States,COVID-19,Sex,Other,0.0
2024-02-24T00:00:00.000,United States,COVID-19,Sex,Male,1.5
2024-02-17T00:00:00.000,United States,Influenza,Age Group,<1 year,4.0
2024-02-17T00:00:00.000,United States,COVID-19,Sex,Male,1.7
2024-02-17T00:00:00.000,United States,COVID-19,Sex,Invalid,0.2
2024-02-17T00:00:00.000,United States,COVID-19,Sex,Other,0.0
2024-02-17T00:00:00.000,United States,COVID-19,Sex,Female,1.9
2024-02-17T00:00:00.000,United States,COVID-19,Age Group,50-64 years,1.6
2024-02-17T00:00:00.000,United States,COVID-19,Age Group,1-4 years,1.7
2024-02-17T00:00:00.000,United States,COVID-19,Age Group,<1 year,5.0
2024-02-17T00:00:00.000,United States,COVID-19,Age Group,65+ years,2.5
2024-02-17T00:00:00.000,United States,COVID-19,Age Group,5-17 years,1.2
2024-02-17T00:00:00.000,United States,COVID-19,Age Group,18-49 years,1.3
2024-02-17T00:00:00.000,United States,COVID-19,Race/Ethnicity,Hispanic,1.7
2024-02-17T00:00:00.000,United States,COVID-19,Race/Ethnicity,"Multiple/Other, NH",1.4
2024-02-17T00:00:00.000,United States,COVID-19,Race/Ethnicity,"White, NH",1.8
2024-02-17T00:00:00.000,United States,COVID-19,Race/Ethnicity,"Asian/NHOPI, NH",1.7
2024-02-17T00:00:00.000,United States,COVID-19,Race/Ethnicity,"AI/AN, NH",1.7
2024-02-17T00:00:00.000,United States,COVID-19,Race/Ethnicity,"Black, NH",2.0
2024-02-17T00:00:00.000,United States,Combined,Sex,Male,4.9
2024-02-17T00:00:00.000,United States,Combined,Sex,Invalid,0.2
2024-02-17T00:00:00.000,United States,Combined,Sex,Other,0.0
2024-02-17T00:00:00.000,United States,Combined,Sex,Female,5.0
2024-02-17T00:00:00.000,United States,Combined,Age Group,50-64 years,3.4
2024-02-17T00:00:00.000,United States,Combined,Age Group,1-4 years,10.0
2024-02-17T00:00:00.000,United States,Combined,Age Group,<1 year,11.8
2024-02-17T00:00:00.000,United States,Combined,Age Group,65+ years,4.0
2024-02-17T00:00:00.000,United States,Combined,Age Group,5-17 years,9.2
2024-02-17T00:00:00.000,United States,Combined,Age Group,18-49 years,4.0
2024-02-17T00:00:00.000,United States,Combined,Race/Ethnicity,Hispanic,5.7
2024-02-17T00:00:00.000,United States,Combined,Race/Ethnicity,"Multiple/Other, NH",4.4
2024-02-17T00:00:00.000,United States,Combined,Race/Ethnicity,"White, NH",4.7
2024-02-17T00:00:00.000,United States,Combined,Race/Ethnicity,"Asian/NHOPI, NH",4.9
2024-02-17T00:00:00.000,United States,Combined,Race/Ethnicity,"AI/AN, NH",5.3
2024-02-17T00:00:00.000,United States,Combined,Race/Ethnicity,"Black, NH",5.5
2024-02-17T00:00:00.000,United States,Influenza,Sex,Male,3.1
2024-02-17T00:00:00.000,United States,Influenza,Sex,Invalid,0.1
2024-02-17T00:00:00.000,United States,Influenza,Sex,Other,0.0
2024-02-17T00:00:00.000,United States,Influenza,Sex,Female,3.0
2024-02-17T00:00:00.000,United States,Influenza,Age Group,50-64 years,1.6
2024-02-17T00:00:00.000,United States,Influenza,Age Group,1-4 years,7.0
2024-02-17T00:00:00.000,United States,Influenza,Age Group,65+ years,1.3
2024-02-17T00:00:00.000,United States,Influenza,Age Group,5-17 years,7.9
2024-02-17T00:00:00.000,United States,Influenza,Age Group,18-49 years,2.6
2024-02-17T00:00:00.000,United States,Influenza,Race/Ethnicity,Hispanic,3.8
2024-02-17T00:00:00.000,United States,Influenza,Race/Ethnicity,"Multiple/Other, NH",2.8
2024-02-17T00:00:00.000,United States,Influenza,Race/Ethnicity,"White, NH",2.7
2024-02-17T00:00:00.000,United States,Influenza,Race/Ethnicity,"Asian/NHOPI, NH",3.0
2024-02-17T00:00:00.000,United States,Influenza,Race/Ethnicity,"AI/AN, NH",3.1
2024-02-17T00:00:00.000,United States,Influenza,Race/Ethnicity,"Black, NH",3.5
2024-02-17T00:00:00.000,United States,RSV,Sex,Male,0.3
2024-02-17T00:00:00.000,United States,RSV,Sex,Invalid,0.0
2024-02-17T00:00:00.000,United States,RSV,Sex,Other,0.0
2024-02-17T00:00:00.000,United States,RSV,Sex,Female,0.2
2024-02-17T00:00:00.000,United States,RSV,Age Group,50-64 years,0.1
2024-02-17T00:00:00.000,United States,RSV,Age Group,1-4 years,1.4
2024-02-17T00:00:00.000,United States,RSV,Age Group,<1 year,3.0
2024-02-17T00:00:00.000,United States,RSV,Age Group,65+ years,0.2
2024-02-17T00:00:00.000,United States,RSV,Age Group,5-17 years,0.2
2024-02-17T00:00:00.000,United States,RSV,Age Group,18-49 years,0.1
2024-02-17T00:00:00.000,United States,RSV,Race/Ethnicity,Hispanic,0.3
2024-02-17T00:00:00.000,United States,RSV,Race/Ethnicity,"Multiple/Other, NH",0.3
2024-02-17T00:00:00.000,United States,RSV,Race/Ethnicity,"White, NH",0.3
2024-02-17T00:00:00.000,United States,RSV,Race/Ethnicity,"Asian/NHOPI, NH",0.3
2024-02-17T00:00:00.000,United States,RSV,Race/Ethnicity,"AI/AN, NH",0.6
2024-02-17T00:00:00.000,United States,RSV,Race/Ethnicity,"Black, NH",0.1
2024-02-10T00:00:00.000,United States,Influenza,Sex,Invalid,0.1
2024-02-10T00:00:00.000,United States,RSV,Race/Ethnicity,"Black, NH",0.2
2024-02-10T00:00:00.000,United States,RSV,Race/Ethnicity,"AI/AN, NH",0.7
2024-02-10T00:00:00.000,United States,RSV,Race/Ethnicity,"Asian/NHOPI, NH",0.3
2024-02-10T00:00:00.000,United States,RSV,Race/Ethnicity,"White, NH",0.3
2024-02-10T00:00:00.000,United States,RSV,Race/Ethnicity,"Multiple/Other, NH",0.3
2024-02-10T00:00:00.000,United States,RSV,Race/Ethnicity,Hispanic,0.3
2024-02-10T00:00:00.000,United States,RSV,Age Group,18-49 years,0.1
2024-02-10T00:00:00.000,United States,RSV,Age Group,5-17 years,0.2
2024-02-10T00:00:00.000,United States,RSV,Age Group,65+ years,0.2
2024-02-10T00:00:00.000,United States,RSV,Age Group,<1 year,3.5
2024-02-10T00:00:00.000,United States,RSV,Age Group,1-4 years,1.6
2024-02-10T00:00:00.000,United States,RSV,Age Group,50-64 years,0.2
2024-02-10T00:00:00.000,United States,RSV,Sex,Female,0.3
2024-02-10T00:00:00.000,United States,RSV,Sex,Other,0.0
2024-02-10T00:00:00.000,United States,RSV,Sex,Invalid,0.0
2024-02-10T00:00:00.000,United States,RSV,Sex,Male,0.3
2024-02-10T00:00:00.000,United States,Influenza,Race/Ethnicity,"Black, NH",3.7
2024-02-10T00:00:00.000,United States,Influenza,Race/Ethnicity,"AI/AN, NH",3.1
2024-02-10T00:00:00.000,United States,Influenza,Race/Ethnicity,"Asian/NHOPI, NH",3.2
2024-02-10T00:00:00.000,United States,Influenza,Race/Ethnicity,"White, NH",2.7
2024-02-10T00:00:00.000,United States,Influenza,Race/Ethnicity,"Multiple/Other, NH",2.9
2024-02-10T00:00:00.000,United States,Influenza,Race/Ethnicity,Hispanic,4.2
2024-02-10T00:00:00.000,United States,Influenza,Age Group,18-49 years,2.7
2024-02-10T00:00:00.000,United States,Influenza,Age Group,5-17 years,8.4
2024-02-10T00:00:00.000,United States,Influenza,Age Group,65+ years,1.4
2024-02-10T00:00:00.000,United States,Influenza,Age Group,<1 year,4.3
2024-02-10T00:00:00.000,United States,Influenza,Age Group,1-4 years,7.3
2024-02-10T00:00:00.000,United States,Influenza,Age Group,50-64 years,1.7
2024-02-10T00:00:00.000,United States,Influenza,Sex,Female,3.2
2024-02-10T00:00:00.000,United States,Influenza,Sex,Other,0.0
2024-02-10T00:00:00.000,United States,Influenza,Sex,Male,3.2
2024-02-10T00:00:00.000,United States,Combined,Race/Ethnicity,"Black, NH",5.9
2024-02-10T00:00:00.000,United States,Combined,Race/Ethnicity,"AI/AN, NH",5.5
2024-02-10T00:00:00.000,United States,Combined,Race/Ethnicity,"Asian/NHOPI, NH",5.3
2024-02-10T00:00:00.000,United States,Combined,Race/Ethnicity,"White, NH",4.9
2024-02-10T00:00:00.000,United States,Combined,Race/Ethnicity,"Multiple/Other, NH",4.7
2024-02-10T00:00:00.000,United States,Combined,Race/Ethnicity,Hispanic,6.5
2024-02-10T00:00:00.000,United States,Combined,Age Group,18-49 years,4.3
2024-02-10T00:00:00.000,United States,Combined,Age Group,5-17 years,9.9
2024-02-10T00:00:00.000,United States,Combined,Age Group,65+ years,4.2
2024-02-10T00:00:00.000,United States,Combined,Age Group,<1 year,13.0
2024-02-10T00:00:00.000,United States,Combined,Age Group,1-4 years,10.7
2024-02-10T00:00:00.000,United States,Combined,Age Group,50-64 years,3.6
2024-02-10T00:00:00.000,United States,Combined,Sex,Female,5.4
2024-02-10T00:00:00.000,United States,Combined,Sex,Other,0.0
2024-02-10T00:00:00.000,United States,Combined,Sex,Invalid,0.3
2024-02-10T00:00:00.000,United States,Combined,Sex,Male,5.3
2024-02-10T00:00:00.000,United States,COVID-19,Race/Ethnicity,"Black, NH",2.1
2024-02-10T00:00:00.000,United States,COVID-19,Race/Ethnicity,"AI/AN, NH",1.9
2024-02-10T00:00:00.000,United States,COVID-19,Race/Ethnicity,"Asian/NHOPI, NH",2.0
2024-02-10T00:00:00.000,United States,COVID-19,Race/Ethnicity,"White, NH",1.9
2024-02-10T00:00:00.000,United States,COVID-19,Race/Ethnicity,"Multiple/Other, NH",1.6
2024-02-10T00:00:00.000,United States,COVID-19,Race/Ethnicity,Hispanic,2.0
2024-02-10T00:00:00.000,United States,COVID-19,Age Group,18-49 years,1.5
2024-02-10T00:00:00.000,United States,COVID-19,Age Group,5-17 years,1.5
2024-02-10T00:00:00.000,United States,COVID-19,Age Group,65+ years,2.6
2024-02-10T00:00:00.000,United States,COVID-19,Age Group,<1 year,5.6
2024-02-10T00:00:00.000,United States,COVID-19,Age Group,1-4 years,1.9
2024-02-10T00:00:00.000,United States,COVID-19,Age Group,50-64 years,1.7
2024-02-10T00:00:00.000,United States,COVID-19,Sex,Female,2.1
2024-02-10T00:00:00.000,United States,COVID-19,Sex,Other,0.0
2024-02-10T00:00:00.000,United States,COVID-19,Sex,Invalid,0.2
2024-02-10T00:00:00.000,United States,COVID-19,Sex,Male,1.8
2024-02-03T00:00:00.000,United States,COVID-19,Sex,Other,2.3
2024-02-03T00:00:00.000,United States,RSV,Race/Ethnicity,"Black, NH",0.2
2024-02-03T00:00:00.000,United States,COVID-19,Sex,Invalid,0.3
2024-02-03T00:00:00.000,United States,RSV,Race/Ethnicity,"AI/AN, NH",1.0
2024-02-03T00:00:00.000,United States,RSV,Race/Ethnicity,"Asian/NHOPI, NH",0.4
2024-02-03T00:00:00.000,United States,RSV,Race/Ethnicity,"White, NH",0.4
2024-02-03T00:00:00.000,United States,RSV,Race/Ethnicity,"Multiple/Other, NH",0.4
2024-02-03T00:00:00.000,United States,RSV,Race/Ethnicity,Hispanic,0.4
2024-02-03T00:00:00.000,United States,RSV,Age Group,18-49 years,0.1
2024-02-03T00:00:00.000,United States,RSV,Age Group,5-17 years,0.2
2024-02-03T00:00:00.000,United States,RSV,Age Group,65+ years,0.3
2024-02-03T00:00:00.000,United States,RSV,Age Group,<1 year,4.1
2024-02-03T00:00:00.000,United States,RSV,Age Group,1-4 years,1.9
2024-02-03T00:00:00.000,United States,RSV,Age Group,50-64 years,0.2
2024-02-03T00:00:00.000,United States,RSV,Sex,Female,0.3
2024-02-03T00:00:00.000,United States,RSV,Sex,Other,0.0
2024-02-03T00:00:00.000,United States,RSV,Sex,Invalid,0.0
2024-02-03T00:00:00.000,United States,RSV,Sex,Male,0.4
2024-02-03T00:00:00.000,United States,Influenza,Race/Ethnicity,"Black, NH",3.8
2024-02-03T00:00:00.000,United States,Influenza,Race/Ethnicity,"AI/AN, NH",3.2
2024-02-03T00:00:00.000,United States,Influenza,Race/Ethnicity,"Asian/NHOPI, NH",3.3
2024-02-03T00:00:00.000,United States,Influenza,Race/Ethnicity,"White, NH",2.7
2024-02-03T00:00:00.000,United States,Influenza,Race/Ethnicity,"Multiple/Other, NH",3.0
2024-02-03T00:00:00.000,United States,Influenza,Race/Ethnicity,Hispanic,4.6
2024-02-03T00:00:00.000,United States,Influenza,Age Group,18-49 years,2.7
2024-02-03T00:00:00.000,United States,Influenza,Age Group,5-17 years,8.5
2024-02-03T00:00:00.000,United States,Influenza,Age Group,65+ years,1.4
2024-02-03T00:00:00.000,United States,Influenza,Age Group,<1 year,4.4
2024-02-03T00:00:00.000,United States,Influenza,Age Group,1-4 years,8.1
2024-02-03T00:00:00.000,United States,Influenza,Age Group,50-64 years,1.8
2024-02-03T00:00:00.000,United States,Influenza,Sex,Female,3.2
2024-02-03T00:00:00.000,United States,Influenza,Sex,Other,0.0
2024-02-03T00:00:00.000,United States,COVID-19,Sex,Male,1.9
2024-02-03T00:00:00.000,United States,Influenza,Sex,Invalid,0.1
2024-02-03T00:00:00.000,United States,Influenza,Sex,Male,3.3
2024-02-03T00:00:00.000,United States,Combined,Race/Ethnicity,"Black, NH",5.9
2024-02-03T00:00:00.000,United States,Combined,Race/Ethnicity,"AI/AN, NH",6.1
2024-02-03T00:00:00.000,United States,Combined,Race/Ethnicity,"Asian/NHOPI, NH",5.8
2024-02-03T00:00:00.000,United States,Combined,Race/Ethnicity,"White, NH",4.9
2024-02-03T00:00:00.000,United States,Combined,Race/Ethnicity,"Multiple/Other, NH",5.0
2024-02-03T00:00:00.000,United States,Combined,Race/Ethnicity,Hispanic,6.9
2024-02-03T00:00:00.000,United States,Combined,Age Group,18-49 years,4.3
2024-02-03T00:00:00.000,United States,Combined,Age Group,5-17 years,10.1
2024-02-03T00:00:00.000,United States,Combined,Age Group,65+ years,4.2
2024-02-03T00:00:00.000,United States,Combined,Age Group,<1 year,14.0
2024-02-03T00:00:00.000,United States,Combined,Age Group,1-4 years,11.8
2024-02-03T00:00:00.000,United States,Combined,Age Group,50-64 years,3.8
2024-02-03T00:00:00.000,United States,Combined,Sex,Female,5.5
2024-02-03T00:00:00.000,United States,Combined,Sex,Other,2.3
2024-02-03T00:00:00.000,United States,Combined,Sex,Invalid,0.4
2024-02-03T00:00:00.000,United States,Combined,Sex,Male,5.5
2024-02-03T00:00:00.000,United States,COVID-19,Race/Ethnicity,"Black, NH",2.1
2024-02-03T00:00:00.000,United States,COVID-19,Race/Ethnicity,"AI/AN, NH",2.1
2024-02-03T00:00:00.000,United States,COVID-19,Race/Ethnicity,"Asian/NHOPI, NH",2.2
2024-02-03T00:00:00.000,United States,COVID-19,Race/Ethnicity,"White, NH",1.9
2024-02-03T00:00:00.000,United States,COVID-19,Race/Ethnicity,"Multiple/Other, NH",1.7
2024-02-03T00:00:00.000,United States,COVID-19,Race/Ethnicity,Hispanic,2.1
2024-02-03T00:00:00.000,United States,COVID-19,Age Group,18-49 years,1.5
2024-02-03T00:00:00.000,United States,COVID-19,Age Group,5-17 years,1.6
2024-02-03T00:00:00.000,United States,COVID-19,Age Group,65+ years,2.6
2024-02-03T00:00:00.000,United States,COVID-19,Age Group,<1 year,5.9
2024-02-03T00:00:00.000,United States,COVID-19,Age Group,1-4 years,2.0
2024-02-03T00:00:00.000,United States,COVID-19,Age Group,50-64 years,1.8
2024-02-03T00:00:00.000,United States,COVID-19,Sex,Female,2.1
2024-01-27T00:00:00.000,United States,COVID-19,Age Group,65+ years,2.9
2024-01-27T00:00:00.000,United States,COVID-19,Sex,Male,2.0
2024-01-27T00:00:00.000,United States,COVID-19,Sex,Invalid,0.1
2024-01-27T00:00:00.000,United States,COVID-19,Sex,Other,0.0
2024-01-27T00:00:00.000,United States,COVID-19,Sex,Female,2.2
2024-01-27T00:00:00.000,United States,COVID-19,Age Group,50-64 years,1.9
2024-01-27T00:00:00.000,United States,COVID-19,Age Group,1-4 years,2.2
2024-01-27T00:00:00.000,United States,COVID-19,Age Group,<1 year,6.1
2024-01-27T00:00:00.000,United States,COVID-19,Age Group,5-17 years,1.5
2024-01-27T00:00:00.000,United States,COVID-19,Age Group,18-49 years,1.6
2024-01-27T00:00:00.000,United States,COVID-19,Race/Ethnicity,Hispanic,2.2
2024-01-27T00:00:00.000,United States,COVID-19,Race/Ethnicity,"Multiple/Other, NH",1.8
2024-01-27T00:00:00.000,United States,COVID-19,Race/Ethnicity,"White, NH",2.1
2024-01-27T00:00:00.000,United States,COVID-19,Race/Ethnicity,"Asian/NHOPI, NH",2.5
2024-01-27T00:00:00.000,United States,COVID-19,Race/Ethnicity,"AI/AN, NH",2.1
2024-01-27T00:00:00.000,United States,COVID-19,Race/Ethnicity,"Black, NH",2.2
2024-01-27T00:00:00.000,United States,Combined,Sex,Male,5.8
2024-01-27T00:00:00.000,United States,Combined,Sex,Invalid,0.3
2024-01-27T00:00:00.000,United States,Combined,Sex,Other,3.4
2024-01-27T00:00:00.000,United States,Combined,Sex,Female,5.7
2024-01-27T00:00:00.000,United States,Combined,Age Group,50-64 years,4.1
2024-01-27T00:00:00.000,United States,Combined,Age Group,1-4 years,12.4
2024-01-27T00:00:00.000,United States,Combined,Age Group,<1 year,15.2
2024-01-27T00:00:00.000,United States,Combined,Age Group,65+ years,4.7
2024-01-27T00:00:00.000,United States,Combined,Age Group,5-17 years,9.7
2024-01-27T00:00:00.000,United States,Combined,Age Group,18-49 years,4.7
2024-01-27T00:00:00.000,United States,Combined,Race/Ethnicity,Hispanic,7.2
2024-01-27T00:00:00.000,United States,Combined,Race/Ethnicity,"Multiple/Other, NH",5.2
2024-01-27T00:00:00.000,United States,Combined,Race/Ethnicity,"White, NH",5.1
2024-01-27T00:00:00.000,United States,Combined,Race/Ethnicity,"Asian/NHOPI, NH",6.2
2024-01-27T00:00:00.000,United States,Combined,Race/Ethnicity,"AI/AN, NH",6.7
2024-01-27T00:00:00.000,United States,Combined,Race/Ethnicity,"Black, NH",6.2
2024-01-27T00:00:00.000,United States,Influenza,Sex,Male,3.5
2024-01-27T00:00:00.000,United States,Influenza,Sex,Invalid,0.1
2024-01-27T00:00:00.000,United States,Influenza,Sex,Other,3.4
2024-01-27T00:00:00.000,United States,Influenza,Sex,Female,3.3
2024-01-27T00:00:00.000,United States,Influenza,Age Group,50-64 years,2.1
2024-01-27T00:00:00.000,United States,Influenza,Age Group,1-4 years,8.3
2024-01-27T00:00:00.000,United States,Influenza,Age Group,<1 year,4.9
2024-01-27T00:00:00.000,United States,Influenza,Age Group,65+ years,1.5
2024-01-27T00:00:00.000,United States,Influenza,Age Group,5-17 years,8.2
2024-01-27T00:00:00.000,United States,Influenza,Age Group,18-49 years,3.0
2024-01-27T00:00:00.000,United States,Influenza,Race/Ethnicity,Hispanic,4.7
2024-01-27T00:00:00.000,United States,Influenza,Race/Ethnicity,"Multiple/Other, NH",3.1
2024-01-27T00:00:00.000,United States,Influenza,Race/Ethnicity,"White, NH",2.7
2024-01-27T00:00:00.000,United States,Influenza,Race/Ethnicity,"Asian/NHOPI, NH",3.4
2024-01-27T00:00:00.000,United States,Influenza,Race/Ethnicity,"AI/AN, NH",3.9
2024-01-27T00:00:00.000,United States,Influenza,Race/Ethnicity,"Black, NH",3.9
2024-01-27T00:00:00.000,United States,RSV,Sex,Male,0.4
2024-01-27T00:00:00.000,United States,RSV,Sex,Invalid,0.0
2024-01-27T00:00:00.000,United States,RSV,Sex,Other,0.0
2024-01-27T00:00:00.000,United States,RSV,Sex,Female,0.4
2024-01-27T00:00:00.000,United States,RSV,Age Group,50-64 years,0.2
2024-01-27T00:00:00.000,United States,RSV,Age Group,1-4 years,2.2
2024-01-27T00:00:00.000,United States,RSV,Age Group,<1 year,4.7
2024-01-27T00:00:00.000,United States,RSV,Age Group,65+ years,0.3
2024-01-27T00:00:00.000,United States,RSV,Age Group,5-17 years,0.2
2024-01-27T00:00:00.000,United States,RSV,Age Group,18-49 years,0.1
2024-01-27T00:00:00.000,United States,RSV,Race/Ethnicity,Hispanic,0.4
2024-01-27T00:00:00.000,United States,RSV,Race/Ethnicity,"Multiple/Other, NH",0.4
2024-01-27T00:00:00.000,United States,RSV,Race/Ethnicity,"White, NH",0.4
2024-01-27T00:00:00.000,United States,RSV,Race/Ethnicity,"Asian/NHOPI, NH",0.4
2024-01-27T00:00:00.000,United States,RSV,Race/Ethnicity,"AI/AN, NH",0.8
2024-01-27T00:00:00.000,United States,RSV,Race/Ethnicity,"Black, NH",0.2
2024-01-20T00:00:00.000,United States,COVID-19,Sex,Male,2.2
2024-01-20T00:00:00.000,United States,COVID-19,Sex,Invalid,0.2
2024-01-20T00:00:00.000,United States,COVID-19,Sex,Other,8.8
2024-01-20T00:00:00.000,United States,COVID-19,Sex,Female,2.4
2024-01-20T00:00:00.000,United States,COVID-19,Age Group,50-64 years,2.1
2024-01-20T00:00:00.000,United States,COVID-19,Age Group,1-4 years,2.2
2024-01-20T00:00:00.000,United States,COVID-19,Age Group,<1 year,6.6
2024-01-20T00:00:00.000,United States,COVID-19,Age Group,65+ years,3.3
2024-01-20T00:00:00.000,United States,COVID-19,Age Group,5-17 years,1.4
2024-01-20T00:00:00.000,United States,COVID-19,Age Group,18-49 years,1.7
2024-01-20T00:00:00.000,United States,COVID-19,Race/Ethnicity,Hispanic,2.2
2024-01-20T00:00:00.000,United States,COVID-19,Race/Ethnicity,"Multiple/Other, NH",2.1
2024-01-20T00:00:00.000,United States,COVID-19,Race/Ethnicity,"White, NH",2.3
2024-01-20T00:00:00.000,United States,COVID-19,Race/Ethnicity,"Asian/NHOPI, NH",2.7
2024-01-20T00:00:00.000,United States,COVID-19,Race/Ethnicity,"AI/AN, NH",2.1
2024-01-20T00:00:00.000,United States,COVID-19,Race/Ethnicity,"Black, NH",2.3
2024-01-20T00:00:00.000,United States,Combined,Sex,Male,5.9
2024-01-20T00:00:00.000,United States,Combined,Sex,Invalid,0.3
2024-01-20T00:00:00.000,United States,Combined,Sex,Other,11.8
2024-01-20T00:00:00.000,United States,Combined,Sex,Female,6.0
2024-01-20T00:00:00.000,United States,Combined,Age Group,50-64 years,4.4
2024-01-20T00:00:00.000,United States,Combined,Age Group,1-4 years,13.2
2024-01-20T00:00:00.000,United States,Combined,Age Group,<1 year,16.9
2024-01-20T00:00:00.000,United States,Combined,Age Group,65+ years,5.2
2024-01-20T00:00:00.000,United States,Combined,Age Group,5-17 years,9.7
2024-01-20T00:00:00.000,United States,Combined,Age Group,18-49 years,4.6
2024-01-20T00:00:00.000,United States,Combined,Race/Ethnicity,Hispanic,7.1
2024-01-20T00:00:00.000,United States,Combined,Race/Ethnicity,"Multiple/Other, NH",5.6
2024-01-20T00:00:00.000,United States,Combined,Race/Ethnicity,"White, NH",5.4
2024-01-20T00:00:00.000,United States,Combined,Race/Ethnicity,"Asian/NHOPI, NH",6.6
2024-01-20T00:00:00.000,United States,Combined,Race/Ethnicity,"AI/AN, NH",6.6
2024-01-20T00:00:00.000,United States,Combined,Race/Ethnicity,"Black, NH",6.3
2024-01-20T00:00:00.000,United States,Influenza,Sex,Male,3.3
2024-01-20T00:00:00.000,United States,Influenza,Sex,Invalid,0.1
2024-01-20T00:00:00.000,United States,Influenza,Sex,Other,0.0
2024-01-20T00:00:00.000,United States,Influenza,Sex,Female,3.3
2024-01-20T00:00:00.000,United States,Influenza,Age Group,50-64 years,2.1
2024-01-20T00:00:00.000,United States,Influenza,Age Group,1-4 years,8.6
2024-01-20T00:00:00.000,United States,Influenza,Age Group,<1 year,5.3
2024-01-20T00:00:00.000,United States,Influenza,Age Group,65+ years,1.6
2024-01-20T00:00:00.000,United States,Influenza,Age Group,5-17 years,8.3
2024-01-20T00:00:00.000,United States,Influenza,Age Group,18-49 years,2.9
2024-01-20T00:00:00.000,United States,Influenza,Race/Ethnicity,Hispanic,4.5
2024-01-20T00:00:00.000,United States,Influenza,Race/Ethnicity,"Multiple/Other, NH",3.1
2024-01-20T00:00:00.000,United States,Influenza,Race/Ethnicity,"White, NH",2.7
2024-01-20T00:00:00.000,United States,Influenza,Race/Ethnicity,"Asian/NHOPI, NH",3.5
2024-01-20T00:00:00.000,United States,Influenza,Race/Ethnicity,"AI/AN, NH",3.7
2024-01-20T00:00:00.000,United States,Influenza,Race/Ethnicity,"Black, NH",3.9
2024-01-20T00:00:00.000,United States,RSV,Sex,Male,0.5
2024-01-20T00:00:00.000,United States,RSV,Sex,Invalid,0.0
2024-01-20T00:00:00.000,United States,RSV,Sex,Other,2.9
2024-01-20T00:00:00.000,United States,RSV,Sex,Female,0.4
2024-01-20T00:00:00.000,United States,RSV,Age Group,50-64 years,0.2
2024-01-20T00:00:00.000,United States,RSV,Age Group,1-4 years,2.7
2024-01-20T00:00:00.000,United States,RSV,Age Group,<1 year,5.5
2024-01-20T00:00:00.000,United States,RSV,Age Group,65+ years,0.4
2024-01-20T00:00:00.000,United States,RSV,Age Group,5-17 years,0.2
2024-01-20T00:00:00.000,United States,RSV,Age Group,18-49 years,0.1
2024-01-20T00:00:00.000,United States,RSV,Race/Ethnicity,Hispanic,0.5
2024-01-20T00:00:00.000,United States,RSV,Race/Ethnicity,"Multiple/Other, NH",0.5
2024-01-20T00:00:00.000,United States,RSV,Race/Ethnicity,"White, NH",0.5
2024-01-20T00:00:00.000,United States,RSV,Race/Ethnicity,"Asian/NHOPI, NH",0.5
2024-01-20T00:00:00.000,United States,RSV,Race/Ethnicity,"AI/AN, NH",1.0
2024-01-20T00:00:00.000,United States,RSV,Race/Ethnicity,"Black, NH",0.2
2024-01-13T00:00:00.000,United States,RSV,Race/Ethnicity,"Black, NH",0.3
2024-01-13T00:00:00.000,United States,COVID-19,Sex,Invalid,0.3
2024-01-13T00:00:00.000,United States,COVID-19,Sex,Other,2.0
2024-01-13T00:00:00.000,United States,COVID-19,Sex,Female,2.8
2024-01-13T00:00:00.000,United States,COVID-19,Age Group,50-64 years,2.5
2024-01-13T00:00:00.000,United States,COVID-19,Age Group,1-4 years,2.3
2024-01-13T00:00:00.000,United States,COVID-19,Age Group,<1 year,6.7
2024-01-13T00:00:00.000,United States,COVID-19,Age Group,65+ years,4.0
2024-01-13T00:00:00.000,United States,COVID-19,Age Group,5-17 years,1.3
2024-01-13T00:00:00.000,United States,COVID-19,Age Group,18-49 years,2.0
2024-01-13T00:00:00.000,United States,COVID-19,Race/Ethnicity,Hispanic,2.4
2024-01-13T00:00:00.000,United States,COVID-19,Race/Ethnicity,"Multiple/Other, NH",2.4
2024-01-13T00:00:00.000,United States,COVID-19,Race/Ethnicity,"White, NH",2.8
2024-01-13T00:00:00.000,United States,COVID-19,Race/Ethnicity,"Asian/NHOPI, NH",3.1
2024-01-13T00:00:00.000,United States,COVID-19,Race/Ethnicity,"AI/AN, NH",2.5
2024-01-13T00:00:00.000,United States,COVID-19,Race/Ethnicity,"Black, NH",2.5
2024-01-13T00:00:00.000,United States,Combined,Sex,Male,6.6
2024-01-13T00:00:00.000,United States,Combined,Sex,Invalid,0.5
2024-01-13T00:00:00.000,United States,Combined,Sex,Other,2.0
2024-01-13T00:00:00.000,United States,Combined,Sex,Female,6.6
2024-01-13T00:00:00.000,United States,Combined,Age Group,50-64 years,5.3
2024-01-13T00:00:00.000,United States,Combined,Age Group,1-4 years,14.1
2024-01-13T00:00:00.000,United States,Combined,Age Group,<1 year,18.2
2024-01-13T00:00:00.000,United States,Combined,Age Group,65+ years,6.3
2024-01-13T00:00:00.000,United States,Combined,Age Group,5-17 years,8.6
2024-01-13T00:00:00.000,United States,Combined,Age Group,18-49 years,5.2
2024-01-13T00:00:00.000,United States,Combined,Race/Ethnicity,Hispanic,7.6
2024-01-13T00:00:00.000,United States,Combined,Race/Ethnicity,"Multiple/Other, NH",6.1
2024-01-13T00:00:00.000,United States,Combined,Race/Ethnicity,"White, NH",6.2
2024-01-13T00:00:00.000,United States,Combined,Race/Ethnicity,"Asian/NHOPI, NH",7.5
2024-01-13T00:00:00.000,United States,Combined,Race/Ethnicity,"AI/AN, NH",7.2
2024-01-13T00:00:00.000,United States,Combined,Race/Ethnicity,"Black, NH",7.0
2024-01-13T00:00:00.000,United States,Influenza,Sex,Male,3.6
2024-01-13T00:00:00.000,United States,Influenza,Sex,Invalid,0.1
2024-01-13T00:00:00.000,United States,Influenza,Sex,Other,0.0
2024-01-13T00:00:00.000,United States,Influenza,Sex,Female,3.4
2024-01-13T00:00:00.000,United States,Influenza,Age Group,50-64 years,2.5
2024-01-13T00:00:00.000,United States,Influenza,Age Group,1-4 years,9.1
2024-01-13T00:00:00.000,United States,Influenza,Age Group,<1 year,5.4
2024-01-13T00:00:00.000,United States,Influenza,Age Group,65+ years,1.9
2024-01-13T00:00:00.000,United States,Influenza,Age Group,5-17 years,7.2
2024-01-13T00:00:00.000,United States,Influenza,Age Group,18-49 years,3.2
2024-01-13T00:00:00.000,United States,Influenza,Race/Ethnicity,Hispanic,4.7
2024-01-13T00:00:00.000,United States,Influenza,Race/Ethnicity,"Multiple/Other, NH",3.2
2024-01-13T00:00:00.000,United States,Influenza,Race/Ethnicity,"White, NH",2.8
2024-01-13T00:00:00.000,United States,Influenza,Race/Ethnicity,"Asian/NHOPI, NH",3.9
2024-01-13T00:00:00.000,United States,Influenza,Race/Ethnicity,"AI/AN, NH",3.9
2024-01-13T00:00:00.000,United States,Influenza,Race/Ethnicity,"Black, NH",4.3
2024-01-13T00:00:00.000,United States,RSV,Sex,Male,0.6
2024-01-13T00:00:00.000,United States,RSV,Sex,Invalid,0.0
2024-01-13T00:00:00.000,United States,RSV,Sex,Other,0.0
2024-01-13T00:00:00.000,United States,RSV,Sex,Female,0.5
2024-01-13T00:00:00.000,United States,RSV,Age Group,50-64 years,0.3
2024-01-13T00:00:00.000,United States,RSV,Age Group,1-4 years,3.2
2024-01-13T00:00:00.000,United States,RSV,Age Group,<1 year,6.8
2024-01-13T00:00:00.000,United States,RSV,Age Group,65+ years,0.5
2024-01-13T00:00:00.000,United States,RSV,Age Group,5-17 years,0.3
2024-01-13T00:00:00.000,United States,RSV,Age Group,18-49 years,0.2
2024-01-13T00:00:00.000,United States,RSV,Race/Ethnicity,Hispanic,0.7
2024-01-13T00:00:00.000,United States,RSV,Race/Ethnicity,"Multiple/Other, NH",0.6
2024-01-13T00:00:00.000,United States,RSV,Race/Ethnicity,"White, NH",0.7
2024-01-13T00:00:00.000,United States,RSV,Race/Ethnicity,"Asian/NHOPI, NH",0.7
2024-01-13T00:00:00.000,United States,RSV,Race/Ethnicity,"AI/AN, NH",0.9
2024-01-13T00:00:00.000,United States,COVID-19,Sex,Male,2.5
2024-01-06T00:00:00.000,United States,RSV,Race/Ethnicity,"Black, NH",0.5
2024-01-06T00:00:00.000,United States,RSV,Race/Ethnicity,"AI/AN, NH",1.3
2024-01-06T00:00:00.000,United States,RSV,Race/Ethnicity,"Asian/NHOPI, NH",0.9
2024-01-06T00:00:00.000,United States,RSV,Race/Ethnicity,"White, NH",0.9
2024-01-06T00:00:00.000,United States,RSV,Race/Ethnicity,"Multiple/Other, NH",0.9
2024-01-06T00:00:00.000,United States,RSV,Race/Ethnicity,Hispanic,1.0
2024-01-06T00:00:00.000,United States,RSV,Age Group,18-49 years,0.2
2024-01-06T00:00:00.000,United States,RSV,Age Group,5-17 years,0.4
2024-01-06T00:00:00.000,United States,RSV,Age Group,65+ years,0.6
2024-01-06T00:00:00.000,United States,RSV,Age Group,<1 year,9.3
2024-01-06T00:00:00.000,United States,RSV,Age Group,1-4 years,4.3
2024-01-06T00:00:00.000,United States,RSV,Age Group,50-64 years,0.4
2024-01-06T00:00:00.000,United States,RSV,Sex,Female,0.8
2024-01-06T00:00:00.000,United States,RSV,Sex,Other,0.0
2024-01-06T00:00:00.000,United States,RSV,Sex,Invalid,0.0
2024-01-06T00:00:00.000,United States,RSV,Sex,Male,0.9
2024-01-06T00:00:00.000,United States,Influenza,Race/Ethnicity,"Black, NH",5.2
2024-01-06T00:00:00.000,United States,Influenza,Race/Ethnicity,"AI/AN, NH",4.9
2024-01-06T00:00:00.000,United States,Influenza,Race/Ethnicity,"Asian/NHOPI, NH",4.9
2024-01-06T00:00:00.000,United States,Influenza,Race/Ethnicity,"White, NH",3.5
2024-01-06T00:00:00.000,United States,Influenza,Race/Ethnicity,"Multiple/Other, NH",3.9
2024-01-06T00:00:00.000,United States,Influenza,Race/Ethnicity,Hispanic,5.8
2024-01-06T00:00:00.000,United States,Influenza,Age Group,18-49 years,4.2
2024-01-06T00:00:00.000,United States,Influenza,Age Group,5-17 years,7.0
2024-01-06T00:00:00.000,United States,Influenza,Age Group,65+ years,2.6
2024-01-06T00:00:00.000,United States,Influenza,Age Group,<1 year,6.6
2024-01-06T00:00:00.000,United States,Influenza,Age Group,1-4 years,10.1
2024-01-06T00:00:00.000,United States,Influenza,Age Group,50-64 years,3.3
2024-01-06T00:00:00.000,United States,Influenza,Sex,Female,4.3
2024-01-06T00:00:00.000,United States,Influenza,Sex,Other,0.0
2024-01-06T00:00:00.000,United States,Influenza,Sex,Invalid,0.2
2024-01-06T00:00:00.000,United States,Influenza,Sex,Male,4.3
2024-01-06T00:00:00.000,United States,Combined,Race/Ethnicity,"Black, NH",8.2
2024-01-06T00:00:00.000,United States,Combined,Race/Ethnicity,"AI/AN, NH",8.7
2024-01-06T00:00:00.000,United States,Combined,Race/Ethnicity,"Asian/NHOPI, NH",9.4
2024-01-06T00:00:00.000,United States,Combined,Race/Ethnicity,"White, NH",7.7
2024-01-06T00:00:00.000,United States,Combined,Race/Ethnicity,"Multiple/Other, NH",7.4
2024-01-06T00:00:00.000,United States,Combined,Race/Ethnicity,Hispanic,9.4
2024-01-06T00:00:00.000,United States,Combined,Age Group,18-49 years,6.6
2024-01-06T00:00:00.000,United States,Combined,Age Group,5-17 years,8.5
2024-01-06T00:00:00.000,United States,Combined,Age Group,65+ years,7.9
2024-01-06T00:00:00.000,United States,Combined,Age Group,<1 year,21.9
2024-01-06T00:00:00.000,United States,Combined,Age Group,1-4 years,16.2
2024-01-06T00:00:00.000,United States,Combined,Age Group,50-64 years,6.6
2024-01-06T00:00:00.000,United States,Combined,Sex,Female,8.2
2024-01-06T00:00:00.000,United States,Combined,Sex,Other,9.1
2024-01-06T00:00:00.000,United States,Combined,Sex,Invalid,0.3
2024-01-06T00:00:00.000,United States,Combined,Sex,Male,8.0
2024-01-06T00:00:00.000,United States,COVID-19,Race/Ethnicity,"Black, NH",2.8
2024-01-06T00:00:00.000,United States,COVID-19,Race/Ethnicity,"AI/AN, NH",2.7
2024-01-06T00:00:00.000,United States,COVID-19,Race/Ethnicity,"Asian/NHOPI, NH",3.8
2024-01-06T00:00:00.000,United States,COVID-19,Race/Ethnicity,"White, NH",3.4
2024-01-06T00:00:00.000,United States,COVID-19,Race/Ethnicity,"Multiple/Other, NH",2.8
2024-01-06T00:00:00.000,United States,COVID-19,Race/Ethnicity,Hispanic,2.8
2024-01-06T00:00:00.000,United States,COVID-19,Age Group,18-49 years,2.4
2024-01-06T00:00:00.000,United States,COVID-19,Age Group,5-17 years,1.2
2024-01-06T00:00:00.000,United States,COVID-19,Age Group,65+ years,4.8
2024-01-06T00:00:00.000,United States,COVID-19,Age Group,<1 year,6.8
2024-01-06T00:00:00.000,United States,COVID-19,Age Group,1-4 years,2.3
2024-01-06T00:00:00.000,United States,COVID-19,Age Group,50-64 years,3.0
2024-01-06T00:00:00.000,United States,COVID-19,Sex,Female,3.3
2024-01-06T00:00:00.000,United States,COVID-19,Sex,Other,9.1
2024-01-06T00:00:00.000,United States,COVID-19,Sex,Invalid,0.2
2024-01-06T00:00:00.000,United States,COVID-19,Sex,Male,2.9
2023-12-30T00:00:00.000,United States,RSV,Race/Ethnicity,"Black, NH",0.6
2023-12-30T00:00:00.000,United States,COVID-19,Sex,Male,3.2
2023-12-30T00:00:00.000,United States,COVID-19,Sex,Invalid,0.1
2023-12-30T00:00:00.000,United States,COVID-19,Sex,Other,4.9
2023-12-30T00:00:00.000,United States,COVID-19,Sex,Female,3.6
2023-12-30T00:00:00.000,United States,COVID-19,Age Group,50-64 years,3.3
2023-12-30T00:00:00.000,United States,COVID-19,Age Group,1-4 years,2.3
2023-12-30T00:00:00.000,United States,COVID-19,Age Group,<1 year,7.2
2023-12-30T00:00:00.000,United States,COVID-19,Age Group,65+ years,5.5
2023-12-30T00:00:00.000,United States,COVID-19,Age Group,5-17 years,1.4
2023-12-30T00:00:00.000,United States,COVID-19,Age Group,18-49 years,2.5
2023-12-30T00:00:00.000,United States,COVID-19,Race/Ethnicity,Hispanic,2.9
2023-12-30T00:00:00.000,United States,COVID-19,Race/Ethnicity,"Multiple/Other, NH",3.0
2023-12-30T00:00:00.000,United States,COVID-19,Race/Ethnicity,"White, NH",3.9
2023-12-30T00:00:00.000,United States,COVID-19,Race/Ethnicity,"Asian/NHOPI, NH",3.8
2023-12-30T00:00:00.000,United States,COVID-19,Race/Ethnicity,"AI/AN, NH",2.8
2023-12-30T00:00:00.000,United States,COVID-19,Race/Ethnicity,"Black, NH",2.9
2023-12-30T00:00:00.000,United States,Combined,Sex,Male,9.9
2023-12-30T00:00:00.000,United States,Combined,Sex,Invalid,0.3
2023-12-30T00:00:00.000,United States,Combined,Sex,Other,9.8
2023-12-30T00:00:00.000,United States,Combined,Sex,Female,10.2
2023-12-30T00:00:00.000,United States,Combined,Age Group,50-64 years,8.0
2023-12-30T00:00:00.000,United States,Combined,Age Group,1-4 years,18.5
2023-12-30T00:00:00.000,United States,Combined,Age Group,<1 year,23.8
2023-12-30T00:00:00.000,United States,Combined,Age Group,65+ years,9.2
2023-12-30T00:00:00.000,United States,Combined,Age Group,5-17 years,14.0
2023-12-30T00:00:00.000,United States,Combined,Age Group,18-49 years,8.0
2023-12-30T00:00:00.000,United States,Combined,Race/Ethnicity,Hispanic,11.3
2023-12-30T00:00:00.000,United States,Combined,Race/Ethnicity,"Multiple/Other, NH",9.1
2023-12-30T00:00:00.000,United States,Combined,Race/Ethnicity,"White, NH",9.5
2023-12-30T00:00:00.000,United States,Combined,Race/Ethnicity,"Asian/NHOPI, NH",10.4
2023-12-30T00:00:00.000,United States,Combined,Race/Ethnicity,"AI/AN, NH",10.5
2023-12-30T00:00:00.000,United States,Combined,Race/Ethnicity,"Black, NH",10.8
2023-12-30T00:00:00.000,United States,Influenza,Sex,Male,5.8
2023-12-30T00:00:00.000,United States,Influenza,Sex,Invalid,0.2
2023-12-30T00:00:00.000,United States,Influenza,Sex,Other,4.9
2023-12-30T00:00:00.000,United States,Influenza,Sex,Female,5.9
2023-12-30T00:00:00.000,United States,Influenza,Age Group,50-64 years,4.4
2023-12-30T00:00:00.000,United States,Influenza,Age Group,1-4 years,12.0
2023-12-30T00:00:00.000,United States,Influenza,Age Group,<1 year,7.9
2023-12-30T00:00:00.000,United States,Influenza,Age Group,65+ years,3.3
2023-12-30T00:00:00.000,United States,Influenza,Age Group,5-17 years,12.3
2023-12-30T00:00:00.000,United States,Influenza,Age Group,18-49 years,5.4
2023-12-30T00:00:00.000,United States,Influenza,Race/Ethnicity,Hispanic,7.6
2023-12-30T00:00:00.000,United States,Influenza,Race/Ethnicity,"Multiple/Other, NH",5.3
2023-12-30T00:00:00.000,United States,Influenza,Race/Ethnicity,"White, NH",4.8
2023-12-30T00:00:00.000,United States,Influenza,Race/Ethnicity,"Asian/NHOPI, NH",5.8
2023-12-30T00:00:00.000,United States,Influenza,Race/Ethnicity,"AI/AN, NH",6.3
2023-12-30T00:00:00.000,United States,Influenza,Race/Ethnicity,"Black, NH",7.6
2023-12-30T00:00:00.000,United States,RSV,Sex,Male,1.1
2023-12-30T00:00:00.000,United States,RSV,Sex,Invalid,0.0
2023-12-30T00:00:00.000,United States,RSV,Sex,Other,0.0
2023-12-30T00:00:00.000,United States,RSV,Sex,Female,0.9
2023-12-30T00:00:00.000,United States,RSV,Age Group,50-64 years,0.4
2023-12-30T00:00:00.000,United States,RSV,Age Group,1-4 years,4.8
2023-12-30T00:00:00.000,United States,RSV,Age Group,<1 year,9.6
2023-12-30T00:00:00.000,United States,RSV,Age Group,65+ years,0.6
2023-12-30T00:00:00.000,United States,RSV,Age Group,5-17 years,0.6
2023-12-30T00:00:00.000,United States,RSV,Age Group,18-49 years,0.2
2023-12-30T00:00:00.000,United States,RSV,Race/Ethnicity,Hispanic,1.1
2023-12-30T00:00:00.000,United States,RSV,Race/Ethnicity,"Multiple/Other, NH",1.0
2023-12-30T00:00:00.000,United States,RSV,Race/Ethnicity,"White, NH",1.0
2023-12-30T00:00:00.000,United States,RSV,Race/Ethnicity,"Asian/NHOPI, NH",1.0
2023-12-30T00:00:00.000,United States,RSV,Race/Ethnicity,"AI/AN, NH",1.5
2023-12-23T00:00:00.000,United States,Influenza,Race/Ethnicity,"Black, NH",7.1
2023-12-23T00:00:00.000,United States,COVID-19,Sex,Male,2.6
2023-12-23T00:00:00.000,United States,COVID-19,Sex,Invalid,0.1
2023-12-23T00:00:00.000,United States,COVID-19,Sex,Other,3.1
2023-12-23T00:00:00.000,United States,COVID-19,Sex,Female,3.0
2023-12-23T00:00:00.000,United States,COVID-19,Age Group,50-64 years,2.7
2023-12-23T00:00:00.000,United States,COVID-19,Age Group,1-4 years,1.9
2023-12-23T00:00:00.000,United States,COVID-19,Age Group,<1 year,6.2
2023-12-23T00:00:00.000,United States,COVID-19,Age Group,65+ years,4.4
2023-12-23T00:00:00.000,United States,COVID-19,Age Group,5-17 years,1.4
2023-12-23T00:00:00.000,United States,COVID-19,Age Group,18-49 years,2.2
2023-12-23T00:00:00.000,United States,COVID-19,Race/Ethnicity,Hispanic,2.3
2023-12-23T00:00:00.000,United States,COVID-19,Race/Ethnicity,"Multiple/Other, NH",2.5
2023-12-23T00:00:00.000,United States,COVID-19,Race/Ethnicity,"White, NH",3.2
2023-12-23T00:00:00.000,United States,COVID-19,Race/Ethnicity,"Asian/NHOPI, NH",2.9
2023-12-23T00:00:00.000,United States,COVID-19,Race/Ethnicity,"AI/AN, NH",2.2
2023-12-23T00:00:00.000,United States,COVID-19,Race/Ethnicity,"Black, NH",2.4
2023-12-23T00:00:00.000,United States,Combined,Sex,Male,8.8
2023-12-23T00:00:00.000,United States,Combined,Sex,Invalid,0.5
2023-12-23T00:00:00.000,United States,Combined,Sex,Other,6.3
2023-12-23T00:00:00.000,United States,Combined,Sex,Female,8.9
2023-12-23T00:00:00.000,United States,Combined,Age Group,50-64 years,6.4
2023-12-23T00:00:00.000,United States,Combined,Age Group,1-4 years,17.1
2023-12-23T00:00:00.000,United States,Combined,Age Group,<1 year,21.9
2023-12-23T00:00:00.000,United States,Combined,Age Group,65+ years,7.1
2023-12-23T00:00:00.000,United States,Combined,Age Group,5-17 years,15.6
2023-12-23T00:00:00.000,United States,Combined,Age Group,18-49 years,6.6
2023-12-23T00:00:00.000,United States,Combined,Race/Ethnicity,Hispanic,10.4
2023-12-23T00:00:00.000,United States,Combined,Race/Ethnicity,"Multiple/Other, NH",8.3
2023-12-23T00:00:00.000,United States,Combined,Race/Ethnicity,"White, NH",8.0
2023-12-23T00:00:00.000,United States,Combined,Race/Ethnicity,"Asian/NHOPI, NH",9.1
2023-12-23T00:00:00.000,United States,Combined,Race/Ethnicity,"AI/AN, NH",9.0
2023-12-23T00:00:00.000,United States,Combined,Race/Ethnicity,"Black, NH",10.0
2023-12-23T00:00:00.000,United States,Influenza,Sex,Male,5.3
2023-12-23T00:00:00.000,United States,Influenza,Sex,Invalid,0.5
2023-12-23T00:00:00.000,United States,Influenza,Sex,Other,0.0
2023-12-23T00:00:00.000,United States,Influenza,Sex,Female,5.2
2023-12-23T00:00:00.000,United States,Influenza,Age Group,50-64 years,3.4
2023-12-23T00:00:00.000,United States,Influenza,Age Group,1-4 years,10.4
2023-12-23T00:00:00.000,United States,Influenza,Age Group,<1 year,6.4
2023-12-23T00:00:00.000,United States,Influenza,Age Group,65+ years,2.3
2023-12-23T00:00:00.000,United States,Influenza,Age Group,5-17 years,13.8
2023-12-23T00:00:00.000,United States,Influenza,Age Group,18-49 years,4.4
2023-12-23T00:00:00.000,United States,Influenza,Race/Ethnicity,Hispanic,7.1
2023-12-23T00:00:00.000,United States,Influenza,Race/Ethnicity,"Multiple/Other, NH",5.0
2023-12-23T00:00:00.000,United States,Influenza,Race/Ethnicity,"White, NH",4.0
2023-12-23T00:00:00.000,United States,Influenza,Race/Ethnicity,"Asian/NHOPI, NH",5.3
2023-12-23T00:00:00.000,United States,Influenza,Race/Ethnicity,"AI/AN, NH",5.7
2023-12-23T00:00:00.000,United States,RSV,Sex,Male,1.1
2023-12-23T00:00:00.000,United States,RSV,Sex,Invalid,0.0
2023-12-23T00:00:00.000,United States,RSV,Sex,Other,3.1
2023-12-23T00:00:00.000,United States,RSV,Sex,Female,0.9
2023-12-23T00:00:00.000,United States,RSV,Age Group,50-64 years,0.3
2023-12-23T00:00:00.000,United States,RSV,Age Group,1-4 years,5.2
2023-12-23T00:00:00.000,United States,RSV,Age Group,<1 year,9.9
2023-12-23T00:00:00.000,United States,RSV,Age Group,65+ years,0.5
2023-12-23T00:00:00.000,United States,RSV,Age Group,5-17 years,0.7
2023-12-23T00:00:00.000,United States,RSV,Age Group,18-49 years,0.2
2023-12-23T00:00:00.000,United States,RSV,Race/Ethnicity,Hispanic,1.2
2023-12-23T00:00:00.000,United States,RSV,Race/Ethnicity,"Multiple/Other, NH",1.1
2023-12-23T00:00:00.000,United States,RSV,Race/Ethnicity,"White, NH",1.0
2023-12-23T00:00:00.000,United States,RSV,Race/Ethnicity,"Asian/NHOPI, NH",1.1
2023-12-23T00:00:00.000,United States,RSV,Race/Ethnicity,"AI/AN, NH",1.2
2023-12-23T00:00:00.000,United States,RSV,Race/Ethnicity,"Black, NH",0.6
2023-12-16T00:00:00.000,United States,COVID-19,Sex,Other,0.0
2023-12-16T00:00:00.000,United States,COVID-19,Sex,Female,2.5
2023-12-16T00:00:00.000,United States,COVID-19,Sex,Male,2.2
2023-12-16T00:00:00.000,United States,COVID-19,Age Group,50-64 years,2.3
2023-12-16T00:00:00.000,United States,COVID-19,Age Group,1-4 years,1.6
2023-12-16T00:00:00.000,United States,COVID-19,Age Group,<1 year,5.3
2023-12-16T00:00:00.000,United States,COVID-19,Age Group,65+ years,3.6
2023-12-16T00:00:00.000,United States,COVID-19,Age Group,5-17 years,1.2
2023-12-16T00:00:00.000,United States,COVID-19,Age Group,18-49 years,1.9
2023-12-16T00:00:00.000,United States,COVID-19,Race/Ethnicity,Hispanic,1.9
2023-12-16T00:00:00.000,United States,COVID-19,Race/Ethnicity,"Multiple/Other, NH",2.0
2023-12-16T00:00:00.000,United States,COVID-19,Race/Ethnicity,"White, NH",2.7
2023-12-16T00:00:00.000,United States,COVID-19,Race/Ethnicity,"Asian/NHOPI, NH",2.5
2023-12-16T00:00:00.000,United States,COVID-19,Race/Ethnicity,"AI/AN, NH",2.1
2023-12-16T00:00:00.000,United States,COVID-19,Race/Ethnicity,"Black, NH",2.0
2023-12-16T00:00:00.000,United States,Combined,Sex,Male,7.0
2023-12-16T00:00:00.000,United States,Combined,Sex,Invalid,0.5
2023-12-16T00:00:00.000,United States,Combined,Sex,Other,2.6
2023-12-16T00:00:00.000,United States,Combined,Sex,Female,6.9
2023-12-16T00:00:00.000,United States,Combined,Age Group,50-64 years,4.8
2023-12-16T00:00:00.000,United States,Combined,Age Group,1-4 years,14.5
2023-12-16T00:00:00.000,United States,Combined,Age Group,<1 year,19.8
2023-12-16T00:00:00.000,United States,Combined,Age Group,65+ years,5.4
2023-12-16T00:00:00.000,United States,Combined,Age Group,5-17 years,12.2
2023-12-16T00:00:00.000,United States,RSV,Race/Ethnicity,"Black, NH",0.7
2023-12-16T00:00:00.000,United States,Combined,Age Group,18-49 years,4.9
2023-12-16T00:00:00.000,United States,Combined,Race/Ethnicity,Hispanic,8.4
2023-12-16T00:00:00.000,United States,Combined,Race/Ethnicity,"Multiple/Other, NH",6.5
2023-12-16T00:00:00.000,United States,Combined,Race/Ethnicity,"White, NH",6.2
2023-12-16T00:00:00.000,United States,Combined,Race/Ethnicity,"Asian/NHOPI, NH",7.4
2023-12-16T00:00:00.000,United States,Combined,Race/Ethnicity,"AI/AN, NH",7.2
2023-12-16T00:00:00.000,United States,Combined,Race/Ethnicity,"Black, NH",7.7
2023-12-16T00:00:00.000,United States,Influenza,Sex,Male,3.8
2023-12-16T00:00:00.000,United States,Influenza,Sex,Invalid,0.4
2023-12-16T00:00:00.000,United States,Influenza,Sex,Other,2.6
2023-12-16T00:00:00.000,United States,Influenza,Sex,Female,3.6
2023-12-16T00:00:00.000,United States,Influenza,Age Group,50-64 years,2.2
2023-12-16T00:00:00.000,United States,Influenza,Age Group,1-4 years,7.6
2023-12-16T00:00:00.000,United States,Influenza,Age Group,<1 year,4.4
2023-12-16T00:00:00.000,United States,Influenza,Age Group,65+ years,1.4
2023-12-16T00:00:00.000,United States,Influenza,Age Group,5-17 years,10.4
2023-12-16T00:00:00.000,United States,Influenza,Age Group,18-49 years,2.9
2023-12-16T00:00:00.000,United States,Influenza,Race/Ethnicity,Hispanic,5.4
2023-12-16T00:00:00.000,United States,Influenza,Race/Ethnicity,"Multiple/Other, NH",3.6
2023-12-16T00:00:00.000,United States,Influenza,Race/Ethnicity,"White, NH",2.6
2023-12-16T00:00:00.000,United States,Influenza,Race/Ethnicity,"Asian/NHOPI, NH",4.0
2023-12-16T00:00:00.000,United States,Influenza,Race/Ethnicity,"AI/AN, NH",4.0
2023-12-16T00:00:00.000,United States,Influenza,Race/Ethnicity,"Black, NH",5.1
2023-12-16T00:00:00.000,United States,RSV,Sex,Male,1.1
2023-12-16T00:00:00.000,United States,RSV,Sex,Invalid,0.1
2023-12-16T00:00:00.000,United States,RSV,Sex,Other,0.0
2023-12-16T00:00:00.000,United States,RSV,Sex,Female,0.9
2023-12-16T00:00:00.000,United States,RSV,Age Group,50-64 years,0.3
2023-12-16T00:00:00.000,United States,RSV,Age Group,1-4 years,5.6
2023-12-16T00:00:00.000,United States,RSV,Age Group,<1 year,10.6
2023-12-16T00:00:00.000,United States,RSV,Age Group,65+ years,0.4
2023-12-16T00:00:00.000,United States,RSV,Age Group,5-17 years,0.7
2023-12-16T00:00:00.000,United States,RSV,Age Group,18-49 years,0.2
2023-12-16T00:00:00.000,United States,RSV,Race/Ethnicity,Hispanic,1.2
2023-12-16T00:00:00.000,United States,RSV,Race/Ethnicity,"Multiple/Other, NH",1.1
2023-12-16T00:00:00.000,United States,RSV,Race/Ethnicity,"White, NH",0.9
2023-12-16T00:00:00.000,United States,RSV,Race/Ethnicity,"Asian/NHOPI, NH",1.1
2023-12-16T00:00:00.000,United States,RSV,Race/Ethnicity,"AI/AN, NH",1.3
2023-12-16T00:00:00.000,United States,COVID-19,Sex,Invalid,0.1
2023-12-09T00:00:00.000,United States,RSV,Race/Ethnicity,"Asian/NHOPI, NH",1.0
2023-12-09T00:00:00.000,United States,RSV,Race/Ethnicity,"Black, NH",0.8
2023-12-09T00:00:00.000,United States,COVID-19,Sex,Invalid,0.2
2023-12-09T00:00:00.000,United States,COVID-19,Sex,Other,4.2
2023-12-09T00:00:00.000,United States,COVID-19,Sex,Female,2.2
2023-12-09T00:00:00.000,United States,COVID-19,Age Group,50-64 years,2.1
2023-12-09T00:00:00.000,United States,COVID-19,Age Group,1-4 years,1.6
2023-12-09T00:00:00.000,United States,COVID-19,Age Group,<1 year,4.7
2023-12-09T00:00:00.000,United States,COVID-19,Age Group,65+ years,3.3
2023-12-09T00:00:00.000,United States,COVID-19,Age Group,5-17 years,1.0
2023-12-09T00:00:00.000,United States,COVID-19,Age Group,18-49 years,1.6
2023-12-09T00:00:00.000,United States,COVID-19,Race/Ethnicity,Hispanic,1.7
2023-12-09T00:00:00.000,United States,COVID-19,Race/Ethnicity,"Multiple/Other, NH",1.8
2023-12-09T00:00:00.000,United States,COVID-19,Race/Ethnicity,"White, NH",2.4
2023-12-09T00:00:00.000,United States,COVID-19,Race/Ethnicity,"Asian/NHOPI, NH",2.3
2023-12-09T00:00:00.000,United States,COVID-19,Race/Ethnicity,"AI/AN, NH",2.0
2023-12-09T00:00:00.000,United States,COVID-19,Race/Ethnicity,"Black, NH",1.7
2023-12-09T00:00:00.000,United States,Combined,Sex,Male,5.6
2023-12-09T00:00:00.000,United States,Combined,Sex,Invalid,0.4
2023-12-09T00:00:00.000,United States,Combined,Sex,Other,6.3
2023-12-09T00:00:00.000,United States,Combined,Sex,Female,5.5
2023-12-09T00:00:00.000,United States,Combined,Age Group,50-64 years,3.9
2023-12-09T00:00:00.000,United States,Combined,Age Group,1-4 years,12.7
2023-12-09T00:00:00.000,United States,Combined,Age Group,<1 year,18.0
2023-12-09T00:00:00.000,United States,Combined,Age Group,65+ years,4.7
2023-12-09T00:00:00.000,United States,Combined,Age Group,5-17 years,8.7
2023-12-09T00:00:00.000,United States,Combined,Age Group,18-49 years,3.8
2023-12-09T00:00:00.000,United States,Combined,Race/Ethnicity,Hispanic,6.7
2023-12-09T00:00:00.000,United States,Combined,Race/Ethnicity,"Multiple/Other, NH",5.2
2023-12-09T00:00:00.000,United States,Combined,Race/Ethnicity,"White, NH",5.0
2023-12-09T00:00:00.000,United States,Combined,Race/Ethnicity,"Asian/NHOPI, NH",6.0
2023-12-09T00:00:00.000,United States,Combined,Race/Ethnicity,"AI/AN, NH",5.3
2023-12-09T00:00:00.000,United States,Combined,Race/Ethnicity,"Black, NH",6.0
2023-12-09T00:00:00.000,United States,Influenza,Sex,Male,2.6
2023-12-09T00:00:00.000,United States,Influenza,Sex,Invalid,0.2
2023-12-09T00:00:00.000,United States,Influenza,Sex,Other,2.1
2023-12-09T00:00:00.000,United States,Influenza,Sex,Female,2.5
2023-12-09T00:00:00.000,United States,Influenza,Age Group,50-64 years,1.6
2023-12-09T00:00:00.000,United States,Influenza,Age Group,1-4 years,5.6
2023-12-09T00:00:00.000,United States,Influenza,Age Group,<1 year,3.1
2023-12-09T00:00:00.000,United States,Influenza,Age Group,65+ years,1.0
2023-12-09T00:00:00.000,United States,Influenza,Age Group,5-17 years,7.2
2023-12-09T00:00:00.000,United States,Influenza,Age Group,18-49 years,2.0
2023-12-09T00:00:00.000,United States,Influenza,Race/Ethnicity,Hispanic,3.9
2023-12-09T00:00:00.000,United States,Influenza,Race/Ethnicity,"Multiple/Other, NH",2.4
2023-12-09T00:00:00.000,United States,Influenza,Race/Ethnicity,"White, NH",1.8
2023-12-09T00:00:00.000,United States,Influenza,Race/Ethnicity,"Asian/NHOPI, NH",2.8
2023-12-09T00:00:00.000,United States,Influenza,Race/Ethnicity,"AI/AN, NH",2.4
2023-12-09T00:00:00.000,United States,Influenza,Race/Ethnicity,"Black, NH",3.6
2023-12-09T00:00:00.000,United States,RSV,Sex,Male,1.1
2023-12-09T00:00:00.000,United States,RSV,Sex,Invalid,0.0
2023-12-09T00:00:00.000,United States,RSV,Sex,Other,0.0
2023-12-09T00:00:00.000,United States,RSV,Sex,Female,0.8
2023-12-09T00:00:00.000,United States,RSV,Age Group,50-64 years,0.3
2023-12-09T00:00:00.000,United States,RSV,Age Group,1-4 years,5.7
2023-12-09T00:00:00.000,United States,RSV,Age Group,<1 year,10.7
2023-12-09T00:00:00.000,United States,COVID-19,Sex,Male,2.0
2023-12-09T00:00:00.000,United States,RSV,Age Group,65+ years,0.4
2023-12-09T00:00:00.000,United States,RSV,Age Group,5-17 years,0.6
2023-12-09T00:00:00.000,United States,RSV,Age Group,18-49 years,0.2
2023-12-09T00:00:00.000,United States,RSV,Race/Ethnicity,Hispanic,1.2
2023-12-09T00:00:00.000,United States,RSV,Race/Ethnicity,"Multiple/Other, NH",1.0
2023-12-09T00:00:00.000,United States,RSV,Race/Ethnicity,"White, NH",0.9
2023-12-09T00:00:00.000,United States,RSV,Race/Ethnicity,"AI/AN, NH",0.9
2023-12-02T00:00:00.000,United States,COVID-19,Race/Ethnicity,"Multiple/Other, NH",1.6
2023-12-02T00:00:00.000,United States,COVID-19,Sex,Invalid,0.0
2023-12-02T00:00:00.000,United States,COVID-19,Sex,Male,1.9
2023-12-02T00:00:00.000,United States,RSV,Race/Ethnicity,"Black, NH",0.9
2023-12-02T00:00:00.000,United States,RSV,Race/Ethnicity,"AI/AN, NH",0.9
2023-12-02T00:00:00.000,United States,RSV,Race/Ethnicity,"Asian/NHOPI, NH",1.1
2023-12-02T00:00:00.000,United States,RSV,Race/Ethnicity,"White, NH",0.8
2023-12-02T00:00:00.000,United States,RSV,Race/Ethnicity,"Multiple/Other, NH",1.1
2023-12-02T00:00:00.000,United States,RSV,Race/Ethnicity,Hispanic,1.4
2023-12-02T00:00:00.000,United States,RSV,Age Group,18-49 years,0.2
2023-12-02T00:00:00.000,United States,RSV,Age Group,5-17 years,0.5
2023-12-02T00:00:00.000,United States,RSV,Age Group,65+ years,0.3
2023-12-02T00:00:00.000,United States,RSV,Age Group,<1 year,11.7
2023-12-02T00:00:00.000,United States,RSV,Age Group,1-4 years,6.0
2023-12-02T00:00:00.000,United States,RSV,Age Group,50-64 years,0.2
2023-12-02T00:00:00.000,United States,RSV,Sex,Female,0.9
2023-12-02T00:00:00.000,United States,RSV,Sex,Other,0.0
2023-12-02T00:00:00.000,United States,RSV,Sex,Invalid,0.0
2023-12-02T00:00:00.000,United States,RSV,Sex,Male,1.1
2023-12-02T00:00:00.000,United States,Influenza,Race/Ethnicity,"Black, NH",2.7
2023-12-02T00:00:00.000,United States,Influenza,Race/Ethnicity,"AI/AN, NH",1.7
2023-12-02T00:00:00.000,United States,Influenza,Race/Ethnicity,"Asian/NHOPI, NH",2.1
2023-12-02T00:00:00.000,United States,Influenza,Race/Ethnicity,"White, NH",1.3
2023-12-02T00:00:00.000,United States,Influenza,Race/Ethnicity,"Multiple/Other, NH",1.8
2023-12-02T00:00:00.000,United States,Influenza,Race/Ethnicity,Hispanic,2.9
2023-12-02T00:00:00.000,United States,Influenza,Age Group,18-49 years,1.8
2023-12-02T00:00:00.000,United States,Influenza,Age Group,5-17 years,4.2
2023-12-02T00:00:00.000,United States,Influenza,Age Group,65+ years,0.8
2023-12-02T00:00:00.000,United States,Influenza,Age Group,<1 year,2.5
2023-12-02T00:00:00.000,United States,Influenza,Age Group,1-4 years,4.3
2023-12-02T00:00:00.000,United States,Influenza,Age Group,50-64 years,1.2
2023-12-02T00:00:00.000,United States,Influenza,Sex,Female,1.9
2023-12-02T00:00:00.000,United States,Influenza,Sex,Other,0.0
2023-12-02T00:00:00.000,United States,Influenza,Sex,Invalid,0.1
2023-12-02T00:00:00.000,United States,Influenza,Sex,Male,1.9
2023-12-02T00:00:00.000,United States,Combined,Race/Ethnicity,"Black, NH",5.1
2023-12-02T00:00:00.000,United States,Combined,Race/Ethnicity,"AI/AN, NH",4.5
2023-12-02T00:00:00.000,United States,Combined,Race/Ethnicity,"Asian/NHOPI, NH",5.3
2023-12-02T00:00:00.000,United States,Combined,Race/Ethnicity,"White, NH",4.5
2023-12-02T00:00:00.000,United States,Combined,Race/Ethnicity,"Multiple/Other, NH",4.4
2023-12-02T00:00:00.000,United States,Combined,Race/Ethnicity,Hispanic,5.8
2023-12-02T00:00:00.000,United States,Combined,Age Group,18-49 years,3.5
2023-12-02T00:00:00.000,United States,Combined,Age Group,5-17 years,5.5
2023-12-02T00:00:00.000,United States,Combined,Age Group,65+ years,4.3
2023-12-02T00:00:00.000,United States,Combined,Age Group,<1 year,18.4
2023-12-02T00:00:00.000,United States,Combined,Age Group,1-4 years,11.5
2023-12-02T00:00:00.000,United States,Combined,Age Group,50-64 years,3.3
2023-12-02T00:00:00.000,United States,Combined,Sex,Female,4.8
2023-12-02T00:00:00.000,United States,Combined,Sex,Other,0.0
2023-12-02T00:00:00.000,United States,Combined,Sex,Invalid,0.2
2023-12-02T00:00:00.000,United States,Combined,Sex,Male,4.9
2023-12-02T00:00:00.000,United States,COVID-19,Race/Ethnicity,"Black, NH",1.7
2023-12-02T00:00:00.000,United States,COVID-19,Race/Ethnicity,"AI/AN, NH",2.0
2023-12-02T00:00:00.000,United States,COVID-19,Race/Ethnicity,"Asian/NHOPI, NH",2.2
2023-12-02T00:00:00.000,United States,COVID-19,Race/Ethnicity,"White, NH",2.4
2023-12-02T00:00:00.000,United States,COVID-19,Race/Ethnicity,Hispanic,1.7
2023-12-02T00:00:00.000,United States,COVID-19,Age Group,18-49 years,1.6
2023-12-02T00:00:00.000,United States,COVID-19,Age Group,5-17 years,0.8
2023-12-02T00:00:00.000,United States,COVID-19,Age Group,65+ years,3.2
2023-12-02T00:00:00.000,United States,COVID-19,Age Group,<1 year,4.6
2023-12-02T00:00:00.000,United States,COVID-19,Age Group,1-4 years,1.4
2023-12-02T00:00:00.000,United States,COVID-19,Age Group,50-64 years,1.9
2023-12-02T00:00:00.000,United States,COVID-19,Sex,Female,2.2
2023-12-02T00:00:00.000,United States,COVID-19,Sex,Other,0.0
2023-11-25T00:00:00.000,United States,RSV,Race/Ethnicity,"Asian/NHOPI, NH",1.2
2023-11-25T00:00:00.000,United States,RSV,Race/Ethnicity,"White, NH",0.8
2023-11-25T00:00:00.000,United States,RSV,Race/Ethnicity,"Multiple/Other, NH",1.1
2023-11-25T00:00:00.000,United States,RSV,Race/Ethnicity,Hispanic,1.5
2023-11-25T00:00:00.000,United States,RSV,Age Group,18-49 years,0.1
2023-11-25T00:00:00.000,United States,RSV,Age Group,5-17 years,0.7
2023-11-25T00:00:00.000,United States,RSV,Age Group,65+ years,0.3
2023-11-25T00:00:00.000,United States,RSV,Age Group,<1 year,11.8
2023-11-25T00:00:00.000,United States,RSV,Age Group,1-4 years,6.2
2023-11-25T00:00:00.000,United States,RSV,Age Group,50-64 years,0.2
2023-11-25T00:00:00.000,United States,RSV,Sex,Female,0.9
2023-11-25T00:00:00.000,United States,RSV,Sex,Other,0.0
2023-11-25T00:00:00.000,United States,RSV,Sex,Invalid,0.1
2023-11-25T00:00:00.000,United States,RSV,Sex,Male,1.1
2023-11-25T00:00:00.000,United States,Influenza,Race/Ethnicity,"Black, NH",2.5
2023-11-25T00:00:00.000,United States,Influenza,Race/Ethnicity,"AI/AN, NH",1.6
2023-11-25T00:00:00.000,United States,Influenza,Race/Ethnicity,"Asian/NHOPI, NH",2.0
2023-11-25T00:00:00.000,United States,Influenza,Race/Ethnicity,"White, NH",1.1
2023-11-25T00:00:00.000,United States,Influenza,Race/Ethnicity,"Multiple/Other, NH",1.6
2023-11-25T00:00:00.000,United States,Influenza,Race/Ethnicity,Hispanic,2.7
2023-11-25T00:00:00.000,United States,Influenza,Age Group,18-49 years,1.4
2023-11-25T00:00:00.000,United States,Influenza,Age Group,5-17 years,5.3
2023-11-25T00:00:00.000,United States,Influenza,Age Group,65+ years,0.6
2023-11-25T00:00:00.000,United States,Influenza,Age Group,<1 year,2.2
2023-11-25T00:00:00.000,United States,Influenza,Age Group,1-4 years,3.8
2023-11-25T00:00:00.000,United States,Influenza,Age Group,50-64 years,1.0
2023-11-25T00:00:00.000,United States,Influenza,Sex,Female,1.7
2023-11-25T00:00:00.000,United States,Influenza,Sex,Other,0.0
2023-11-25T00:00:00.000,United States,Influenza,Sex,Invalid,0.5
2023-11-25T00:00:00.000,United States,Influenza,Sex,Male,1.7
2023-11-25T00:00:00.000,United States,Combined,Race/Ethnicity,"Black, NH",4.9
2023-11-25T00:00:00.000,United States,Combined,Race/Ethnicity,"AI/AN, NH",4.4
2023-11-25T00:00:00.000,United States,Combined,Race/Ethnicity,"Asian/NHOPI, NH",5.1
2023-11-25T00:00:00.000,United States,Combined,Race/Ethnicity,"White, NH",4.2
2023-11-25T00:00:00.000,United States,Combined,Race/Ethnicity,"Multiple/Other, NH",4.2
2023-11-25T00:00:00.000,United States,Combined,Race/Ethnicity,Hispanic,5.7
2023-11-25T00:00:00.000,United States,Combined,Age Group,18-49 years,2.9
2023-11-25T00:00:00.000,United States,Combined,Age Group,5-17 years,6.7
2023-11-25T00:00:00.000,United States,Combined,Age Group,65+ years,4.0
2023-11-25T00:00:00.000,United States,Combined,Age Group,<1 year,17.6
2023-11-25T00:00:00.000,United States,Combined,Age Group,1-4 years,11.0
2023-11-25T00:00:00.000,United States,Combined,Age Group,50-64 years,3.0
2023-11-25T00:00:00.000,United States,Combined,Sex,Female,4.5
2023-11-25T00:00:00.000,United States,Combined,Sex,Other,0.0
2023-11-25T00:00:00.000,United States,Combined,Sex,Invalid,0.6
2023-11-25T00:00:00.000,United States,Combined,Sex,Male,4.6
2023-11-25T00:00:00.000,United States,COVID-19,Race/Ethnicity,"Black, NH",1.5
2023-11-25T00:00:00.000,United States,COVID-19,Race/Ethnicity,"AI/AN, NH",2.1
2023-11-25T00:00:00.000,United States,COVID-19,Race/Ethnicity,"Asian/NHOPI, NH",2.0
2023-11-25T00:00:00.000,United States,COVID-19,Race/Ethnicity,"White, NH",2.2
2023-11-25T00:00:00.000,United States,COVID-19,Race/Ethnicity,"Multiple/Other, NH",1.5
2023-11-25T00:00:00.000,United States,COVID-19,Race/Ethnicity,Hispanic,1.5
2023-11-25T00:00:00.000,United States,COVID-19,Age Group,18-49 years,1.4
2023-11-25T00:00:00.000,United States,COVID-19,Age Group,5-17 years,0.7
2023-11-25T00:00:00.000,United States,COVID-19,Age Group,65+ years,3.1
2023-11-25T00:00:00.000,United States,COVID-19,Age Group,<1 year,4.0
2023-11-25T00:00:00.000,United States,COVID-19,Age Group,1-4 years,1.2
2023-11-25T00:00:00.000,United States,COVID-19,Age Group,50-64 years,1.8
2023-11-25T00:00:00.000,United States,COVID-19,Sex,Female,2.0
2023-11-25T00:00:00.000,United States,COVID-19,Sex,Other,0.0
2023-11-25T00:00:00.000,United States,COVID-19,Sex,Invalid,0.1
2023-11-25T00:00:00.000,United States,COVID-19,Sex,Male,1.8
2023-11-25T00:00:00.000,United States,RSV,Race/Ethnicity,"Black, NH",1.0
2023-11-25T00:00:00.000,United States,RSV,Race/Ethnicity,"AI/AN, NH",0.8
2023-11-18T00:00:00.000,United States,Combined,Sex,Male,3.9
2023-11-18T00:00:00.000,United States,RSV,Race/Ethnicity,"Black, NH",0.8
2023-11-18T00:00:00.000,United States,RSV,Race/Ethnicity,"AI/AN, NH",0.6
2023-11-18T00:00:00.000,United States,RSV,Race/Ethnicity,"Asian/NHOPI, NH",0.9
2023-11-18T00:00:00.000,United States,RSV,Race/Ethnicity,"White, NH",0.7
2023-11-18T00:00:00.000,United States,RSV,Race/Ethnicity,"Multiple/Other, NH",0.9
2023-11-18T00:00:00.000,United States,RSV,Race/Ethnicity,Hispanic,1.3
2023-11-18T00:00:00.000,United States,RSV,Age Group,18-49 years,0.1
2023-11-18T00:00:00.000,United States,RSV,Age Group,5-17 years,0.6
2023-11-18T00:00:00.000,United States,RSV,Age Group,65+ years,0.2
2023-11-18T00:00:00.000,United States,RSV,Age Group,<1 year,10.8
2023-11-18T00:00:00.000,United States,RSV,Age Group,1-4 years,5.6
2023-11-18T00:00:00.000,United States,RSV,Age Group,50-64 years,0.2
2023-11-18T00:00:00.000,United States,RSV,Sex,Female,0.7
2023-11-18T00:00:00.000,United States,RSV,Sex,Other,0.0
2023-11-18T00:00:00.000,United States,RSV,Sex,Invalid,0.0
2023-11-18T00:00:00.000,United States,RSV,Sex,Male,1.0
2023-11-18T00:00:00.000,United States,Influenza,Race/Ethnicity,"Black, NH",2.1
2023-11-18T00:00:00.000,United States,Influenza,Race/Ethnicity,"AI/AN, NH",1.2
2023-11-18T00:00:00.000,United States,Influenza,Race/Ethnicity,"Asian/NHOPI, NH",1.4
2023-11-18T00:00:00.000,United States,Influenza,Race/Ethnicity,"White, NH",0.9
2023-11-18T00:00:00.000,United States,Influenza,Race/Ethnicity,"Multiple/Other, NH",1.2
2023-11-18T00:00:00.000,United States,Influenza,Race/Ethnicity,Hispanic,2.3
2023-11-18T00:00:00.000,United States,Influenza,Age Group,18-49 years,1.1
2023-11-18T00:00:00.000,United States,Influenza,Age Group,5-17 years,4.5
2023-11-18T00:00:00.000,United States,Influenza,Age Group,65+ years,0.4
2023-11-18T00:00:00.000,United States,Influenza,Age Group,<1 year,1.8
2023-11-18T00:00:00.000,United States,Influenza,Age Group,1-4 years,3.2
2023-11-18T00:00:00.000,United States,Influenza,Age Group,50-64 years,0.7
2023-11-18T00:00:00.000,United States,Influenza,Sex,Female,1.4
2023-11-18T00:00:00.000,United States,Influenza,Sex,Other,0.0
2023-11-18T00:00:00.000,United States,Influenza,Sex,Invalid,0.5
2023-11-18T00:00:00.000,United States,Influenza,Sex,Male,1.4
2023-11-18T00:00:00.000,United States,Combined,Race/Ethnicity,"Black, NH",4.2
2023-11-18T00:00:00.000,United States,Combined,Race/Ethnicity,"AI/AN, NH",4.1
2023-11-18T00:00:00.000,United States,Combined,Race/Ethnicity,"Asian/NHOPI, NH",4.0
2023-11-18T00:00:00.000,United States,Combined,Race/Ethnicity,"White, NH",3.4
2023-11-18T00:00:00.000,United States,Combined,Race/Ethnicity,"Multiple/Other, NH",3.4
2023-11-18T00:00:00.000,United States,Combined,Race/Ethnicity,Hispanic,4.9
2023-11-18T00:00:00.000,United States,Combined,Age Group,18-49 years,2.4
2023-11-18T00:00:00.000,United States,Combined,Age Group,5-17 years,5.7
2023-11-18T00:00:00.000,United States,Combined,Age Group,65+ years,3.3
2023-11-18T00:00:00.000,United States,Combined,Age Group,<1 year,15.7
2023-11-18T00:00:00.000,United States,Combined,Age Group,1-4 years,9.6
2023-11-18T00:00:00.000,United States,Combined,Age Group,50-64 years,2.4
2023-11-18T00:00:00.000,United States,Combined,Sex,Female,3.8
2023-11-18T00:00:00.000,United States,Combined,Sex,Other,0.0
2023-11-18T00:00:00.000,United States,Combined,Sex,Invalid,0.6
2023-11-18T00:00:00.000,United States,COVID-19,Sex,Male,1.5
2023-11-18T00:00:00.000,United States,COVID-19,Race/Ethnicity,"Black, NH",1.3
2023-11-18T00:00:00.000,United States,COVID-19,Race/Ethnicity,"AI/AN, NH",2.3
2023-11-18T00:00:00.000,United States,COVID-19,Race/Ethnicity,"Asian/NHOPI, NH",1.7
2023-11-18T00:00:00.000,United States,COVID-19,Race/Ethnicity,"White, NH",1.9
2023-11-18T00:00:00.000,United States,COVID-19,Race/Ethnicity,"Multiple/Other, NH",1.2
2023-11-18T00:00:00.000,United States,COVID-19,Race/Ethnicity,Hispanic,1.4
2023-11-18T00:00:00.000,United States,COVID-19,Age Group,18-49 years,1.2
2023-11-18T00:00:00.000,United States,COVID-19,Age Group,5-17 years,0.7
2023-11-18T00:00:00.000,United States,COVID-19,Age Group,65+ years,2.7
2023-11-18T00:00:00.000,United States,COVID-19,Age Group,<1 year,3.5
2023-11-18T00:00:00.000,United States,COVID-19,Age Group,1-4 years,1.1
2023-11-18T00:00:00.000,United States,COVID-19,Age Group,50-64 years,1.5
2023-11-18T00:00:00.000,United States,COVID-19,Sex,Female,1.7
2023-11-18T00:00:00.000,United States,COVID-19,Sex,Other,0.0
2023-11-18T00:00:00.000,United States,COVID-19,Sex,Invalid,0.1
2023-11-11T00:00:00.000,United States,Combined,Age Group,<1 year,14.3
2023-11-11T00:00:00.000,United States,COVID-19,Sex,Male,1.4
2023-11-11T00:00:00.000,United States,COVID-19,Sex,Invalid,0.1
2023-11-11T00:00:00.000,United States,COVID-19,Sex,Other,0.0
2023-11-11T00:00:00.000,United States,COVID-19,Sex,Female,1.6
2023-11-11T00:00:00.000,United States,COVID-19,Age Group,50-64 years,1.4
2023-11-11T00:00:00.000,United States,COVID-19,Age Group,1-4 years,1.0
2023-11-11T00:00:00.000,United States,COVID-19,Age Group,<1 year,3.3
2023-11-11T00:00:00.000,United States,COVID-19,Age Group,65+ years,2.4
2023-11-11T00:00:00.000,United States,COVID-19,Age Group,5-17 years,0.7
2023-11-11T00:00:00.000,United States,COVID-19,Age Group,18-49 years,1.2
2023-11-11T00:00:00.000,United States,COVID-19,Race/Ethnicity,Hispanic,1.3
2023-11-11T00:00:00.000,United States,COVID-19,Race/Ethnicity,"Multiple/Other, NH",1.2
2023-11-11T00:00:00.000,United States,COVID-19,Race/Ethnicity,"White, NH",1.7
2023-11-11T00:00:00.000,United States,COVID-19,Race/Ethnicity,"Asian/NHOPI, NH",1.7
2023-11-11T00:00:00.000,United States,COVID-19,Race/Ethnicity,"AI/AN, NH",2.3
2023-11-11T00:00:00.000,United States,COVID-19,Race/Ethnicity,"Black, NH",1.2
2023-11-11T00:00:00.000,United States,Combined,Sex,Male,3.4
2023-11-11T00:00:00.000,United States,Combined,Sex,Invalid,0.5
2023-11-11T00:00:00.000,United States,Combined,Sex,Other,0.0
2023-11-11T00:00:00.000,United States,Combined,Sex,Female,3.4
2023-11-11T00:00:00.000,United States,Combined,Age Group,50-64 years,2.1
2023-11-11T00:00:00.000,United States,Combined,Age Group,1-4 years,8.5
2023-11-11T00:00:00.000,United States,Combined,Age Group,65+ years,2.9
2023-11-11T00:00:00.000,United States,Combined,Age Group,5-17 years,5.1
2023-11-11T00:00:00.000,United States,Combined,Age Group,18-49 years,2.1
2023-11-11T00:00:00.000,United States,Combined,Race/Ethnicity,Hispanic,4.2
2023-11-11T00:00:00.000,United States,Combined,Race/Ethnicity,"Multiple/Other, NH",3.1
2023-11-11T00:00:00.000,United States,Combined,Race/Ethnicity,"White, NH",3.0
2023-11-11T00:00:00.000,United States,Combined,Race/Ethnicity,"Asian/NHOPI, NH",3.8
2023-11-11T00:00:00.000,United States,Combined,Race/Ethnicity,"AI/AN, NH",4.3
2023-11-11T00:00:00.000,United States,Combined,Race/Ethnicity,"Black, NH",3.8
2023-11-11T00:00:00.000,United States,Influenza,Sex,Male,1.2
2023-11-11T00:00:00.000,United States,Influenza,Sex,Invalid,0.4
2023-11-11T00:00:00.000,United States,Influenza,Sex,Other,0.0
2023-11-11T00:00:00.000,United States,Influenza,Sex,Female,1.2
2023-11-11T00:00:00.000,United States,Influenza,Age Group,50-64 years,0.6
2023-11-11T00:00:00.000,United States,Influenza,Age Group,1-4 years,2.7
2023-11-11T00:00:00.000,United States,Influenza,Age Group,<1 year,1.5
2023-11-11T00:00:00.000,United States,Influenza,Age Group,65+ years,0.4
2023-11-11T00:00:00.000,United States,Influenza,Age Group,5-17 years,3.9
2023-11-11T00:00:00.000,United States,Influenza,Age Group,18-49 years,0.9
2023-11-11T00:00:00.000,United States,Influenza,Race/Ethnicity,Hispanic,1.8
2023-11-11T00:00:00.000,United States,Influenza,Race/Ethnicity,"Multiple/Other, NH",1.1
2023-11-11T00:00:00.000,United States,Influenza,Race/Ethnicity,"White, NH",0.7
2023-11-11T00:00:00.000,United States,Influenza,Race/Ethnicity,"Asian/NHOPI, NH",1.4
2023-11-11T00:00:00.000,United States,Influenza,Race/Ethnicity,"AI/AN, NH",1.5
2023-11-11T00:00:00.000,United States,Influenza,Race/Ethnicity,"Black, NH",1.8
2023-11-11T00:00:00.000,United States,RSV,Sex,Male,0.8
2023-11-11T00:00:00.000,United States,RSV,Sex,Invalid,0.0
2023-11-11T00:00:00.000,United States,RSV,Sex,Other,0.0
2023-11-11T00:00:00.000,United States,RSV,Sex,Female,0.6
2023-11-11T00:00:00.000,United States,RSV,Age Group,50-64 years,0.1
2023-11-11T00:00:00.000,United States,RSV,Age Group,1-4 years,5.0
2023-11-11T00:00:00.000,United States,RSV,Age Group,<1 year,9.8
2023-11-11T00:00:00.000,United States,RSV,Age Group,65+ years,0.1
2023-11-11T00:00:00.000,United States,RSV,Age Group,5-17 years,0.5
2023-11-11T00:00:00.000,United States,RSV,Age Group,18-49 years,0.1
2023-11-11T00:00:00.000,United States,RSV,Race/Ethnicity,Hispanic,1.1
2023-11-11T00:00:00.000,United States,RSV,Race/Ethnicity,"Multiple/Other, NH",0.9
2023-11-11T00:00:00.000,United States,RSV,Race/Ethnicity,"White, NH",0.5
2023-11-11T00:00:00.000,United States,RSV,Race/Ethnicity,"Asian/NHOPI, NH",0.8
2023-11-11T00:00:00.000,United States,RSV,Race/Ethnicity,"AI/AN, NH",0.5
2023-11-11T00:00:00.000,United States,RSV,Race/Ethnicity,"Black, NH",0.8
2023-11-04T00:00:00.000,United States,COVID-19,Sex,Invalid,0.1
2023-11-04T00:00:00.000,United States,COVID-19,Sex,Male,1.2
2023-11-04T00:00:00.000,United States,RSV,Race/Ethnicity,"Black, NH",0.7
2023-11-04T00:00:00.000,United States,RSV,Race/Ethnicity,"AI/AN, NH",0.4
2023-11-04T00:00:00.000,United States,RSV,Race/Ethnicity,"Asian/NHOPI, NH",0.7
2023-11-04T00:00:00.000,United States,RSV,Race/Ethnicity,"White, NH",0.4
2023-11-04T00:00:00.000,United States,RSV,Race/Ethnicity,"Multiple/Other, NH",0.7
2023-11-04T00:00:00.000,United States,RSV,Race/Ethnicity,Hispanic,0.9
2023-11-04T00:00:00.000,United States,RSV,Age Group,18-49 years,0.1
2023-11-04T00:00:00.000,United States,RSV,Age Group,5-17 years,0.4
2023-11-04T00:00:00.000,United States,RSV,Age Group,65+ years,0.1
2023-11-04T00:00:00.000,United States,RSV,Age Group,<1 year,8.0
2023-11-04T00:00:00.000,United States,RSV,Age Group,1-4 years,4.3
2023-11-04T00:00:00.000,United States,RSV,Age Group,50-64 years,0.1
2023-11-04T00:00:00.000,United States,RSV,Sex,Female,0.5
2023-11-04T00:00:00.000,United States,RSV,Sex,Other,0.0
2023-11-04T00:00:00.000,United States,RSV,Sex,Invalid,0.0
2023-11-04T00:00:00.000,United States,RSV,Sex,Male,0.7
2023-11-04T00:00:00.000,United States,Influenza,Race/Ethnicity,"Black, NH",1.3
2023-11-04T00:00:00.000,United States,Influenza,Race/Ethnicity,"AI/AN, NH",1.5
2023-11-04T00:00:00.000,United States,Influenza,Race/Ethnicity,"Asian/NHOPI, NH",1.1
2023-11-04T00:00:00.000,United States,Influenza,Race/Ethnicity,"White, NH",0.5
2023-11-04T00:00:00.000,United States,Influenza,Race/Ethnicity,"Multiple/Other, NH",0.8
2023-11-04T00:00:00.000,United States,Influenza,Race/Ethnicity,Hispanic,1.4
2023-11-04T00:00:00.000,United States,Influenza,Age Group,18-49 years,0.6
2023-11-04T00:00:00.000,United States,Influenza,Age Group,5-17 years,2.9
2023-11-04T00:00:00.000,United States,Influenza,Age Group,65+ years,0.3
2023-11-04T00:00:00.000,United States,Influenza,Age Group,<1 year,1.1
2023-11-04T00:00:00.000,United States,Influenza,Age Group,1-4 years,2.2
2023-11-04T00:00:00.000,United States,Influenza,Age Group,50-64 years,0.4
2023-11-04T00:00:00.000,United States,Influenza,Sex,Female,0.8
2023-11-04T00:00:00.000,United States,Influenza,Sex,Other,0.0
2023-11-04T00:00:00.000,United States,Influenza,Sex,Invalid,0.1
2023-11-04T00:00:00.000,United States,Influenza,Sex,Male,0.9
2023-11-04T00:00:00.000,United States,Combined,Race/Ethnicity,"Black, NH",2.9
2023-11-04T00:00:00.000,United States,Combined,Race/Ethnicity,"AI/AN, NH",4.0
2023-11-04T00:00:00.000,United States,Combined,Race/Ethnicity,"Asian/NHOPI, NH",3.3
2023-11-04T00:00:00.000,United States,Combined,Race/Ethnicity,"White, NH",2.5
2023-11-04T00:00:00.000,United States,Combined,Race/Ethnicity,"Multiple/Other, NH",2.5
2023-11-04T00:00:00.000,United States,Combined,Race/Ethnicity,Hispanic,3.4
2023-11-04T00:00:00.000,United States,Combined,Age Group,18-49 years,1.7
2023-11-04T00:00:00.000,United States,Combined,Age Group,5-17 years,3.9
2023-11-04T00:00:00.000,United States,Combined,Age Group,65+ years,2.5
2023-11-04T00:00:00.000,United States,Combined,Age Group,<1 year,12.1
2023-11-04T00:00:00.000,United States,Combined,Age Group,1-4 years,7.3
2023-11-04T00:00:00.000,United States,Combined,Age Group,50-64 years,1.7
2023-11-04T00:00:00.000,United States,Combined,Sex,Female,2.7
2023-11-04T00:00:00.000,United States,Combined,Sex,Other,0.0
2023-11-04T00:00:00.000,United States,Combined,Sex,Invalid,0.2
2023-11-04T00:00:00.000,United States,Combined,Sex,Male,2.8
2023-11-04T00:00:00.000,United States,COVID-19,Race/Ethnicity,"Black, NH",1.0
2023-11-04T00:00:00.000,United States,COVID-19,Race/Ethnicity,"AI/AN, NH",2.1
2023-11-04T00:00:00.000,United States,COVID-19,Race/Ethnicity,"Asian/NHOPI, NH",1.6
2023-11-04T00:00:00.000,United States,COVID-19,Race/Ethnicity,"White, NH",1.5
2023-11-04T00:00:00.000,United States,COVID-19,Race/Ethnicity,"Multiple/Other, NH",1.0
2023-11-04T00:00:00.000,United States,COVID-19,Race/Ethnicity,Hispanic,1.2
2023-11-04T00:00:00.000,United States,COVID-19,Age Group,18-49 years,1.0
2023-11-04T00:00:00.000,United States,COVID-19,Age Group,5-17 years,0.6
2023-11-04T00:00:00.000,United States,COVID-19,Age Group,65+ years,2.2
2023-11-04T00:00:00.000,United States,COVID-19,Age Group,<1 year,3.1
2023-11-04T00:00:00.000,United States,COVID-19,Age Group,1-4 years,0.9
2023-11-04T00:00:00.000,United States,COVID-19,Age Group,50-64 years,1.2
2023-11-04T00:00:00.000,United States,COVID-19,Sex,Female,1.4
2023-11-04T00:00:00.000,United States,COVID-19,Sex,Other,0.0
2023-10-28T00:00:00.000,United States,COVID-19,Age Group,65+ years,2.3
2023-10-28T00:00:00.000,United States,RSV,Race/Ethnicity,"Black, NH",0.6
2023-10-28T00:00:00.000,United States,COVID-19,Sex,Male,1.3
2023-10-28T00:00:00.000,United States,COVID-19,Sex,Invalid,0.1
2023-10-28T00:00:00.000,United States,COVID-19,Sex,Other,0.0
2023-10-28T00:00:00.000,United States,COVID-19,Sex,Female,1.4
2023-10-28T00:00:00.000,United States,COVID-19,Age Group,50-64 years,1.3
2023-10-28T00:00:00.000,United States,COVID-19,Age Group,1-4 years,1.0
2023-10-28T00:00:00.000,United States,COVID-19,Age Group,<1 year,3.2
2023-10-28T00:00:00.000,United States,COVID-19,Age Group,5-17 years,0.6
2023-10-28T00:00:00.000,United States,COVID-19,Age Group,18-49 years,1.0
2023-10-28T00:00:00.000,United States,COVID-19,Race/Ethnicity,Hispanic,1.2
2023-10-28T00:00:00.000,United States,COVID-19,Race/Ethnicity,"Multiple/Other, NH",1.1
2023-10-28T00:00:00.000,United States,COVID-19,Race/Ethnicity,"White, NH",1.6
2023-10-28T00:00:00.000,United States,COVID-19,Race/Ethnicity,"Asian/NHOPI, NH",1.6
2023-10-28T00:00:00.000,United States,COVID-19,Race/Ethnicity,"AI/AN, NH",2.3
2023-10-28T00:00:00.000,United States,COVID-19,Race/Ethnicity,"Black, NH",1.0
2023-10-28T00:00:00.000,United States,Combined,Sex,Male,2.5
2023-10-28T00:00:00.000,United States,Combined,Sex,Invalid,0.2
2023-10-28T00:00:00.000,United States,Combined,Sex,Other,0.0
2023-10-28T00:00:00.000,United States,Combined,Sex,Female,2.5
2023-10-28T00:00:00.000,United States,Combined,Age Group,50-64 years,1.6
2023-10-28T00:00:00.000,United States,Combined,Age Group,1-4 years,6.2
2023-10-28T00:00:00.000,United States,Combined,Age Group,<1 year,11.1
2023-10-28T00:00:00.000,United States,Combined,Age Group,65+ years,2.6
2023-10-28T00:00:00.000,United States,Combined,Age Group,5-17 years,3.0
2023-10-28T00:00:00.000,United States,Combined,Age Group,18-49 years,1.5
2023-10-28T00:00:00.000,United States,Combined,Race/Ethnicity,Hispanic,3.0
2023-10-28T00:00:00.000,United States,Combined,Race/Ethnicity,"Multiple/Other, NH",2.2
2023-10-28T00:00:00.000,United States,Combined,Race/Ethnicity,"White, NH",2.3
2023-10-28T00:00:00.000,United States,Combined,Race/Ethnicity,"Asian/NHOPI, NH",3.0
2023-10-28T00:00:00.000,United States,Combined,Race/Ethnicity,"AI/AN, NH",3.6
2023-10-28T00:00:00.000,United States,Combined,Race/Ethnicity,"Black, NH",2.5
2023-10-28T00:00:00.000,United States,Influenza,Sex,Male,0.7
2023-10-28T00:00:00.000,United States,Influenza,Sex,Invalid,0.1
2023-10-28T00:00:00.000,United States,Influenza,Sex,Other,0.0
2023-10-28T00:00:00.000,United States,Influenza,Sex,Female,0.7
2023-10-28T00:00:00.000,United States,Influenza,Age Group,50-64 years,0.3
2023-10-28T00:00:00.000,United States,Influenza,Age Group,1-4 years,1.7
2023-10-28T00:00:00.000,United States,Influenza,Age Group,<1 year,1.0
2023-10-28T00:00:00.000,United States,Influenza,Age Group,65+ years,0.2
2023-10-28T00:00:00.000,United States,Influenza,Age Group,5-17 years,2.1
2023-10-28T00:00:00.000,United States,Influenza,Age Group,18-49 years,0.5
2023-10-28T00:00:00.000,United States,Influenza,Race/Ethnicity,Hispanic,1.1
2023-10-28T00:00:00.000,United States,Influenza,Race/Ethnicity,"Multiple/Other, NH",0.6
2023-10-28T00:00:00.000,United States,Influenza,Race/Ethnicity,"White, NH",0.4
2023-10-28T00:00:00.000,United States,Influenza,Race/Ethnicity,"Asian/NHOPI, NH",1.0
2023-10-28T00:00:00.000,United States,Influenza,Race/Ethnicity,"AI/AN, NH",1.1
2023-10-28T00:00:00.000,United States,Influenza,Race/Ethnicity,"Black, NH",0.9
2023-10-28T00:00:00.000,United States,RSV,Sex,Male,0.6
2023-10-28T00:00:00.000,United States,RSV,Sex,Invalid,0.0
2023-10-28T00:00:00.000,United States,RSV,Sex,Other,0.0
2023-10-28T00:00:00.000,United States,RSV,Sex,Female,0.4
2023-10-28T00:00:00.000,United States,RSV,Age Group,50-64 years,0.1
2023-10-28T00:00:00.000,United States,RSV,Age Group,1-4 years,3.7
2023-10-28T00:00:00.000,United States,RSV,Age Group,<1 year,7.2
2023-10-28T00:00:00.000,United States,RSV,Age Group,65+ years,0.1
2023-10-28T00:00:00.000,United States,RSV,Age Group,5-17 years,0.3
2023-10-28T00:00:00.000,United States,RSV,Age Group,18-49 years,0.0
2023-10-28T00:00:00.000,United States,RSV,Race/Ethnicity,Hispanic,0.8
2023-10-28T00:00:00.000,United States,RSV,Race/Ethnicity,"Multiple/Other, NH",0.6
2023-10-28T00:00:00.000,United States,RSV,Race/Ethnicity,"White, NH",0.3
2023-10-28T00:00:00.000,United States,RSV,Race/Ethnicity,"Asian/NHOPI, NH",0.5
2023-10-28T00:00:00.000,United States,RSV,Race/Ethnicity,"AI/AN, NH",0.2
2023-10-21T00:00:00.000,United States,COVID-19,Sex,Male,1.3
2023-10-21T00:00:00.000,United States,RSV,Race/Ethnicity,"Asian/NHOPI, NH",0.4
2023-10-21T00:00:00.000,United States,RSV,Race/Ethnicity,"White, NH",0.3
2023-10-21T00:00:00.000,United States,RSV,Race/Ethnicity,"Multiple/Other, NH",0.4
2023-10-21T00:00:00.000,United States,RSV,Race/Ethnicity,Hispanic,0.6
2023-10-21T00:00:00.000,United States,RSV,Age Group,18-49 years,0.0
2023-10-21T00:00:00.000,United States,RSV,Age Group,5-17 years,0.3
2023-10-21T00:00:00.000,United States,RSV,Age Group,65+ years,0.1
2023-10-21T00:00:00.000,United States,RSV,Race/Ethnicity,"Black, NH",0.5
2023-10-21T00:00:00.000,United States,RSV,Age Group,<1 year,5.7
2023-10-21T00:00:00.000,United States,RSV,Age Group,1-4 years,3.0
2023-10-21T00:00:00.000,United States,RSV,Age Group,50-64 years,0.0
2023-10-21T00:00:00.000,United States,RSV,Sex,Female,0.3
2023-10-21T00:00:00.000,United States,RSV,Sex,Other,0.0
2023-10-21T00:00:00.000,United States,RSV,Sex,Invalid,0.0
2023-10-21T00:00:00.000,United States,RSV,Sex,Male,0.4
2023-10-21T00:00:00.000,United States,Influenza,Race/Ethnicity,"Black, NH",0.8
2023-10-21T00:00:00.000,United States,Influenza,Race/Ethnicity,"AI/AN, NH",0.8
2023-10-21T00:00:00.000,United States,Influenza,Race/Ethnicity,"Asian/NHOPI, NH",0.8
2023-10-21T00:00:00.000,United States,Influenza,Race/Ethnicity,"White, NH",0.4
2023-10-21T00:00:00.000,United States,Influenza,Race/Ethnicity,"Multiple/Other, NH",0.5
2023-10-21T00:00:00.000,United States,Influenza,Race/Ethnicity,Hispanic,0.9
2023-10-21T00:00:00.000,United States,Influenza,Age Group,18-49 years,0.4
2023-10-21T00:00:00.000,United States,Influenza,Age Group,5-17 years,1.8
2023-10-21T00:00:00.000,United States,Influenza,Age Group,65+ years,0.2
2023-10-21T00:00:00.000,United States,Influenza,Age Group,<1 year,0.8
2023-10-21T00:00:00.000,United States,Influenza,Age Group,1-4 years,1.5
2023-10-21T00:00:00.000,United States,Influenza,Age Group,50-64 years,0.3
2023-10-21T00:00:00.000,United States,Influenza,Sex,Female,0.5
2023-10-21T00:00:00.000,United States,Influenza,Sex,Other,0.0
2023-10-21T00:00:00.000,United States,Influenza,Sex,Invalid,0.0
2023-10-21T00:00:00.000,United States,Influenza,Sex,Male,0.6
2023-10-21T00:00:00.000,United States,Combined,Race/Ethnicity,"Black, NH",2.3
2023-10-21T00:00:00.000,United States,Combined,Race/Ethnicity,"AI/AN, NH",3.0
2023-10-21T00:00:00.000,United States,Combined,Race/Ethnicity,"Asian/NHOPI, NH",3.0
2023-10-21T00:00:00.000,United States,Combined,Race/Ethnicity,"White, NH",2.2
2023-10-21T00:00:00.000,United States,Combined,Race/Ethnicity,"Multiple/Other, NH",2.0
2023-10-21T00:00:00.000,United States,Combined,Race/Ethnicity,Hispanic,2.6
2023-10-21T00:00:00.000,United States,Combined,Age Group,18-49 years,1.4
2023-10-21T00:00:00.000,United States,Combined,Age Group,5-17 years,2.5
2023-10-21T00:00:00.000,United States,Combined,Age Group,65+ years,2.6
2023-10-21T00:00:00.000,United States,Combined,Age Group,<1 year,9.4
2023-10-21T00:00:00.000,United States,Combined,Age Group,1-4 years,5.3
2023-10-21T00:00:00.000,United States,Combined,Age Group,50-64 years,1.6
2023-10-21T00:00:00.000,United States,Combined,Sex,Female,2.3
2023-10-21T00:00:00.000,United States,Combined,Sex,Other,0.0
2023-10-21T00:00:00.000,United States,Combined,Sex,Invalid,0.1
2023-10-21T00:00:00.000,United States,Combined,Sex,Male,2.2
2023-10-21T00:00:00.000,United States,COVID-19,Race/Ethnicity,"Black, NH",1.0
2023-10-21T00:00:00.000,United States,COVID-19,Race/Ethnicity,"AI/AN, NH",2.0
2023-10-21T00:00:00.000,United States,COVID-19,Race/Ethnicity,"Asian/NHOPI, NH",1.8
2023-10-21T00:00:00.000,United States,COVID-19,Race/Ethnicity,"White, NH",1.6
2023-10-21T00:00:00.000,United States,COVID-19,Race/Ethnicity,"Multiple/Other, NH",1.1
2023-10-21T00:00:00.000,United States,COVID-19,Race/Ethnicity,Hispanic,1.2
2023-10-21T00:00:00.000,United States,COVID-19,Age Group,18-49 years,1.0
2023-10-21T00:00:00.000,United States,COVID-19,Age Group,5-17 years,0.5
2023-10-21T00:00:00.000,United States,COVID-19,Age Group,65+ years,2.3
2023-10-21T00:00:00.000,United States,COVID-19,Age Group,<1 year,3.1
2023-10-21T00:00:00.000,United States,COVID-19,Age Group,1-4 years,0.9
2023-10-21T00:00:00.000,United States,COVID-19,Age Group,50-64 years,1.3
2023-10-21T00:00:00.000,United States,COVID-19,Sex,Female,1.4
2023-10-21T00:00:00.000,United States,COVID-19,Sex,Other,0.0
2023-10-21T00:00:00.000,United States,COVID-19,Sex,Invalid,0.1
2023-10-21T00:00:00.000,United States,RSV,Race/Ethnicity,"AI/AN, NH",0.1
2023-10-14T00:00:00.000,United States,RSV,Sex,Invalid,0.0
2023-10-14T00:00:00.000,United States,COVID-19,Sex,Other,2.4
2023-10-14T00:00:00.000,United States,COVID-19,Sex,Female,1.4
2023-10-14T00:00:00.000,United States,COVID-19,Age Group,50-64 years,1.3
2023-10-14T00:00:00.000,United States,COVID-19,Age Group,1-4 years,0.9
2023-10-14T00:00:00.000,United States,COVID-19,Age Group,<1 year,3.0
2023-10-14T00:00:00.000,United States,COVID-19,Age Group,65+ years,2.3
2023-10-14T00:00:00.000,United States,COVID-19,Age Group,5-17 years,0.5
2023-10-14T00:00:00.000,United States,COVID-19,Age Group,18-49 years,1.0
2023-10-14T00:00:00.000,United States,COVID-19,Race/Ethnicity,Hispanic,1.2
2023-10-14T00:00:00.000,United States,COVID-19,Race/Ethnicity,"Multiple/Other, NH",1.1
2023-10-14T00:00:00.000,United States,COVID-19,Race/Ethnicity,"White, NH",1.6
2023-10-14T00:00:00.000,United States,COVID-19,Race/Ethnicity,"Asian/NHOPI, NH",1.7
2023-10-14T00:00:00.000,United States,COVID-19,Race/Ethnicity,"AI/AN, NH",2.2
2023-10-14T00:00:00.000,United States,COVID-19,Race/Ethnicity,"Black, NH",1.1
2023-10-14T00:00:00.000,United States,Combined,Sex,Male,2.1
2023-10-14T00:00:00.000,United States,Combined,Sex,Invalid,0.1
2023-10-14T00:00:00.000,United States,Combined,Sex,Other,2.4
2023-10-14T00:00:00.000,United States,Combined,Sex,Female,2.1
2023-10-14T00:00:00.000,United States,Combined,Age Group,50-64 years,1.5
2023-10-14T00:00:00.000,United States,Combined,Age Group,1-4 years,4.5
2023-10-14T00:00:00.000,United States,Combined,Age Group,<1 year,8.2
2023-10-14T00:00:00.000,United States,Combined,Age Group,65+ years,2.5
2023-10-14T00:00:00.000,United States,Combined,Age Group,5-17 years,2.2
2023-10-14T00:00:00.000,United States,Combined,Age Group,18-49 years,1.3
2023-10-14T00:00:00.000,United States,Combined,Race/Ethnicity,Hispanic,2.3
2023-10-14T00:00:00.000,United States,Combined,Race/Ethnicity,"Multiple/Other, NH",1.8
2023-10-14T00:00:00.000,United States,Combined,Race/Ethnicity,"White, NH",2.0
2023-10-14T00:00:00.000,United States,Combined,Race/Ethnicity,"Asian/NHOPI, NH",2.8
2023-10-14T00:00:00.000,United States,Combined,Race/Ethnicity,"AI/AN, NH",3.2
2023-10-14T00:00:00.000,United States,Combined,Race/Ethnicity,"Black, NH",2.1
2023-10-14T00:00:00.000,United States,Influenza,Sex,Male,0.5
2023-10-14T00:00:00.000,United States,Influenza,Sex,Invalid,0.0
2023-10-14T00:00:00.000,United States,Influenza,Sex,Other,0.0
2023-10-14T00:00:00.000,United States,Influenza,Sex,Female,0.4
2023-10-14T00:00:00.000,United States,Influenza,Age Group,50-64 years,0.2
2023-10-14T00:00:00.000,United States,Influenza,Age Group,1-4 years,1.2
2023-10-14T00:00:00.000,United States,Influenza,Age Group,<1 year,0.8
2023-10-14T00:00:00.000,United States,Influenza,Age Group,65+ years,0.2
2023-10-14T00:00:00.000,United States,Influenza,Age Group,5-17 years,1.4
2023-10-14T00:00:00.000,United States,Influenza,Age Group,18-49 years,0.3
2023-10-14T00:00:00.000,United States,Influenza,Race/Ethnicity,Hispanic,0.7
2023-10-14T00:00:00.000,United States,Influenza,Race/Ethnicity,"Multiple/Other, NH",0.4
2023-10-14T00:00:00.000,United States,Influenza,Race/Ethnicity,"White, NH",0.3
2023-10-14T00:00:00.000,United States,Influenza,Race/Ethnicity,"Asian/NHOPI, NH",0.8
2023-10-14T00:00:00.000,United States,Influenza,Race/Ethnicity,"AI/AN, NH",0.9
2023-10-14T00:00:00.000,United States,Influenza,Race/Ethnicity,"Black, NH",0.7
2023-10-14T00:00:00.000,United States,RSV,Sex,Male,0.3
2023-10-14T00:00:00.000,United States,COVID-19,Sex,Invalid,0.1
2023-10-14T00:00:00.000,United States,RSV,Sex,Other,0.0
2023-10-14T00:00:00.000,United States,RSV,Sex,Female,0.3
2023-10-14T00:00:00.000,United States,RSV,Age Group,50-64 years,0.0
2023-10-14T00:00:00.000,United States,RSV,Age Group,1-4 years,2.4
2023-10-14T00:00:00.000,United States,RSV,Age Group,<1 year,4.5
2023-10-14T00:00:00.000,United States,RSV,Age Group,65+ years,0.0
2023-10-14T00:00:00.000,United States,RSV,Age Group,5-17 years,0.2
2023-10-14T00:00:00.000,United States,RSV,Age Group,18-49 years,0.0
2023-10-14T00:00:00.000,United States,RSV,Race/Ethnicity,Hispanic,0.5
2023-10-14T00:00:00.000,United States,RSV,Race/Ethnicity,"Multiple/Other, NH",0.3
2023-10-14T00:00:00.000,United States,RSV,Race/Ethnicity,"White, NH",0.2
2023-10-14T00:00:00.000,United States,RSV,Race/Ethnicity,"Asian/NHOPI, NH",0.3
2023-10-14T00:00:00.000,United States,RSV,Race/Ethnicity,"AI/AN, NH",0.1
2023-10-14T00:00:00.000,United States,RSV,Race/Ethnicity,"Black, NH",0.4
2023-10-14T00:00:00.000,United States,COVID-19,Sex,Male,1.3
2023-10-07T00:00:00.000,United States,RSV,Race/Ethnicity,"Black, NH",0.3
2023-10-07T00:00:00.000,United States,COVID-19,Sex,Invalid,0.1
2023-10-07T00:00:00.000,United States,COVID-19,Sex,Other,3.6
2023-10-07T00:00:00.000,United States,COVID-19,Sex,Female,1.6
2023-10-07T00:00:00.000,United States,COVID-19,Age Group,50-64 years,1.4
2023-10-07T00:00:00.000,United States,COVID-19,Age Group,1-4 years,1.0
2023-10-07T00:00:00.000,United States,COVID-19,Age Group,<1 year,3.4
2023-10-07T00:00:00.000,United States,COVID-19,Age Group,65+ years,2.6
2023-10-07T00:00:00.000,United States,COVID-19,Age Group,5-17 years,0.6
2023-10-07T00:00:00.000,United States,COVID-19,Age Group,18-49 years,1.1
2023-10-07T00:00:00.000,United States,COVID-19,Race/Ethnicity,Hispanic,1.3
2023-10-07T00:00:00.000,United States,COVID-19,Race/Ethnicity,"Multiple/Other, NH",1.3
2023-10-07T00:00:00.000,United States,COVID-19,Race/Ethnicity,"White, NH",1.7
2023-10-07T00:00:00.000,United States,COVID-19,Race/Ethnicity,"Asian/NHOPI, NH",2.0
2023-10-07T00:00:00.000,United States,COVID-19,Race/Ethnicity,"AI/AN, NH",1.7
2023-10-07T00:00:00.000,United States,COVID-19,Race/Ethnicity,"Black, NH",1.2
2023-10-07T00:00:00.000,United States,Combined,Sex,Male,2.0
2023-10-07T00:00:00.000,United States,Combined,Sex,Invalid,0.1
2023-10-07T00:00:00.000,United States,Combined,Sex,Other,3.6
2023-10-07T00:00:00.000,United States,Combined,Sex,Female,2.1
2023-10-07T00:00:00.000,United States,Combined,Age Group,50-64 years,1.6
2023-10-07T00:00:00.000,United States,Combined,Age Group,1-4 years,3.8
2023-10-07T00:00:00.000,United States,Combined,Age Group,<1 year,7.3
2023-10-07T00:00:00.000,United States,Combined,Age Group,65+ years,2.7
2023-10-07T00:00:00.000,United States,Combined,Age Group,5-17 years,1.9
2023-10-07T00:00:00.000,United States,Combined,Age Group,18-49 years,1.3
2023-10-07T00:00:00.000,United States,Combined,Race/Ethnicity,Hispanic,2.2
2023-10-07T00:00:00.000,United States,Combined,Race/Ethnicity,"Multiple/Other, NH",1.8
2023-10-07T00:00:00.000,United States,Combined,Race/Ethnicity,"White, NH",2.1
2023-10-07T00:00:00.000,United States,Combined,Race/Ethnicity,"Asian/NHOPI, NH",2.8
2023-10-07T00:00:00.000,United States,Combined,Race/Ethnicity,"AI/AN, NH",2.5
2023-10-07T00:00:00.000,United States,Combined,Race/Ethnicity,"Black, NH",2.0
2023-10-07T00:00:00.000,United States,Influenza,Sex,Male,0.4
2023-10-07T00:00:00.000,United States,Influenza,Sex,Invalid,0.0
2023-10-07T00:00:00.000,United States,Influenza,Sex,Other,0.0
2023-10-07T00:00:00.000,United States,Influenza,Sex,Female,0.4
2023-10-07T00:00:00.000,United States,Influenza,Age Group,50-64 years,0.2
2023-10-07T00:00:00.000,United States,Influenza,Age Group,1-4 years,1.0
2023-10-07T00:00:00.000,United States,Influenza,Age Group,<1 year,0.6
2023-10-07T00:00:00.000,United States,Influenza,Age Group,65+ years,0.2
2023-10-07T00:00:00.000,United States,Influenza,Age Group,5-17 years,1.2
2023-10-07T00:00:00.000,United States,Influenza,Age Group,18-49 years,0.3
2023-10-07T00:00:00.000,United States,Influenza,Race/Ethnicity,Hispanic,0.6
2023-10-07T00:00:00.000,United States,Influenza,Race/Ethnicity,"Multiple/Other, NH",0.3
2023-10-07T00:00:00.000,United States,Influenza,Race/Ethnicity,"White, NH",0.3
2023-10-07T00:00:00.000,United States,Influenza,Race/Ethnicity,"Asian/NHOPI, NH",0.6
2023-10-07T00:00:00.000,United States,Influenza,Race/Ethnicity,"AI/AN, NH",0.8
2023-10-07T00:00:00.000,United States,Influenza,Race/Ethnicity,"Black, NH",0.5
2023-10-07T00:00:00.000,United States,RSV,Sex,Male,0.3
2023-10-07T00:00:00.000,United States,RSV,Sex,Invalid,0.0
2023-10-07T00:00:00.000,United States,RSV,Sex,Other,0.0
2023-10-07T00:00:00.000,United States,RSV,Sex,Female,0.2
2023-10-07T00:00:00.000,United States,RSV,Age Group,50-64 years,0.0
2023-10-07T00:00:00.000,United States,RSV,Age Group,1-4 years,1.9
2023-10-07T00:00:00.000,United States,RSV,Age Group,<1 year,3.5
2023-10-07T00:00:00.000,United States,RSV,Age Group,65+ years,0.0
2023-10-07T00:00:00.000,United States,RSV,Age Group,5-17 years,0.2
2023-10-07T00:00:00.000,United States,RSV,Age Group,18-49 years,0.0
2023-10-07T00:00:00.000,United States,RSV,Race/Ethnicity,Hispanic,0.4
2023-10-07T00:00:00.000,United States,RSV,Race/Ethnicity,"Multiple/Other, NH",0.2
2023-10-07T00:00:00.000,United States,RSV,Race/Ethnicity,"White, NH",0.2
2023-10-07T00:00:00.000,United States,RSV,Race/Ethnicity,"Asian/NHOPI, NH",0.2
2023-10-07T00:00:00.000,United States,RSV,Race/Ethnicity,"AI/AN, NH",0.1
2023-10-07T00:00:00.000,United States,COVID-19,Sex,Male,1.4
2023-09-30T00:00:00.000,United States,COVID-19,Sex,Male,1.6
2023-09-30T00:00:00.000,United States,RSV,Race/Ethnicity,"Black, NH",0.2
2023-09-30T00:00:00.000,United States,RSV,Race/Ethnicity,"AI/AN, NH",0.1
2023-09-30T00:00:00.000,United States,RSV,Race/Ethnicity,"Asian/NHOPI, NH",0.2
2023-09-30T00:00:00.000,United States,RSV,Race/Ethnicity,"White, NH",0.1
2023-09-30T00:00:00.000,United States,RSV,Race/Ethnicity,"Multiple/Other, NH",0.2
2023-09-30T00:00:00.000,United States,RSV,Race/Ethnicity,Hispanic,0.3
2023-09-30T00:00:00.000,United States,RSV,Age Group,18-49 years,0.0
2023-09-30T00:00:00.000,United States,RSV,Age Group,5-17 years,0.1
2023-09-30T00:00:00.000,United States,RSV,Age Group,65+ years,0.0
2023-09-30T00:00:00.000,United States,RSV,Age Group,<1 year,2.5
2023-09-30T00:00:00.000,United States,RSV,Age Group,1-4 years,1.5
2023-09-30T00:00:00.000,United States,RSV,Age Group,50-64 years,0.0
2023-09-30T00:00:00.000,United States,RSV,Sex,Female,0.1
2023-09-30T00:00:00.000,United States,RSV,Sex,Other,0.0
2023-09-30T00:00:00.000,United States,RSV,Sex,Invalid,0.0
2023-09-30T00:00:00.000,United States,RSV,Sex,Male,0.2
2023-09-30T00:00:00.000,United States,Influenza,Race/Ethnicity,"Black, NH",0.5
2023-09-30T00:00:00.000,United States,Influenza,Race/Ethnicity,"AI/AN, NH",0.6
2023-09-30T00:00:00.000,United States,Influenza,Race/Ethnicity,"Asian/NHOPI, NH",0.6
2023-09-30T00:00:00.000,United States,Influenza,Race/Ethnicity,"White, NH",0.2
2023-09-30T00:00:00.000,United States,Influenza,Race/Ethnicity,"Multiple/Other, NH",0.3
2023-09-30T00:00:00.000,United States,Influenza,Race/Ethnicity,Hispanic,0.5
2023-09-30T00:00:00.000,United States,Influenza,Age Group,18-49 years,0.3
2023-09-30T00:00:00.000,United States,Influenza,Age Group,5-17 years,1.0
2023-09-30T00:00:00.000,United States,Influenza,Age Group,65+ years,0.2
2023-09-30T00:00:00.000,United States,Influenza,Age Group,<1 year,0.5
2023-09-30T00:00:00.000,United States,Influenza,Age Group,1-4 years,0.9
2023-09-30T00:00:00.000,United States,Influenza,Age Group,50-64 years,0.2
2023-09-30T00:00:00.000,United States,Influenza,Sex,Female,0.3
2023-09-30T00:00:00.000,United States,Influenza,Sex,Other,0.0
2023-09-30T00:00:00.000,United States,Influenza,Sex,Invalid,0.0
2023-09-30T00:00:00.000,United States,Influenza,Sex,Male,0.3
2023-09-30T00:00:00.000,United States,Combined,Race/Ethnicity,"Black, NH",2.1
2023-09-30T00:00:00.000,United States,Combined,Race/Ethnicity,"AI/AN, NH",2.5
2023-09-30T00:00:00.000,United States,Combined,Race/Ethnicity,"Asian/NHOPI, NH",2.9
2023-09-30T00:00:00.000,United States,Combined,Race/Ethnicity,"White, NH",2.2
2023-09-30T00:00:00.000,United States,Combined,Race/Ethnicity,"Multiple/Other, NH",2.0
2023-09-30T00:00:00.000,United States,Combined,Race/Ethnicity,Hispanic,2.3
2023-09-30T00:00:00.000,United States,Combined,Age Group,18-49 years,1.5
2023-09-30T00:00:00.000,United States,Combined,Age Group,5-17 years,1.8
2023-09-30T00:00:00.000,United States,Combined,Age Group,65+ years,3.0
2023-09-30T00:00:00.000,United States,Combined,Age Group,<1 year,6.9
2023-09-30T00:00:00.000,United States,Combined,Age Group,1-4 years,3.5
2023-09-30T00:00:00.000,United States,Combined,Age Group,50-64 years,1.8
2023-09-30T00:00:00.000,United States,Combined,Sex,Female,2.2
2023-09-30T00:00:00.000,United States,Combined,Sex,Other,0.0
2023-09-30T00:00:00.000,United States,Combined,Sex,Invalid,0.1
2023-09-30T00:00:00.000,United States,Combined,Sex,Male,2.1
2023-09-30T00:00:00.000,United States,COVID-19,Race/Ethnicity,"Black, NH",1.4
2023-09-30T00:00:00.000,United States,COVID-19,Race/Ethnicity,"AI/AN, NH",1.9
2023-09-30T00:00:00.000,United States,COVID-19,Race/Ethnicity,"Asian/NHOPI, NH",2.2
2023-09-30T00:00:00.000,United States,COVID-19,Race/Ethnicity,"White, NH",1.9
2023-09-30T00:00:00.000,United States,COVID-19,Race/Ethnicity,"Multiple/Other, NH",1.5
2023-09-30T00:00:00.000,United States,COVID-19,Race/Ethnicity,Hispanic,1.5
2023-09-30T00:00:00.000,United States,COVID-19,Age Group,18-49 years,1.3
2023-09-30T00:00:00.000,United States,COVID-19,Age Group,5-17 years,0.8
2023-09-30T00:00:00.000,United States,COVID-19,Age Group,65+ years,2.8
2023-09-30T00:00:00.000,United States,COVID-19,Age Group,<1 year,3.9
2023-09-30T00:00:00.000,United States,COVID-19,Age Group,1-4 years,1.2
2023-09-30T00:00:00.000,United States,COVID-19,Age Group,50-64 years,1.6
2023-09-30T00:00:00.000,United States,COVID-19,Sex,Female,1.8
2023-09-30T00:00:00.000,United States,COVID-19,Sex,Other,0.0
2023-09-30T00:00:00.000,United States,COVID-19,Sex,Invalid,0.1
2023-09-23T00:00:00.000,United States,RSV,Race/Ethnicity,"Black, NH",0.2
2023-09-23T00:00:00.000,United States,RSV,Race/Ethnicity,"AI/AN, NH",0.1
2023-09-23T00:00:00.000,United States,RSV,Race/Ethnicity,"Asian/NHOPI, NH",0.1
2023-09-23T00:00:00.000,United States,RSV,Race/Ethnicity,"White, NH",0.1
2023-09-23T00:00:00.000,United States,RSV,Race/Ethnicity,"Multiple/Other, NH",0.1
2023-09-23T00:00:00.000,United States,RSV,Race/Ethnicity,Hispanic,0.2
2023-09-23T00:00:00.000,United States,RSV,Age Group,18-49 years,0.0
2023-09-23T00:00:00.000,United States,RSV,Age Group,5-17 years,0.1
2023-09-23T00:00:00.000,United States,RSV,Age Group,65+ years,0.0
2023-09-23T00:00:00.000,United States,RSV,Age Group,<1 year,2.0
2023-09-23T00:00:00.000,United States,RSV,Age Group,1-4 years,1.1
2023-09-23T00:00:00.000,United States,RSV,Age Group,50-64 years,0.0
2023-09-23T00:00:00.000,United States,RSV,Sex,Female,0.1
2023-09-23T00:00:00.000,United States,RSV,Sex,Other,0.0
2023-09-23T00:00:00.000,United States,RSV,Sex,Invalid,0.0
2023-09-23T00:00:00.000,United States,RSV,Sex,Male,0.1
2023-09-23T00:00:00.000,United States,Influenza,Race/Ethnicity,"Black, NH",0.4
2023-09-23T00:00:00.000,United States,Influenza,Race/Ethnicity,"AI/AN, NH",0.5
2023-09-23T00:00:00.000,United States,Influenza,Race/Ethnicity,"Asian/NHOPI, NH",0.5
2023-09-23T00:00:00.000,United States,Influenza,Race/Ethnicity,"White, NH",0.2
2023-09-23T00:00:00.000,United States,Influenza,Race/Ethnicity,"Multiple/Other, NH",0.3
2023-09-23T00:00:00.000,United States,Influenza,Race/Ethnicity,Hispanic,0.4
2023-09-23T00:00:00.000,United States,Influenza,Age Group,18-49 years,0.2
2023-09-23T00:00:00.000,United States,Influenza,Age Group,5-17 years,0.8
2023-09-23T00:00:00.000,United States,Influenza,Age Group,65+ years,0.1
2023-09-23T00:00:00.000,United States,Influenza,Age Group,<1 year,0.5
2023-09-23T00:00:00.000,United States,Influenza,Age Group,1-4 years,0.8
2023-09-23T00:00:00.000,United States,Influenza,Age Group,50-64 years,0.2
2023-09-23T00:00:00.000,United States,Influenza,Sex,Female,0.3
2023-09-23T00:00:00.000,United States,Influenza,Sex,Other,0.0
2023-09-23T00:00:00.000,United States,Influenza,Sex,Invalid,0.0
2023-09-23T00:00:00.000,United States,Influenza,Sex,Male,0.3
2023-09-23T00:00:00.000,United States,Combined,Race/Ethnicity,"Black, NH",2.3
2023-09-23T00:00:00.000,United States,Combined,Race/Ethnicity,"AI/AN, NH",2.4
2023-09-23T00:00:00.000,United States,Combined,Race/Ethnicity,"Asian/NHOPI, NH",3.1
2023-09-23T00:00:00.000,United States,Combined,Race/Ethnicity,"White, NH",2.3
2023-09-23T00:00:00.000,United States,Combined,Race/Ethnicity,"Multiple/Other, NH",2.1
2023-09-23T00:00:00.000,United States,Combined,Race/Ethnicity,Hispanic,2.4
2023-09-23T00:00:00.000,United States,Combined,Age Group,18-49 years,1.7
2023-09-23T00:00:00.000,United States,Combined,Age Group,5-17 years,1.9
2023-09-23T00:00:00.000,United States,Combined,Age Group,65+ years,3.2
2023-09-23T00:00:00.000,United States,Combined,Age Group,<1 year,7.1
2023-09-23T00:00:00.000,United States,Combined,Age Group,1-4 years,3.2
2023-09-23T00:00:00.000,United States,Combined,Age Group,50-64 years,1.9
2023-09-23T00:00:00.000,United States,Combined,Sex,Female,2.4
2023-09-23T00:00:00.000,United States,Combined,Sex,Other,0.0
2023-09-23T00:00:00.000,United States,Combined,Sex,Invalid,0.1
2023-09-23T00:00:00.000,United States,Combined,Sex,Male,2.2
2023-09-23T00:00:00.000,United States,COVID-19,Race/Ethnicity,"Black, NH",1.7
2023-09-23T00:00:00.000,United States,COVID-19,Race/Ethnicity,"AI/AN, NH",1.9
2023-09-23T00:00:00.000,United States,COVID-19,Race/Ethnicity,"Asian/NHOPI, NH",2.5
2023-09-23T00:00:00.000,United States,COVID-19,Race/Ethnicity,"White, NH",2.0
2023-09-23T00:00:00.000,United States,COVID-19,Race/Ethnicity,"Multiple/Other, NH",1.7
2023-09-23T00:00:00.000,United States,COVID-19,Race/Ethnicity,Hispanic,1.8
2023-09-23T00:00:00.000,United States,COVID-19,Age Group,18-49 years,1.5
2023-09-23T00:00:00.000,United States,COVID-19,Age Group,5-17 years,1.0
2023-09-23T00:00:00.000,United States,COVID-19,Age Group,65+ years,3.0
2023-09-23T00:00:00.000,United States,COVID-19,Age Group,<1 year,4.7
2023-09-23T00:00:00.000,United States,COVID-19,Age Group,1-4 years,1.3
2023-09-23T00:00:00.000,United States,COVID-19,Age Group,50-64 years,1.7
2023-09-23T00:00:00.000,United States,COVID-19,Sex,Female,2.0
2023-09-23T00:00:00.000,United States,COVID-19,Sex,Other,0.0
2023-09-23T00:00:00.000,United States,COVID-19,Sex,Invalid,0.1
2023-09-23T00:00:00.000,United States,COVID-19,Sex,Male,1.8
2023-09-16T00:00:00.000,United States,COVID-19,Sex,Male,1.9
2023-09-16T00:00:00.000,United States,COVID-19,Sex,Invalid,0.2
2023-09-16T00:00:00.000,United States,COVID-19,Sex,Other,0.0
2023-09-16T00:00:00.000,United States,COVID-19,Sex,Female,2.2
2023-09-16T00:00:00.000,United States,COVID-19,Age Group,50-64 years,1.9
2023-09-16T00:00:00.000,United States,COVID-19,Age Group,1-4 years,1.7
2023-09-16T00:00:00.000,United States,COVID-19,Age Group,<1 year,5.5
2023-09-16T00:00:00.000,United States,COVID-19,Age Group,65+ years,3.0
2023-09-16T00:00:00.000,United States,COVID-19,Age Group,5-17 years,1.2
2023-09-16T00:00:00.000,United States,COVID-19,Age Group,18-49 years,1.7
2023-09-16T00:00:00.000,United States,COVID-19,Race/Ethnicity,Hispanic,2.1
2023-09-16T00:00:00.000,United States,COVID-19,Race/Ethnicity,"Multiple/Other, NH",1.9
2023-09-16T00:00:00.000,United States,COVID-19,Race/Ethnicity,"White, NH",2.1
2023-09-16T00:00:00.000,United States,COVID-19,Race/Ethnicity,"Asian/NHOPI, NH",2.7
2023-09-16T00:00:00.000,United States,COVID-19,Race/Ethnicity,"AI/AN, NH",2.1
2023-09-16T00:00:00.000,United States,COVID-19,Race/Ethnicity,"Black, NH",2.0
2023-09-16T00:00:00.000,United States,Combined,Sex,Male,2.3
2023-09-16T00:00:00.000,United States,Combined,Sex,Invalid,0.2
2023-09-16T00:00:00.000,United States,Combined,Sex,Other,0.0
2023-09-16T00:00:00.000,United States,Combined,Sex,Female,2.5
2023-09-16T00:00:00.000,United States,Combined,Age Group,50-64 years,2.0
2023-09-16T00:00:00.000,United States,Combined,Age Group,1-4 years,3.2
2023-09-16T00:00:00.000,United States,Combined,Age Group,<1 year,7.2
2023-09-16T00:00:00.000,United States,Combined,Age Group,65+ years,3.1
2023-09-16T00:00:00.000,United States,Combined,Age Group,5-17 years,1.9
2023-09-16T00:00:00.000,United States,Combined,Age Group,18-49 years,1.9
2023-09-16T00:00:00.000,United States,Combined,Race/Ethnicity,Hispanic,2.6
2023-09-16T00:00:00.000,United States,Combined,Race/Ethnicity,"Multiple/Other, NH",2.2
2023-09-16T00:00:00.000,United States,Combined,Race/Ethnicity,"White, NH",2.3
2023-09-16T00:00:00.000,United States,Combined,Race/Ethnicity,"Asian/NHOPI, NH",3.2
2023-09-16T00:00:00.000,United States,Combined,Race/Ethnicity,"AI/AN, NH",2.5
2023-09-16T00:00:00.000,United States,Combined,Race/Ethnicity,"Black, NH",2.5
2023-09-16T00:00:00.000,United States,Influenza,Sex,Male,0.3
2023-09-16T00:00:00.000,United States,Influenza,Sex,Invalid,0.0
2023-09-16T00:00:00.000,United States,Influenza,Sex,Other,0.0
2023-09-16T00:00:00.000,United States,Influenza,Sex,Female,0.3
2023-09-16T00:00:00.000,United States,Influenza,Age Group,50-64 years,0.2
2023-09-16T00:00:00.000,United States,Influenza,Age Group,1-4 years,0.8
2023-09-16T00:00:00.000,United States,Influenza,Age Group,<1 year,0.5
2023-09-16T00:00:00.000,United States,Influenza,Age Group,65+ years,0.1
2023-09-16T00:00:00.000,United States,Influenza,Age Group,5-17 years,0.6
2023-09-16T00:00:00.000,United States,Influenza,Age Group,18-49 years,0.2
2023-09-16T00:00:00.000,United States,Influenza,Race/Ethnicity,Hispanic,0.4
2023-09-16T00:00:00.000,United States,Influenza,Race/Ethnicity,"Multiple/Other, NH",0.2
2023-09-16T00:00:00.000,United States,Influenza,Race/Ethnicity,"White, NH",0.2
2023-09-16T00:00:00.000,United States,Influenza,Race/Ethnicity,"Asian/NHOPI, NH",0.4
2023-09-16T00:00:00.000,United States,Influenza,Race/Ethnicity,"AI/AN, NH",0.4
2023-09-16T00:00:00.000,United States,Influenza,Race/Ethnicity,"Black, NH",0.4
2023-09-16T00:00:00.000,United States,RSV,Sex,Male,0.1
2023-09-16T00:00:00.000,United States,RSV,Sex,Invalid,0.0
2023-09-16T00:00:00.000,United States,RSV,Sex,Other,0.0
2023-09-16T00:00:00.000,United States,RSV,Sex,Female,0.1
2023-09-16T00:00:00.000,United States,RSV,Age Group,50-64 years,0.0
2023-09-16T00:00:00.000,United States,RSV,Age Group,1-4 years,0.8
2023-09-16T00:00:00.000,United States,RSV,Age Group,<1 year,1.4
2023-09-16T00:00:00.000,United States,RSV,Age Group,65+ years,0.0
2023-09-16T00:00:00.000,United States,RSV,Age Group,5-17 years,0.1
2023-09-16T00:00:00.000,United States,RSV,Age Group,18-49 years,0.0
2023-09-16T00:00:00.000,United States,RSV,Race/Ethnicity,Hispanic,0.1
2023-09-16T00:00:00.000,United States,RSV,Race/Ethnicity,"Multiple/Other, NH",0.1
2023-09-16T00:00:00.000,United States,RSV,Race/Ethnicity,"White, NH",0.1
2023-09-16T00:00:00.000,United States,RSV,Race/Ethnicity,"Asian/NHOPI, NH",0.1
2023-09-16T00:00:00.000,United States,RSV,Race/Ethnicity,"AI/AN, NH",0.1
2023-09-16T00:00:00.000,United States,RSV,Race/Ethnicity,"Black, NH",0.1
2023-09-09T00:00:00.000,United States,COVID-19,Sex,Invalid,0.2
2023-09-09T00:00:00.000,United States,RSV,Race/Ethnicity,"Black, NH",0.1
2023-09-09T00:00:00.000,United States,RSV,Race/Ethnicity,"AI/AN, NH",0.1
2023-09-09T00:00:00.000,United States,RSV,Race/Ethnicity,"Asian/NHOPI, NH",0.1
2023-09-09T00:00:00.000,United States,RSV,Race/Ethnicity,"White, NH",0.1
2023-09-09T00:00:00.000,United States,RSV,Race/Ethnicity,"Multiple/Other, NH",0.1
2023-09-09T00:00:00.000,United States,RSV,Race/Ethnicity,Hispanic,0.1
2023-09-09T00:00:00.000,United States,RSV,Age Group,18-49 years,0.0
2023-09-09T00:00:00.000,United States,RSV,Age Group,5-17 years,0.1
2023-09-09T00:00:00.000,United States,RSV,Age Group,65+ years,0.0
2023-09-09T00:00:00.000,United States,RSV,Age Group,<1 year,1.3
2023-09-09T00:00:00.000,United States,RSV,Age Group,1-4 years,0.7
2023-09-09T00:00:00.000,United States,RSV,Age Group,50-64 years,0.0
2023-09-09T00:00:00.000,United States,RSV,Sex,Female,0.1
2023-09-09T00:00:00.000,United States,RSV,Sex,Other,0.0
2023-09-09T00:00:00.000,United States,RSV,Sex,Invalid,0.0
2023-09-09T00:00:00.000,United States,RSV,Sex,Male,0.1
2023-09-09T00:00:00.000,United States,Influenza,Race/Ethnicity,"Black, NH",0.4
2023-09-09T00:00:00.000,United States,Influenza,Race/Ethnicity,"AI/AN, NH",0.3
2023-09-09T00:00:00.000,United States,Influenza,Race/Ethnicity,"Asian/NHOPI, NH",0.4
2023-09-09T00:00:00.000,United States,Influenza,Race/Ethnicity,"White, NH",0.2
2023-09-09T00:00:00.000,United States,Influenza,Race/Ethnicity,"Multiple/Other, NH",0.2
2023-09-09T00:00:00.000,United States,Influenza,Race/Ethnicity,Hispanic,0.4
2023-09-09T00:00:00.000,United States,Influenza,Age Group,18-49 years,0.2
2023-09-09T00:00:00.000,United States,Influenza,Age Group,5-17 years,0.6
2023-09-09T00:00:00.000,United States,Influenza,Age Group,65+ years,0.1
2023-09-09T00:00:00.000,United States,Influenza,Age Group,<1 year,0.4
2023-09-09T00:00:00.000,United States,Influenza,Age Group,1-4 years,0.8
2023-09-09T00:00:00.000,United States,Influenza,Age Group,50-64 years,0.1
2023-09-09T00:00:00.000,United States,Influenza,Sex,Female,0.2
2023-09-09T00:00:00.000,United States,Influenza,Sex,Other,0.0
2023-09-09T00:00:00.000,United States,Influenza,Sex,Invalid,0.0
2023-09-09T00:00:00.000,United States,Influenza,Sex,Male,0.2
2023-09-09T00:00:00.000,United States,Combined,Race/Ethnicity,"Black, NH",3.0
2023-09-09T00:00:00.000,United States,Combined,Race/Ethnicity,"AI/AN, NH",2.5
2023-09-09T00:00:00.000,United States,Combined,Race/Ethnicity,"Asian/NHOPI, NH",3.7
2023-09-09T00:00:00.000,United States,Combined,Race/Ethnicity,"White, NH",2.5
2023-09-09T00:00:00.000,United States,Combined,Race/Ethnicity,"Multiple/Other, NH",2.6
2023-09-09T00:00:00.000,United States,Combined,Race/Ethnicity,Hispanic,3.1
2023-09-09T00:00:00.000,United States,Combined,Age Group,18-49 years,2.2
2023-09-09T00:00:00.000,United States,Combined,Age Group,5-17 years,2.5
2023-09-09T00:00:00.000,United States,Combined,Age Group,65+ years,3.4
2023-09-09T00:00:00.000,United States,Combined,Age Group,<1 year,8.0
2023-09-09T00:00:00.000,United States,Combined,Age Group,1-4 years,3.4
2023-09-09T00:00:00.000,United States,Combined,Age Group,50-64 years,2.3
2023-09-09T00:00:00.000,United States,Combined,Sex,Female,2.9
2023-09-09T00:00:00.000,United States,Combined,Sex,Other,3.3
2023-09-09T00:00:00.000,United States,Combined,Sex,Invalid,0.2
2023-09-09T00:00:00.000,United States,Combined,Sex,Male,2.5
2023-09-09T00:00:00.000,United States,COVID-19,Race/Ethnicity,"Black, NH",2.6
2023-09-09T00:00:00.000,United States,COVID-19,Race/Ethnicity,"AI/AN, NH",2.2
2023-09-09T00:00:00.000,United States,COVID-19,Race/Ethnicity,"Asian/NHOPI, NH",3.2
2023-09-09T00:00:00.000,United States,COVID-19,Race/Ethnicity,"White, NH",2.3
2023-09-09T00:00:00.000,United States,COVID-19,Race/Ethnicity,"Multiple/Other, NH",2.3
2023-09-09T00:00:00.000,United States,COVID-19,Race/Ethnicity,Hispanic,2.6
2023-09-09T00:00:00.000,United States,COVID-19,Age Group,18-49 years,2.0
2023-09-09T00:00:00.000,United States,COVID-19,Age Group,5-17 years,1.8
2023-09-09T00:00:00.000,United States,COVID-19,Age Group,65+ years,3.2
2023-09-09T00:00:00.000,United States,COVID-19,Age Group,<1 year,6.4
2023-09-09T00:00:00.000,United States,COVID-19,Age Group,1-4 years,2.0
2023-09-09T00:00:00.000,United States,COVID-19,Age Group,50-64 years,2.2
2023-09-09T00:00:00.000,United States,COVID-19,Sex,Female,2.6
2023-09-09T00:00:00.000,United States,COVID-19,Sex,Other,3.3
2023-09-09T00:00:00.000,United States,COVID-19,Sex,Male,2.2
2023-09-02T00:00:00.000,United States,Influenza,Sex,Male,0.2
2023-09-02T00:00:00.000,United States,RSV,Race/Ethnicity,"AI/AN, NH",0.0
2023-09-02T00:00:00.000,United States,RSV,Race/Ethnicity,"Asian/NHOPI, NH",0.1
2023-09-02T00:00:00.000,United States,RSV,Race/Ethnicity,"White, NH",0.0
2023-09-02T00:00:00.000,United States,RSV,Race/Ethnicity,"Multiple/Other, NH",0.1
2023-09-02T00:00:00.000,United States,RSV,Race/Ethnicity,Hispanic,0.1
2023-09-02T00:00:00.000,United States,RSV,Age Group,18-49 years,0.0
2023-09-02T00:00:00.000,United States,RSV,Age Group,5-17 years,0.0
2023-09-02T00:00:00.000,United States,RSV,Age Group,65+ years,0.0
2023-09-02T00:00:00.000,United States,RSV,Age Group,<1 year,1.0
2023-09-02T00:00:00.000,United States,RSV,Age Group,1-4 years,0.6
2023-09-02T00:00:00.000,United States,RSV,Age Group,50-64 years,0.0
2023-09-02T00:00:00.000,United States,RSV,Sex,Female,0.1
2023-09-02T00:00:00.000,United States,RSV,Sex,Other,0.0
2023-09-02T00:00:00.000,United States,RSV,Sex,Invalid,0.0
2023-09-02T00:00:00.000,United States,RSV,Sex,Male,0.1
2023-09-02T00:00:00.000,United States,Influenza,Race/Ethnicity,"Black, NH",0.4
2023-09-02T00:00:00.000,United States,Influenza,Race/Ethnicity,"AI/AN, NH",0.2
2023-09-02T00:00:00.000,United States,Influenza,Race/Ethnicity,"Asian/NHOPI, NH",0.4
2023-09-02T00:00:00.000,United States,Influenza,Race/Ethnicity,"White, NH",0.2
2023-09-02T00:00:00.000,United States,Influenza,Race/Ethnicity,"Multiple/Other, NH",0.2
2023-09-02T00:00:00.000,United States,Influenza,Race/Ethnicity,Hispanic,0.4
2023-09-02T00:00:00.000,United States,Influenza,Age Group,18-49 years,0.2
2023-09-02T00:00:00.000,United States,Influenza,Age Group,5-17 years,0.6
2023-09-02T00:00:00.000,United States,Influenza,Age Group,65+ years,0.1
2023-09-02T00:00:00.000,United States,Influenza,Age Group,<1 year,0.4
2023-09-02T00:00:00.000,United States,Influenza,Age Group,1-4 years,0.7
2023-09-02T00:00:00.000,United States,Influenza,Age Group,50-64 years,0.1
2023-09-02T00:00:00.000,United States,Influenza,Sex,Female,0.2
2023-09-02T00:00:00.000,United States,Influenza,Sex,Other,0.0
2023-09-02T00:00:00.000,United States,Influenza,Sex,Invalid,0.0
2023-09-02T00:00:00.000,United States,Combined,Race/Ethnicity,"Black, NH",3.2
2023-09-02T00:00:00.000,United States,Combined,Race/Ethnicity,"AI/AN, NH",2.3
2023-09-02T00:00:00.000,United States,Combined,Race/Ethnicity,"Asian/NHOPI, NH",3.3
2023-09-02T00:00:00.000,United States,Combined,Race/Ethnicity,"White, NH",2.4
2023-09-02T00:00:00.000,United States,Combined,Race/Ethnicity,"Multiple/Other, NH",2.5
2023-09-02T00:00:00.000,United States,Combined,Race/Ethnicity,Hispanic,3.4
2023-09-02T00:00:00.000,United States,Combined,Age Group,18-49 years,2.2
2023-09-02T00:00:00.000,United States,Combined,Age Group,5-17 years,3.1
2023-09-02T00:00:00.000,United States,Combined,Age Group,65+ years,3.2
2023-09-02T00:00:00.000,United States,Combined,Age Group,<1 year,8.2
2023-09-02T00:00:00.000,United States,Combined,Age Group,1-4 years,3.4
2023-09-02T00:00:00.000,United States,Combined,Age Group,50-64 years,2.2
2023-09-02T00:00:00.000,United States,Combined,Sex,Female,2.9
2023-09-02T00:00:00.000,United States,Combined,Sex,Other,0.0
2023-09-02T00:00:00.000,United States,Combined,Sex,Invalid,0.2
2023-09-02T00:00:00.000,United States,Combined,Sex,Male,2.5
2023-09-02T00:00:00.000,United States,COVID-19,Race/Ethnicity,"Black, NH",2.8
2023-09-02T00:00:00.000,United States,COVID-19,Race/Ethnicity,"AI/AN, NH",2.1
2023-09-02T00:00:00.000,United States,COVID-19,Race/Ethnicity,"Asian/NHOPI, NH",2.8
2023-09-02T00:00:00.000,United States,COVID-19,Race/Ethnicity,"White, NH",2.3
2023-09-02T00:00:00.000,United States,COVID-19,Race/Ethnicity,"Multiple/Other, NH",2.2
2023-09-02T00:00:00.000,United States,COVID-19,Race/Ethnicity,Hispanic,2.9
2023-09-02T00:00:00.000,United States,COVID-19,Age Group,18-49 years,2.1
2023-09-02T00:00:00.000,United States,COVID-19,Age Group,5-17 years,2.5
2023-09-02T00:00:00.000,United States,COVID-19,Age Group,65+ years,3.1
2023-09-02T00:00:00.000,United States,COVID-19,Age Group,<1 year,6.9
2023-09-02T00:00:00.000,United States,COVID-19,Age Group,1-4 years,2.2
2023-09-02T00:00:00.000,United States,COVID-19,Age Group,50-64 years,2.1
2023-09-02T00:00:00.000,United States,COVID-19,Sex,Female,2.7
2023-09-02T00:00:00.000,United States,COVID-19,Sex,Other,0.0
2023-09-02T00:00:00.000,United States,COVID-19,Sex,Invalid,0.1
2023-09-02T00:00:00.000,United States,COVID-19,Sex,Male,2.3
2023-09-02T00:00:00.000,United States,RSV,Race/Ethnicity,"Black, NH",0.1
2023-08-26T00:00:00.000,United States,COVID-19,Sex,Female,2.6
2023-08-26T00:00:00.000,United States,COVID-19,Sex,Male,2.2
2023-08-26T00:00:00.000,United States,COVID-19,Sex,Other,3.8
2023-08-26T00:00:00.000,United States,RSV,Race/Ethnicity,"Black, NH",0.1
2023-08-26T00:00:00.000,United States,RSV,Race/Ethnicity,"AI/AN, NH",0.0
2023-08-26T00:00:00.000,United States,RSV,Race/Ethnicity,"Asian/NHOPI, NH",0.0
2023-08-26T00:00:00.000,United States,RSV,Race/Ethnicity,"White, NH",0.0
2023-08-26T00:00:00.000,United States,RSV,Race/Ethnicity,"Multiple/Other, NH",0.1
2023-08-26T00:00:00.000,United States,RSV,Race/Ethnicity,Hispanic,0.1
2023-08-26T00:00:00.000,United States,RSV,Age Group,18-49 years,0.0
2023-08-26T00:00:00.000,United States,RSV,Age Group,5-17 years,0.0
2023-08-26T00:00:00.000,United States,RSV,Age Group,65+ years,0.0
2023-08-26T00:00:00.000,United States,RSV,Age Group,<1 year,0.9
2023-08-26T00:00:00.000,United States,RSV,Age Group,1-4 years,0.5
2023-08-26T00:00:00.000,United States,RSV,Age Group,50-64 years,0.0
2023-08-26T00:00:00.000,United States,RSV,Sex,Female,0.0
2023-08-26T00:00:00.000,United States,RSV,Sex,Other,0.0
2023-08-26T00:00:00.000,United States,RSV,Sex,Invalid,0.0
2023-08-26T00:00:00.000,United States,RSV,Sex,Male,0.1
2023-08-26T00:00:00.000,United States,Influenza,Race/Ethnicity,"Black, NH",0.3
2023-08-26T00:00:00.000,United States,Influenza,Race/Ethnicity,"AI/AN, NH",0.2
2023-08-26T00:00:00.000,United States,Influenza,Race/Ethnicity,"Asian/NHOPI, NH",0.4
2023-08-26T00:00:00.000,United States,Influenza,Race/Ethnicity,"White, NH",0.1
2023-08-26T00:00:00.000,United States,Influenza,Race/Ethnicity,"Multiple/Other, NH",0.2
2023-08-26T00:00:00.000,United States,Influenza,Race/Ethnicity,Hispanic,0.4
2023-08-26T00:00:00.000,United States,Influenza,Age Group,18-49 years,0.2
2023-08-26T00:00:00.000,United States,Influenza,Age Group,5-17 years,0.6
2023-08-26T00:00:00.000,United States,Influenza,Age Group,65+ years,0.1
2023-08-26T00:00:00.000,United States,Influenza,Age Group,<1 year,0.5
2023-08-26T00:00:00.000,United States,Influenza,Age Group,1-4 years,0.7
2023-08-26T00:00:00.000,United States,Influenza,Age Group,50-64 years,0.1
2023-08-26T00:00:00.000,United States,Influenza,Sex,Female,0.2
2023-08-26T00:00:00.000,United States,COVID-19,Sex,Invalid,0.1
2023-08-26T00:00:00.000,United States,Influenza,Sex,Other,0.0
2023-08-26T00:00:00.000,United States,Influenza,Sex,Invalid,0.0
2023-08-26T00:00:00.000,United States,Influenza,Sex,Male,0.2
2023-08-26T00:00:00.000,United States,Combined,Race/Ethnicity,"Black, NH",3.2
2023-08-26T00:00:00.000,United States,Combined,Race/Ethnicity,"AI/AN, NH",2.1
2023-08-26T00:00:00.000,United States,Combined,Race/Ethnicity,"Asian/NHOPI, NH",3.3
2023-08-26T00:00:00.000,United States,Combined,Race/Ethnicity,"White, NH",2.3
2023-08-26T00:00:00.000,United States,Combined,Race/Ethnicity,"Multiple/Other, NH",2.4
2023-08-26T00:00:00.000,United States,Combined,Race/Ethnicity,Hispanic,3.4
2023-08-26T00:00:00.000,United States,Combined,Age Group,18-49 years,2.1
2023-08-26T00:00:00.000,United States,Combined,Age Group,5-17 years,3.4
2023-08-26T00:00:00.000,United States,Combined,Age Group,65+ years,3.0
2023-08-26T00:00:00.000,United States,Combined,Age Group,<1 year,8.6
2023-08-26T00:00:00.000,United States,Combined,Age Group,1-4 years,3.6
2023-08-26T00:00:00.000,United States,Combined,Age Group,50-64 years,2.1
2023-08-26T00:00:00.000,United States,Combined,Sex,Female,2.9
2023-08-26T00:00:00.000,United States,Combined,Sex,Other,3.8
2023-08-26T00:00:00.000,United States,Combined,Sex,Invalid,0.1
2023-08-26T00:00:00.000,United States,Combined,Sex,Male,2.5
2023-08-26T00:00:00.000,United States,COVID-19,Race/Ethnicity,"Black, NH",2.9
2023-08-26T00:00:00.000,United States,COVID-19,Race/Ethnicity,"AI/AN, NH",2.0
2023-08-26T00:00:00.000,United States,COVID-19,Race/Ethnicity,"Asian/NHOPI, NH",2.9
2023-08-26T00:00:00.000,United States,COVID-19,Race/Ethnicity,"White, NH",2.1
2023-08-26T00:00:00.000,United States,COVID-19,Race/Ethnicity,"Multiple/Other, NH",2.2
2023-08-26T00:00:00.000,United States,COVID-19,Race/Ethnicity,Hispanic,2.9
2023-08-26T00:00:00.000,United States,COVID-19,Age Group,18-49 years,2.0
2023-08-26T00:00:00.000,United States,COVID-19,Age Group,5-17 years,2.8
2023-08-26T00:00:00.000,United States,COVID-19,Age Group,65+ years,2.9
2023-08-26T00:00:00.000,United States,COVID-19,Age Group,<1 year,7.3
2023-08-26T00:00:00.000,United States,COVID-19,Age Group,1-4 years,2.5
2023-08-26T00:00:00.000,United States,COVID-19,Age Group,50-64 years,2.0
2023-08-19T00:00:00.000,United States,Combined,Age Group,5-17 years,2.4
2023-08-19T00:00:00.000,United States,RSV,Race/Ethnicity,"Black, NH",0.1
2023-08-19T00:00:00.000,United States,RSV,Race/Ethnicity,"AI/AN, NH",0.0
2023-08-19T00:00:00.000,United States,RSV,Race/Ethnicity,"Asian/NHOPI, NH",0.1
2023-08-19T00:00:00.000,United States,RSV,Race/Ethnicity,"White, NH",0.0
2023-08-19T00:00:00.000,United States,RSV,Race/Ethnicity,"Multiple/Other, NH",0.1
2023-08-19T00:00:00.000,United States,RSV,Race/Ethnicity,Hispanic,0.1
2023-08-19T00:00:00.000,United States,RSV,Age Group,18-49 years,0.0
2023-08-19T00:00:00.000,United States,RSV,Age Group,5-17 years,0.0
2023-08-19T00:00:00.000,United States,RSV,Age Group,65+ years,0.0
2023-08-19T00:00:00.000,United States,RSV,Age Group,<1 year,0.8
2023-08-19T00:00:00.000,United States,RSV,Age Group,1-4 years,0.5
2023-08-19T00:00:00.000,United States,RSV,Age Group,50-64 years,0.0
2023-08-19T00:00:00.000,United States,RSV,Sex,Female,0.0
2023-08-19T00:00:00.000,United States,RSV,Sex,Other,0.0
2023-08-19T00:00:00.000,United States,RSV,Sex,Invalid,0.0
2023-08-19T00:00:00.000,United States,RSV,Sex,Male,0.1
2023-08-19T00:00:00.000,United States,Influenza,Race/Ethnicity,"Black, NH",0.2
2023-08-19T00:00:00.000,United States,Influenza,Race/Ethnicity,"AI/AN, NH",0.1
2023-08-19T00:00:00.000,United States,Influenza,Race/Ethnicity,"Asian/NHOPI, NH",0.3
2023-08-19T00:00:00.000,United States,Influenza,Race/Ethnicity,"White, NH",0.1
2023-08-19T00:00:00.000,United States,Influenza,Race/Ethnicity,"Multiple/Other, NH",0.2
2023-08-19T00:00:00.000,United States,Influenza,Race/Ethnicity,Hispanic,0.3
2023-08-19T00:00:00.000,United States,Influenza,Age Group,18-49 years,0.2
2023-08-19T00:00:00.000,United States,Influenza,Age Group,5-17 years,0.4
2023-08-19T00:00:00.000,United States,Influenza,Age Group,65+ years,0.1
2023-08-19T00:00:00.000,United States,Influenza,Age Group,<1 year,0.4
2023-08-19T00:00:00.000,United States,Influenza,Age Group,1-4 years,0.6
2023-08-19T00:00:00.000,United States,Influenza,Age Group,50-64 years,0.1
2023-08-19T00:00:00.000,United States,Influenza,Sex,Female,0.2
2023-08-19T00:00:00.000,United States,Influenza,Sex,Other,0.0
2023-08-19T00:00:00.000,United States,Influenza,Sex,Invalid,0.0
2023-08-19T00:00:00.000,United States,Influenza,Sex,Male,0.2
2023-08-19T00:00:00.000,United States,Combined,Race/Ethnicity,"Black, NH",2.6
2023-08-19T00:00:00.000,United States,Combined,Race/Ethnicity,"AI/AN, NH",1.9
2023-08-19T00:00:00.000,United States,Combined,Race/Ethnicity,"Asian/NHOPI, NH",2.8
2023-08-19T00:00:00.000,United States,Combined,Race/Ethnicity,"White, NH",1.9
2023-08-19T00:00:00.000,United States,Combined,Race/Ethnicity,"Multiple/Other, NH",2.0
2023-08-19T00:00:00.000,United States,Combined,Race/Ethnicity,Hispanic,2.7
2023-08-19T00:00:00.000,United States,Combined,Age Group,18-49 years,1.7
2023-08-19T00:00:00.000,United States,Combined,Age Group,65+ years,2.6
2023-08-19T00:00:00.000,United States,Combined,Age Group,<1 year,7.4
2023-08-19T00:00:00.000,United States,Combined,Age Group,1-4 years,3.1
2023-08-19T00:00:00.000,United States,Combined,Age Group,50-64 years,1.8
2023-08-19T00:00:00.000,United States,Combined,Sex,Female,2.3
2023-08-19T00:00:00.000,United States,Combined,Sex,Other,0.0
2023-08-19T00:00:00.000,United States,Combined,Sex,Invalid,0.1
2023-08-19T00:00:00.000,United States,Combined,Sex,Male,2.0
2023-08-19T00:00:00.000,United States,COVID-19,Race/Ethnicity,"Black, NH",2.3
2023-08-19T00:00:00.000,United States,COVID-19,Race/Ethnicity,"AI/AN, NH",1.7
2023-08-19T00:00:00.000,United States,COVID-19,Race/Ethnicity,"Asian/NHOPI, NH",2.4
2023-08-19T00:00:00.000,United States,COVID-19,Race/Ethnicity,"White, NH",1.8
2023-08-19T00:00:00.000,United States,COVID-19,Race/Ethnicity,"Multiple/Other, NH",1.8
2023-08-19T00:00:00.000,United States,COVID-19,Race/Ethnicity,Hispanic,2.4
2023-08-19T00:00:00.000,United States,COVID-19,Age Group,18-49 years,1.6
2023-08-19T00:00:00.000,United States,COVID-19,Age Group,5-17 years,2.0
2023-08-19T00:00:00.000,United States,COVID-19,Age Group,65+ years,2.5
2023-08-19T00:00:00.000,United States,COVID-19,Age Group,<1 year,6.4
2023-08-19T00:00:00.000,United States,COVID-19,Age Group,1-4 years,2.0
2023-08-19T00:00:00.000,United States,COVID-19,Age Group,50-64 years,1.7
2023-08-19T00:00:00.000,United States,COVID-19,Sex,Female,2.1
2023-08-19T00:00:00.000,United States,COVID-19,Sex,Other,0.0
2023-08-19T00:00:00.000,United States,COVID-19,Sex,Invalid,0.1
2023-08-19T00:00:00.000,United States,COVID-19,Sex,Male,1.8
2023-08-12T00:00:00.000,United States,COVID-19,Sex,Invalid,0.1
2023-08-12T00:00:00.000,United States,COVID-19,Sex,Male,1.4
2023-08-12T00:00:00.000,United States,COVID-19,Sex,Other,0.0
2023-08-12T00:00:00.000,United States,COVID-19,Sex,Female,1.7
2023-08-12T00:00:00.000,United States,COVID-19,Age Group,50-64 years,1.4
2023-08-12T00:00:00.000,United States,COVID-19,Age Group,1-4 years,1.7
2023-08-12T00:00:00.000,United States,COVID-19,Age Group,<1 year,5.3
2023-08-12T00:00:00.000,United States,COVID-19,Age Group,65+ years,2.1
2023-08-12T00:00:00.000,United States,COVID-19,Age Group,5-17 years,1.2
2023-08-12T00:00:00.000,United States,COVID-19,Age Group,18-49 years,1.2
2023-08-12T00:00:00.000,United States,COVID-19,Race/Ethnicity,Hispanic,1.9
2023-08-12T00:00:00.000,United States,COVID-19,Race/Ethnicity,"Multiple/Other, NH",1.5
2023-08-12T00:00:00.000,United States,COVID-19,Race/Ethnicity,"White, NH",1.4
2023-08-12T00:00:00.000,United States,COVID-19,Race/Ethnicity,"Asian/NHOPI, NH",2.1
2023-08-12T00:00:00.000,United States,COVID-19,Race/Ethnicity,"AI/AN, NH",1.4
2023-08-12T00:00:00.000,United States,COVID-19,Race/Ethnicity,"Black, NH",1.8
2023-08-12T00:00:00.000,United States,Combined,Sex,Male,1.6
2023-08-12T00:00:00.000,United States,Combined,Sex,Invalid,0.1
2023-08-12T00:00:00.000,United States,Combined,Sex,Other,0.0
2023-08-12T00:00:00.000,United States,Combined,Sex,Female,1.9
2023-08-12T00:00:00.000,United States,Combined,Age Group,50-64 years,1.5
2023-08-12T00:00:00.000,United States,Combined,Age Group,1-4 years,2.5
2023-08-12T00:00:00.000,United States,Combined,Age Group,<1 year,6.4
2023-08-12T00:00:00.000,United States,Combined,Age Group,65+ years,2.2
2023-08-12T00:00:00.000,United States,Combined,Age Group,5-17 years,1.5
2023-08-12T00:00:00.000,United States,Combined,Age Group,18-49 years,1.4
2023-08-12T00:00:00.000,United States,Combined,Race/Ethnicity,Hispanic,2.1
2023-08-12T00:00:00.000,United States,Combined,Race/Ethnicity,"Multiple/Other, NH",1.7
2023-08-12T00:00:00.000,United States,Combined,Race/Ethnicity,"White, NH",1.6
2023-08-12T00:00:00.000,United States,Combined,Race/Ethnicity,"Asian/NHOPI, NH",2.5
2023-08-12T00:00:00.000,United States,Combined,Race/Ethnicity,"AI/AN, NH",1.6
2023-08-12T00:00:00.000,United States,Combined,Race/Ethnicity,"Black, NH",2.1
2023-08-12T00:00:00.000,United States,Influenza,Sex,Male,0.2
2023-08-12T00:00:00.000,United States,Influenza,Sex,Invalid,0.0
2023-08-12T00:00:00.000,United States,Influenza,Sex,Other,0.0
2023-08-12T00:00:00.000,United States,Influenza,Sex,Female,0.2
2023-08-12T00:00:00.000,United States,Influenza,Age Group,50-64 years,0.1
2023-08-12T00:00:00.000,United States,Influenza,Age Group,1-4 years,0.5
2023-08-12T00:00:00.000,United States,Influenza,Age Group,<1 year,0.4
2023-08-12T00:00:00.000,United States,Influenza,Age Group,65+ years,0.1
2023-08-12T00:00:00.000,United States,Influenza,Age Group,5-17 years,0.3
2023-08-12T00:00:00.000,United States,Influenza,Age Group,18-49 years,0.1
2023-08-12T00:00:00.000,United States,Influenza,Race/Ethnicity,Hispanic,0.3
2023-08-12T00:00:00.000,United States,Influenza,Race/Ethnicity,"Multiple/Other, NH",0.2
2023-08-12T00:00:00.000,United States,Influenza,Race/Ethnicity,"White, NH",0.1
2023-08-12T00:00:00.000,United States,Influenza,Race/Ethnicity,"Asian/NHOPI, NH",0.3
2023-08-12T00:00:00.000,United States,Influenza,Race/Ethnicity,"AI/AN, NH",0.2
2023-08-12T00:00:00.000,United States,Influenza,Race/Ethnicity,"Black, NH",0.2
2023-08-12T00:00:00.000,United States,RSV,Sex,Male,0.0
2023-08-12T00:00:00.000,United States,RSV,Sex,Invalid,0.0
2023-08-12T00:00:00.000,United States,RSV,Sex,Other,0.0
2023-08-12T00:00:00.000,United States,RSV,Sex,Female,0.0
2023-08-12T00:00:00.000,United States,RSV,Age Group,50-64 years,0.0
2023-08-12T00:00:00.000,United States,RSV,Age Group,1-4 years,0.3
2023-08-12T00:00:00.000,United States,RSV,Age Group,<1 year,0.7
2023-08-12T00:00:00.000,United States,RSV,Age Group,65+ years,0.0
2023-08-12T00:00:00.000,United States,RSV,Age Group,5-17 years,0.0
2023-08-12T00:00:00.000,United States,RSV,Age Group,18-49 years,0.0
2023-08-12T00:00:00.000,United States,RSV,Race/Ethnicity,Hispanic,0.1
2023-08-12T00:00:00.000,United States,RSV,Race/Ethnicity,"Multiple/Other, NH",0.0
2023-08-12T00:00:00.000,United States,RSV,Race/Ethnicity,"White, NH",0.0
2023-08-12T00:00:00.000,United States,RSV,Race/Ethnicity,"Asian/NHOPI, NH",0.0
2023-08-12T00:00:00.000,United States,RSV,Race/Ethnicity,"AI/AN, NH",0.0
2023-08-12T00:00:00.000,United States,RSV,Race/Ethnicity,"Black, NH",0.0
2023-08-05T00:00:00.000,United States,COVID-19,Sex,Invalid,0.0
2023-08-05T00:00:00.000,United States,RSV,Race/Ethnicity,"Black, NH",0.0
2023-08-05T00:00:00.000,United States,RSV,Race/Ethnicity,"AI/AN, NH",0.0
2023-08-05T00:00:00.000,United States,RSV,Race/Ethnicity,"Asian/NHOPI, NH",0.0
2023-08-05T00:00:00.000,United States,RSV,Race/Ethnicity,"White, NH",0.0
2023-08-05T00:00:00.000,United States,RSV,Race/Ethnicity,"Multiple/Other, NH",0.0
2023-08-05T00:00:00.000,United States,RSV,Race/Ethnicity,Hispanic,0.1
2023-08-05T00:00:00.000,United States,RSV,Age Group,18-49 years,0.0
2023-08-05T00:00:00.000,United States,RSV,Age Group,5-17 years,0.0
2023-08-05T00:00:00.000,United States,RSV,Age Group,65+ years,0.0
2023-08-05T00:00:00.000,United States,RSV,Age Group,<1 year,0.7
2023-08-05T00:00:00.000,United States,RSV,Age Group,1-4 years,0.3
2023-08-05T00:00:00.000,United States,RSV,Age Group,50-64 years,0.0
2023-08-05T00:00:00.000,United States,RSV,Sex,Female,0.0
2023-08-05T00:00:00.000,United States,RSV,Sex,Other,0.0
2023-08-05T00:00:00.000,United States,RSV,Sex,Invalid,0.0
2023-08-05T00:00:00.000,United States,RSV,Sex,Male,0.0
2023-08-05T00:00:00.000,United States,Influenza,Race/Ethnicity,"Black, NH",0.2
2023-08-05T00:00:00.000,United States,Influenza,Race/Ethnicity,"AI/AN, NH",0.1
2023-08-05T00:00:00.000,United States,Influenza,Race/Ethnicity,"Asian/NHOPI, NH",0.3
2023-08-05T00:00:00.000,United States,Influenza,Race/Ethnicity,"White, NH",0.1
2023-08-05T00:00:00.000,United States,Influenza,Race/Ethnicity,"Multiple/Other, NH",0.1
2023-08-05T00:00:00.000,United States,Influenza,Race/Ethnicity,Hispanic,0.2
2023-08-05T00:00:00.000,United States,Influenza,Age Group,18-49 years,0.1
2023-08-05T00:00:00.000,United States,Influenza,Age Group,5-17 years,0.3
2023-08-05T00:00:00.000,United States,Influenza,Age Group,65+ years,0.1
2023-08-05T00:00:00.000,United States,Influenza,Age Group,<1 year,0.3
2023-08-05T00:00:00.000,United States,Influenza,Age Group,1-4 years,0.5
2023-08-05T00:00:00.000,United States,Influenza,Age Group,50-64 years,0.1
2023-08-05T00:00:00.000,United States,Influenza,Sex,Female,0.2
2023-08-05T00:00:00.000,United States,Influenza,Sex,Other,0.0
2023-08-05T00:00:00.000,United States,Influenza,Sex,Invalid,0.0
2023-08-05T00:00:00.000,United States,Influenza,Sex,Male,0.2
2023-08-05T00:00:00.000,United States,Combined,Race/Ethnicity,"Black, NH",1.8
2023-08-05T00:00:00.000,United States,Combined,Race/Ethnicity,"AI/AN, NH",1.3
2023-08-05T00:00:00.000,United States,Combined,Race/Ethnicity,"Asian/NHOPI, NH",2.2
2023-08-05T00:00:00.000,United States,Combined,Race/Ethnicity,"White, NH",1.3
2023-08-05T00:00:00.000,United States,Combined,Race/Ethnicity,"Multiple/Other, NH",1.3
2023-08-05T00:00:00.000,United States,Combined,Race/Ethnicity,Hispanic,1.9
2023-08-05T00:00:00.000,United States,Combined,Age Group,18-49 years,1.2
2023-08-05T00:00:00.000,United States,Combined,Age Group,5-17 years,1.1
2023-08-05T00:00:00.000,United States,Combined,Age Group,65+ years,1.9
2023-08-05T00:00:00.000,United States,Combined,Age Group,<1 year,5.4
2023-08-05T00:00:00.000,United States,Combined,Age Group,1-4 years,2.1
2023-08-05T00:00:00.000,United States,Combined,Age Group,50-64 years,1.2
2023-08-05T00:00:00.000,United States,Combined,Sex,Female,1.6
2023-08-05T00:00:00.000,United States,Combined,Sex,Other,0.0
2023-08-05T00:00:00.000,United States,Combined,Sex,Invalid,0.0
2023-08-05T00:00:00.000,United States,Combined,Sex,Male,1.4
2023-08-05T00:00:00.000,United States,COVID-19,Race/Ethnicity,"Black, NH",1.5
2023-08-05T00:00:00.000,United States,COVID-19,Race/Ethnicity,"AI/AN, NH",1.2
2023-08-05T00:00:00.000,United States,COVID-19,Race/Ethnicity,"Asian/NHOPI, NH",1.8
2023-08-05T00:00:00.000,United States,COVID-19,Race/Ethnicity,"White, NH",1.2
2023-08-05T00:00:00.000,United States,COVID-19,Race/Ethnicity,"Multiple/Other, NH",1.2
2023-08-05T00:00:00.000,United States,COVID-19,Race/Ethnicity,Hispanic,1.6
2023-08-05T00:00:00.000,United States,COVID-19,Age Group,18-49 years,1.0
2023-08-05T00:00:00.000,United States,COVID-19,Age Group,5-17 years,0.7
2023-08-05T00:00:00.000,United States,COVID-19,Age Group,65+ years,1.8
2023-08-05T00:00:00.000,United States,COVID-19,Age Group,<1 year,4.4
2023-08-05T00:00:00.000,United States,COVID-19,Age Group,1-4 years,1.3
2023-08-05T00:00:00.000,United States,COVID-19,Age Group,50-64 years,1.1
2023-08-05T00:00:00.000,United States,COVID-19,Sex,Female,1.4
2023-08-05T00:00:00.000,United States,COVID-19,Sex,Other,0.0
2023-08-05T00:00:00.000,United States,COVID-19,Sex,Male,1.2
2023-07-29T00:00:00.000,United States,Influenza,Sex,Male,0.2
2023-07-29T00:00:00.000,United States,RSV,Race/Ethnicity,"Black, NH",0.0
2023-07-29T00:00:00.000,United States,RSV,Race/Ethnicity,"AI/AN, NH",0.0
2023-07-29T00:00:00.000,United States,RSV,Race/Ethnicity,"Asian/NHOPI, NH",0.0
2023-07-29T00:00:00.000,United States,RSV,Race/Ethnicity,"White, NH",0.0
2023-07-29T00:00:00.000,United States,RSV,Race/Ethnicity,"Multiple/Other, NH",0.0
2023-07-29T00:00:00.000,United States,RSV,Race/Ethnicity,Hispanic,0.1
2023-07-29T00:00:00.000,United States,RSV,Age Group,18-49 years,0.0
2023-07-29T00:00:00.000,United States,RSV,Age Group,5-17 years,0.0
2023-07-29T00:00:00.000,United States,RSV,Age Group,65+ years,0.0
2023-07-29T00:00:00.000,United States,RSV,Age Group,<1 year,0.6
2023-07-29T00:00:00.000,United States,RSV,Age Group,1-4 years,0.3
2023-07-29T00:00:00.000,United States,RSV,Age Group,50-64 years,0.0
2023-07-29T00:00:00.000,United States,RSV,Sex,Female,0.0
2023-07-29T00:00:00.000,United States,RSV,Sex,Other,0.0
2023-07-29T00:00:00.000,United States,RSV,Sex,Invalid,0.0
2023-07-29T00:00:00.000,United States,RSV,Sex,Male,0.0
2023-07-29T00:00:00.000,United States,Influenza,Race/Ethnicity,"Black, NH",0.2
2023-07-29T00:00:00.000,United States,Influenza,Race/Ethnicity,"AI/AN, NH",0.1
2023-07-29T00:00:00.000,United States,Influenza,Race/Ethnicity,"Asian/NHOPI, NH",0.2
2023-07-29T00:00:00.000,United States,Influenza,Race/Ethnicity,"White, NH",0.1
2023-07-29T00:00:00.000,United States,Influenza,Race/Ethnicity,"Multiple/Other, NH",0.1
2023-07-29T00:00:00.000,United States,Influenza,Race/Ethnicity,Hispanic,0.2
2023-07-29T00:00:00.000,United States,Influenza,Age Group,18-49 years,0.1
2023-07-29T00:00:00.000,United States,Influenza,Age Group,5-17 years,0.3
2023-07-29T00:00:00.000,United States,Influenza,Age Group,65+ years,0.1
2023-07-29T00:00:00.000,United States,Influenza,Age Group,<1 year,0.4
2023-07-29T00:00:00.000,United States,Influenza,Age Group,1-4 years,0.5
2023-07-29T00:00:00.000,United States,Influenza,Age Group,50-64 years,0.1
2023-07-29T00:00:00.000,United States,Influenza,Sex,Female,0.1
2023-07-29T00:00:00.000,United States,Influenza,Sex,Other,0.0
2023-07-29T00:00:00.000,United States,Influenza,Sex,Invalid,0.0
2023-07-29T00:00:00.000,United States,Combined,Race/Ethnicity,"Black, NH",1.4
2023-07-29T00:00:00.000,United States,Combined,Race/Ethnicity,"AI/AN, NH",1.0
2023-07-29T00:00:00.000,United States,Combined,Race/Ethnicity,"Asian/NHOPI, NH",1.8
2023-07-29T00:00:00.000,United States,Combined,Race/Ethnicity,"White, NH",1.0
2023-07-29T00:00:00.000,United States,Combined,Race/Ethnicity,"Multiple/Other, NH",1.1
2023-07-29T00:00:00.000,United States,Combined,Race/Ethnicity,Hispanic,1.5
2023-07-29T00:00:00.000,United States,Combined,Age Group,18-49 years,1.0
2023-07-29T00:00:00.000,United States,Combined,Age Group,5-17 years,0.9
2023-07-29T00:00:00.000,United States,Combined,Age Group,65+ years,1.5
2023-07-29T00:00:00.000,United States,Combined,Age Group,<1 year,4.6
2023-07-29T00:00:00.000,United States,Combined,Age Group,1-4 years,1.8
2023-07-29T00:00:00.000,United States,Combined,Age Group,50-64 years,1.0
2023-07-29T00:00:00.000,United States,Combined,Sex,Female,1.3
2023-07-29T00:00:00.000,United States,Combined,Sex,Other,0.0
2023-07-29T00:00:00.000,United States,Combined,Sex,Invalid,0.0
2023-07-29T00:00:00.000,United States,Combined,Sex,Male,1.1
2023-07-29T00:00:00.000,United States,COVID-19,Race/Ethnicity,"Black, NH",1.2
2023-07-29T00:00:00.000,United States,COVID-19,Race/Ethnicity,"AI/AN, NH",0.9
2023-07-29T00:00:00.000,United States,COVID-19,Race/Ethnicity,"Asian/NHOPI, NH",1.6
2023-07-29T00:00:00.000,United States,COVID-19,Race/Ethnicity,"White, NH",0.9
2023-07-29T00:00:00.000,United States,COVID-19,Race/Ethnicity,"Multiple/Other, NH",1.0
2023-07-29T00:00:00.000,United States,COVID-19,Race/Ethnicity,Hispanic,1.3
2023-07-29T00:00:00.000,United States,COVID-19,Age Group,18-49 years,0.8
2023-07-29T00:00:00.000,United States,COVID-19,Age Group,5-17 years,0.6
2023-07-29T00:00:00.000,United States,COVID-19,Age Group,65+ years,1.4
2023-07-29T00:00:00.000,United States,COVID-19,Age Group,<1 year,3.7
2023-07-29T00:00:00.000,United States,COVID-19,Age Group,1-4 years,1.0
2023-07-29T00:00:00.000,United States,COVID-19,Age Group,50-64 years,0.9
2023-07-29T00:00:00.000,United States,COVID-19,Sex,Female,1.1
2023-07-29T00:00:00.000,United States,COVID-19,Sex,Other,0.0
2023-07-29T00:00:00.000,United States,COVID-19,Sex,Invalid,0.0
2023-07-29T00:00:00.000,United States,COVID-19,Sex,Male,1.0
2023-07-22T00:00:00.000,United States,RSV,Race/Ethnicity,"AI/AN, NH",0.0
2023-07-22T00:00:00.000,United States,RSV,Race/Ethnicity,"Black, NH",0.0
2023-07-22T00:00:00.000,United States,COVID-19,Sex,Invalid,0.1
2023-07-22T00:00:00.000,United States,COVID-19,Sex,Other,0.0
2023-07-22T00:00:00.000,United States,COVID-19,Sex,Female,0.9
2023-07-22T00:00:00.000,United States,COVID-19,Age Group,50-64 years,0.7
2023-07-22T00:00:00.000,United States,COVID-19,Age Group,1-4 years,0.7
2023-07-22T00:00:00.000,United States,COVID-19,Age Group,<1 year,2.7
2023-07-22T00:00:00.000,United States,COVID-19,Age Group,65+ years,1.2
2023-07-22T00:00:00.000,United States,COVID-19,Age Group,5-17 years,0.4
2023-07-22T00:00:00.000,United States,COVID-19,Age Group,18-49 years,0.7
2023-07-22T00:00:00.000,United States,COVID-19,Race/Ethnicity,Hispanic,1.0
2023-07-22T00:00:00.000,United States,COVID-19,Race/Ethnicity,"Multiple/Other, NH",0.8
2023-07-22T00:00:00.000,United States,COVID-19,Race/Ethnicity,"White, NH",0.7
2023-07-22T00:00:00.000,United States,COVID-19,Race/Ethnicity,"Asian/NHOPI, NH",1.2
2023-07-22T00:00:00.000,United States,COVID-19,Race/Ethnicity,"AI/AN, NH",0.7
2023-07-22T00:00:00.000,United States,COVID-19,Sex,Male,0.8
2023-07-22T00:00:00.000,United States,COVID-19,Race/Ethnicity,"Black, NH",0.9
2023-07-22T00:00:00.000,United States,Combined,Sex,Male,0.9
2023-07-22T00:00:00.000,United States,Combined,Sex,Invalid,0.1
2023-07-22T00:00:00.000,United States,Combined,Sex,Other,0.0
2023-07-22T00:00:00.000,United States,Combined,Sex,Female,1.0
2023-07-22T00:00:00.000,United States,Combined,Age Group,50-64 years,0.8
2023-07-22T00:00:00.000,United States,Combined,Age Group,1-4 years,1.5
2023-07-22T00:00:00.000,United States,Combined,Age Group,<1 year,3.5
2023-07-22T00:00:00.000,United States,Combined,Age Group,65+ years,1.3
2023-07-22T00:00:00.000,United States,Combined,Age Group,5-17 years,0.7
2023-07-22T00:00:00.000,United States,Combined,Age Group,18-49 years,0.8
2023-07-22T00:00:00.000,United States,Combined,Race/Ethnicity,Hispanic,1.3
2023-07-22T00:00:00.000,United States,Combined,Race/Ethnicity,"Multiple/Other, NH",0.9
2023-07-22T00:00:00.000,United States,Combined,Race/Ethnicity,"White, NH",0.9
2023-07-22T00:00:00.000,United States,Combined,Race/Ethnicity,"Asian/NHOPI, NH",1.5
2023-07-22T00:00:00.000,United States,Combined,Race/Ethnicity,"AI/AN, NH",0.9
2023-07-22T00:00:00.000,United States,Combined,Race/Ethnicity,"Black, NH",1.2
2023-07-22T00:00:00.000,United States,Influenza,Sex,Male,0.2
2023-07-22T00:00:00.000,United States,Influenza,Sex,Invalid,0.0
2023-07-22T00:00:00.000,United States,Influenza,Sex,Other,0.0
2023-07-22T00:00:00.000,United States,Influenza,Sex,Female,0.2
2023-07-22T00:00:00.000,United States,Influenza,Age Group,50-64 years,0.1
2023-07-22T00:00:00.000,United States,Influenza,Age Group,1-4 years,0.5
2023-07-22T00:00:00.000,United States,Influenza,Age Group,<1 year,0.3
2023-07-22T00:00:00.000,United States,Influenza,Age Group,65+ years,0.1
2023-07-22T00:00:00.000,United States,Influenza,Age Group,5-17 years,0.3
2023-07-22T00:00:00.000,United States,Influenza,Age Group,18-49 years,0.1
2023-07-22T00:00:00.000,United States,Influenza,Race/Ethnicity,Hispanic,0.3
2023-07-22T00:00:00.000,United States,Influenza,Race/Ethnicity,"Multiple/Other, NH",0.1
2023-07-22T00:00:00.000,United States,Influenza,Race/Ethnicity,"White, NH",0.1
2023-07-22T00:00:00.000,United States,Influenza,Race/Ethnicity,"Asian/NHOPI, NH",0.3
2023-07-22T00:00:00.000,United States,Influenza,Race/Ethnicity,"AI/AN, NH",0.1
2023-07-22T00:00:00.000,United States,Influenza,Race/Ethnicity,"Black, NH",0.2
2023-07-22T00:00:00.000,United States,RSV,Sex,Male,0.0
2023-07-22T00:00:00.000,United States,RSV,Sex,Invalid,0.0
2023-07-22T00:00:00.000,United States,RSV,Sex,Other,0.0
2023-07-22T00:00:00.000,United States,RSV,Sex,Female,0.0
2023-07-22T00:00:00.000,United States,RSV,Age Group,50-64 years,0.0
2023-07-22T00:00:00.000,United States,RSV,Age Group,1-4 years,0.2
2023-07-22T00:00:00.000,United States,RSV,Age Group,<1 year,0.5
2023-07-22T00:00:00.000,United States,RSV,Age Group,65+ years,0.0
2023-07-22T00:00:00.000,United States,RSV,Age Group,5-17 years,0.0
2023-07-22T00:00:00.000,United States,RSV,Age Group,18-49 years,0.0
2023-07-22T00:00:00.000,United States,RSV,Race/Ethnicity,Hispanic,0.0
2023-07-22T00:00:00.000,United States,RSV,Race/Ethnicity,"Multiple/Other, NH",0.0
2023-07-22T00:00:00.000,United States,RSV,Race/Ethnicity,"White, NH",0.0
2023-07-22T00:00:00.000,United States,RSV,Race/Ethnicity,"Asian/NHOPI, NH",0.0
2023-07-15T00:00:00.000,United States,COVID-19,Sex,Invalid,0.1
2023-07-15T00:00:00.000,United States,COVID-19,Age Group,50-64 years,0.6
2023-07-15T00:00:00.000,United States,COVID-19,Age Group,1-4 years,0.6
2023-07-15T00:00:00.000,United States,COVID-19,Age Group,<1 year,2.2
2023-07-15T00:00:00.000,United States,COVID-19,Age Group,65+ years,1.0
2023-07-15T00:00:00.000,United States,COVID-19,Age Group,5-17 years,0.3
2023-07-15T00:00:00.000,United States,COVID-19,Age Group,18-49 years,0.5
2023-07-15T00:00:00.000,United States,COVID-19,Race/Ethnicity,Hispanic,0.9
2023-07-15T00:00:00.000,United States,COVID-19,Race/Ethnicity,"Multiple/Other, NH",0.6
2023-07-15T00:00:00.000,United States,COVID-19,Race/Ethnicity,"White, NH",0.6
2023-07-15T00:00:00.000,United States,COVID-19,Race/Ethnicity,"Asian/NHOPI, NH",1.2
2023-07-15T00:00:00.000,United States,COVID-19,Race/Ethnicity,"AI/AN, NH",0.7
2023-07-15T00:00:00.000,United States,COVID-19,Race/Ethnicity,"Black, NH",0.7
2023-07-15T00:00:00.000,United States,Combined,Sex,Male,0.8
2023-07-15T00:00:00.000,United States,Combined,Sex,Invalid,0.1
2023-07-15T00:00:00.000,United States,Combined,Sex,Other,0.0
2023-07-15T00:00:00.000,United States,Combined,Sex,Female,0.9
2023-07-15T00:00:00.000,United States,Combined,Age Group,50-64 years,0.7
2023-07-15T00:00:00.000,United States,Combined,Age Group,1-4 years,1.3
2023-07-15T00:00:00.000,United States,Combined,Age Group,<1 year,2.9
2023-07-15T00:00:00.000,United States,Combined,Age Group,65+ years,1.1
2023-07-15T00:00:00.000,United States,Combined,Age Group,5-17 years,0.6
2023-07-15T00:00:00.000,United States,Combined,Age Group,18-49 years,0.7
2023-07-15T00:00:00.000,United States,Combined,Race/Ethnicity,Hispanic,1.2
2023-07-15T00:00:00.000,United States,Combined,Race/Ethnicity,"Multiple/Other, NH",0.8
2023-07-15T00:00:00.000,United States,Combined,Race/Ethnicity,"White, NH",0.7
2023-07-15T00:00:00.000,United States,Combined,Race/Ethnicity,"Asian/NHOPI, NH",1.5
2023-07-15T00:00:00.000,United States,Combined,Race/Ethnicity,"AI/AN, NH",0.9
2023-07-15T00:00:00.000,United States,Combined,Race/Ethnicity,"Black, NH",0.9
2023-07-15T00:00:00.000,United States,Influenza,Sex,Male,0.2
2023-07-15T00:00:00.000,United States,Influenza,Sex,Invalid,0.0
2023-07-15T00:00:00.000,United States,Influenza,Sex,Other,0.0
2023-07-15T00:00:00.000,United States,Influenza,Sex,Female,0.2
2023-07-15T00:00:00.000,United States,Influenza,Age Group,50-64 years,0.1
2023-07-15T00:00:00.000,United States,Influenza,Age Group,1-4 years,0.5
2023-07-15T00:00:00.000,United States,Influenza,Age Group,<1 year,0.4
2023-07-15T00:00:00.000,United States,Influenza,Age Group,65+ years,0.1
2023-07-15T00:00:00.000,United States,Influenza,Age Group,5-17 years,0.3
2023-07-15T00:00:00.000,United States,Influenza,Age Group,18-49 years,0.1
2023-07-15T00:00:00.000,United States,Influenza,Race/Ethnicity,Hispanic,0.3
2023-07-15T00:00:00.000,United States,Influenza,Race/Ethnicity,"Multiple/Other, NH",0.2
2023-07-15T00:00:00.000,United States,Influenza,Race/Ethnicity,"White, NH",0.1
2023-07-15T00:00:00.000,United States,Influenza,Race/Ethnicity,"Asian/NHOPI, NH",0.3
2023-07-15T00:00:00.000,United States,Influenza,Race/Ethnicity,"AI/AN, NH",0.2
2023-07-15T00:00:00.000,United States,Influenza,Race/Ethnicity,"Black, NH",0.2
2023-07-15T00:00:00.000,United States,RSV,Sex,Male,0.0
2023-07-15T00:00:00.000,United States,RSV,Sex,Invalid,0.0
2023-07-15T00:00:00.000,United States,RSV,Sex,Other,0.0
2023-07-15T00:00:00.000,United States,RSV,Sex,Female,0.0
2023-07-15T00:00:00.000,United States,RSV,Age Group,50-64 years,0.0
2023-07-15T00:00:00.000,United States,RSV,Age Group,1-4 years,0.2
2023-07-15T00:00:00.000,United States,RSV,Age Group,<1 year,0.4
2023-07-15T00:00:00.000,United States,RSV,Age Group,65+ years,0.0
2023-07-15T00:00:00.000,United States,RSV,Age Group,5-17 years,0.0
2023-07-15T00:00:00.000,United States,COVID-19,Sex,Male,0.6
2023-07-15T00:00:00.000,United States,RSV,Age Group,18-49 years,0.0
2023-07-15T00:00:00.000,United States,RSV,Race/Ethnicity,Hispanic,0.0
2023-07-15T00:00:00.000,United States,RSV,Race/Ethnicity,"Multiple/Other, NH",0.0
2023-07-15T00:00:00.000,United States,RSV,Race/Ethnicity,"White, NH",0.0
2023-07-15T00:00:00.000,United States,RSV,Race/Ethnicity,"Asian/NHOPI, NH",0.0
2023-07-15T00:00:00.000,United States,RSV,Race/Ethnicity,"AI/AN, NH",0.0
2023-07-15T00:00:00.000,United States,RSV,Race/Ethnicity,"Black, NH",0.0
2023-07-15T00:00:00.000,United States,COVID-19,Sex,Female,0.7
2023-07-15T00:00:00.000,United States,COVID-19,Sex,Other,0.0
2023-07-08T00:00:00.000,United States,RSV,Sex,Invalid,0.0
2023-07-08T00:00:00.000,United States,RSV,Race/Ethnicity,"Black, NH",0.0
2023-07-08T00:00:00.000,United States,RSV,Race/Ethnicity,"AI/AN, NH",0.0
2023-07-08T00:00:00.000,United States,RSV,Race/Ethnicity,"Asian/NHOPI, NH",0.0
2023-07-08T00:00:00.000,United States,RSV,Race/Ethnicity,"White, NH",0.0
2023-07-08T00:00:00.000,United States,RSV,Race/Ethnicity,"Multiple/Other, NH",0.0
2023-07-08T00:00:00.000,United States,RSV,Race/Ethnicity,Hispanic,0.0
2023-07-08T00:00:00.000,United States,RSV,Age Group,18-49 years,0.0
2023-07-08T00:00:00.000,United States,RSV,Age Group,5-17 years,0.0
2023-07-08T00:00:00.000,United States,RSV,Age Group,65+ years,0.0
2023-07-08T00:00:00.000,United States,RSV,Age Group,<1 year,0.5
2023-07-08T00:00:00.000,United States,RSV,Age Group,1-4 years,0.2
2023-07-08T00:00:00.000,United States,RSV,Age Group,50-64 years,0.0
2023-07-08T00:00:00.000,United States,RSV,Sex,Female,0.0
2023-07-08T00:00:00.000,United States,RSV,Sex,Other,0.0
2023-07-08T00:00:00.000,United States,RSV,Sex,Male,0.0
2023-07-08T00:00:00.000,United States,Influenza,Race/Ethnicity,"Black, NH",0.2
2023-07-08T00:00:00.000,United States,Influenza,Race/Ethnicity,"AI/AN, NH",0.2
2023-07-08T00:00:00.000,United States,Influenza,Race/Ethnicity,"Asian/NHOPI, NH",0.3
2023-07-08T00:00:00.000,United States,Influenza,Race/Ethnicity,"White, NH",0.1
2023-07-08T00:00:00.000,United States,Influenza,Race/Ethnicity,"Multiple/Other, NH",0.2
2023-07-08T00:00:00.000,United States,Influenza,Race/Ethnicity,Hispanic,0.3
2023-07-08T00:00:00.000,United States,Influenza,Age Group,18-49 years,0.2
2023-07-08T00:00:00.000,United States,Influenza,Age Group,5-17 years,0.4
2023-07-08T00:00:00.000,United States,Influenza,Age Group,65+ years,0.1
2023-07-08T00:00:00.000,United States,Influenza,Age Group,<1 year,0.4
2023-07-08T00:00:00.000,United States,Influenza,Age Group,1-4 years,0.5
2023-07-08T00:00:00.000,United States,Influenza,Age Group,50-64 years,0.1
2023-07-08T00:00:00.000,United States,Influenza,Sex,Female,0.2
2023-07-08T00:00:00.000,United States,Influenza,Sex,Other,0.0
2023-07-08T00:00:00.000,United States,Influenza,Sex,Invalid,0.0
2023-07-08T00:00:00.000,United States,Influenza,Sex,Male,0.2
2023-07-08T00:00:00.000,United States,Combined,Race/Ethnicity,"Black, NH",0.8
2023-07-08T00:00:00.000,United States,Combined,Race/Ethnicity,"AI/AN, NH",0.9
2023-07-08T00:00:00.000,United States,Combined,Race/Ethnicity,"Asian/NHOPI, NH",1.3
2023-07-08T00:00:00.000,United States,Combined,Race/Ethnicity,"White, NH",0.7
2023-07-08T00:00:00.000,United States,Combined,Race/Ethnicity,"Multiple/Other, NH",0.7
2023-07-08T00:00:00.000,United States,Combined,Race/Ethnicity,Hispanic,1.1
2023-07-08T00:00:00.000,United States,Combined,Age Group,18-49 years,0.6
2023-07-08T00:00:00.000,United States,Combined,Age Group,5-17 years,0.6
2023-07-08T00:00:00.000,United States,Combined,Age Group,65+ years,1.1
2023-07-08T00:00:00.000,United States,Combined,Age Group,<1 year,2.7
2023-07-08T00:00:00.000,United States,Combined,Age Group,1-4 years,1.2
2023-07-08T00:00:00.000,United States,Combined,Age Group,50-64 years,0.7
2023-07-08T00:00:00.000,United States,Combined,Sex,Female,0.8
2023-07-08T00:00:00.000,United States,Combined,Sex,Other,0.0
2023-07-08T00:00:00.000,United States,Combined,Sex,Invalid,0.1
2023-07-08T00:00:00.000,United States,Combined,Sex,Male,0.8
2023-07-08T00:00:00.000,United States,COVID-19,Race/Ethnicity,"Black, NH",0.6
2023-07-08T00:00:00.000,United States,COVID-19,Race/Ethnicity,"AI/AN, NH",0.7
2023-07-08T00:00:00.000,United States,COVID-19,Race/Ethnicity,"Asian/NHOPI, NH",1.0
2023-07-08T00:00:00.000,United States,COVID-19,Race/Ethnicity,"White, NH",0.6
2023-07-08T00:00:00.000,United States,COVID-19,Race/Ethnicity,"Multiple/Other, NH",0.5
2023-07-08T00:00:00.000,United States,COVID-19,Race/Ethnicity,Hispanic,0.8
2023-07-08T00:00:00.000,United States,COVID-19,Age Group,18-49 years,0.4
2023-07-08T00:00:00.000,United States,COVID-19,Age Group,5-17 years,0.3
2023-07-08T00:00:00.000,United States,COVID-19,Age Group,65+ years,1.0
2023-07-08T00:00:00.000,United States,COVID-19,Age Group,<1 year,1.9
2023-07-08T00:00:00.000,United States,COVID-19,Age Group,1-4 years,0.5
2023-07-08T00:00:00.000,United States,COVID-19,Age Group,50-64 years,0.6
2023-07-08T00:00:00.000,United States,COVID-19,Sex,Female,0.7
2023-07-08T00:00:00.000,United States,COVID-19,Sex,Other,0.0
2023-07-08T00:00:00.000,United States,COVID-19,Sex,Male,0.6
2023-07-08T00:00:00.000,United States,COVID-19,Sex,Invalid,0.1
2023-07-01T00:00:00.000,United States,Influenza,Age Group,<1 year,0.4
2023-07-01T00:00:00.000,United States,COVID-19,Age Group,50-64 years,0.5
2023-07-01T00:00:00.000,United States,COVID-19,Age Group,1-4 years,0.4
2023-07-01T00:00:00.000,United States,RSV,Race/Ethnicity,"Black, NH",0.0
2023-07-01T00:00:00.000,United States,RSV,Race/Ethnicity,"AI/AN, NH",0.0
2023-07-01T00:00:00.000,United States,RSV,Race/Ethnicity,"Asian/NHOPI, NH",0.0
2023-07-01T00:00:00.000,United States,RSV,Race/Ethnicity,"White, NH",0.0
2023-07-01T00:00:00.000,United States,RSV,Race/Ethnicity,"Multiple/Other, NH",0.0
2023-07-01T00:00:00.000,United States,RSV,Race/Ethnicity,Hispanic,0.0
2023-07-01T00:00:00.000,United States,RSV,Age Group,18-49 years,0.0
2023-07-01T00:00:00.000,United States,RSV,Age Group,5-17 years,0.0
2023-07-01T00:00:00.000,United States,RSV,Age Group,65+ years,0.0
2023-07-01T00:00:00.000,United States,RSV,Age Group,<1 year,0.5
2023-07-01T00:00:00.000,United States,RSV,Age Group,1-4 years,0.2
2023-07-01T00:00:00.000,United States,RSV,Age Group,50-64 years,0.0
2023-07-01T00:00:00.000,United States,RSV,Sex,Female,0.0
2023-07-01T00:00:00.000,United States,RSV,Sex,Other,0.0
2023-07-01T00:00:00.000,United States,RSV,Sex,Invalid,0.0
2023-07-01T00:00:00.000,United States,RSV,Sex,Male,0.0
2023-07-01T00:00:00.000,United States,Influenza,Race/Ethnicity,"Black, NH",0.2
2023-07-01T00:00:00.000,United States,Influenza,Race/Ethnicity,"AI/AN, NH",0.2
2023-07-01T00:00:00.000,United States,Influenza,Race/Ethnicity,"Asian/NHOPI, NH",0.3
2023-07-01T00:00:00.000,United States,Influenza,Race/Ethnicity,"White, NH",0.1
2023-07-01T00:00:00.000,United States,Influenza,Race/Ethnicity,"Multiple/Other, NH",0.2
2023-07-01T00:00:00.000,United States,Influenza,Race/Ethnicity,Hispanic,0.3
2023-07-01T00:00:00.000,United States,Influenza,Age Group,18-49 years,0.2
2023-07-01T00:00:00.000,United States,Influenza,Age Group,5-17 years,0.4
2023-07-01T00:00:00.000,United States,Influenza,Age Group,65+ years,0.1
2023-07-01T00:00:00.000,United States,COVID-19,Sex,Female,0.6
2023-07-01T00:00:00.000,United States,Influenza,Age Group,1-4 years,0.5
2023-07-01T00:00:00.000,United States,Influenza,Age Group,50-64 years,0.1
2023-07-01T00:00:00.000,United States,Influenza,Sex,Female,0.2
2023-07-01T00:00:00.000,United States,Influenza,Sex,Other,0.0
2023-07-01T00:00:00.000,United States,Influenza,Sex,Invalid,0.0
2023-07-01T00:00:00.000,United States,Influenza,Sex,Male,0.2
2023-07-01T00:00:00.000,United States,Combined,Race/Ethnicity,"Black, NH",0.8
2023-07-01T00:00:00.000,United States,Combined,Race/Ethnicity,"AI/AN, NH",0.8
2023-07-01T00:00:00.000,United States,Combined,Race/Ethnicity,"Asian/NHOPI, NH",1.2
2023-07-01T00:00:00.000,United States,Combined,Race/Ethnicity,"White, NH",0.7
2023-07-01T00:00:00.000,United States,Combined,Race/Ethnicity,"Multiple/Other, NH",0.7
2023-07-01T00:00:00.000,United States,Combined,Race/Ethnicity,Hispanic,1.0
2023-07-01T00:00:00.000,United States,Combined,Age Group,18-49 years,0.6
2023-07-01T00:00:00.000,United States,Combined,Age Group,5-17 years,0.6
2023-07-01T00:00:00.000,United States,Combined,Age Group,65+ years,1.0
2023-07-01T00:00:00.000,United States,Combined,Age Group,<1 year,2.3
2023-07-01T00:00:00.000,United States,Combined,Age Group,1-4 years,1.1
2023-07-01T00:00:00.000,United States,Combined,Age Group,50-64 years,0.6
2023-07-01T00:00:00.000,United States,Combined,Sex,Female,0.8
2023-07-01T00:00:00.000,United States,Combined,Sex,Other,0.0
2023-07-01T00:00:00.000,United States,Combined,Sex,Invalid,0.0
2023-07-01T00:00:00.000,United States,Combined,Sex,Male,0.7
2023-07-01T00:00:00.000,United States,COVID-19,Race/Ethnicity,"Black, NH",0.5
2023-07-01T00:00:00.000,United States,COVID-19,Race/Ethnicity,"AI/AN, NH",0.6
2023-07-01T00:00:00.000,United States,COVID-19,Race/Ethnicity,"Asian/NHOPI, NH",0.9
2023-07-01T00:00:00.000,United States,COVID-19,Race/Ethnicity,"White, NH",0.5
2023-07-01T00:00:00.000,United States,COVID-19,Race/Ethnicity,"Multiple/Other, NH",0.5
2023-07-01T00:00:00.000,United States,COVID-19,Race/Ethnicity,Hispanic,0.6
2023-07-01T00:00:00.000,United States,COVID-19,Age Group,18-49 years,0.4
2023-07-01T00:00:00.000,United States,COVID-19,Age Group,5-17 years,0.2
2023-07-01T00:00:00.000,United States,COVID-19,Age Group,65+ years,0.9
2023-07-01T00:00:00.000,United States,COVID-19,Age Group,<1 year,1.4
2023-07-01T00:00:00.000,United States,COVID-19,Sex,Other,0.0
2023-07-01T00:00:00.000,United States,COVID-19,Sex,Invalid,0.0
2023-07-01T00:00:00.000,United States,COVID-19,Sex,Male,0.5
2023-06-24T00:00:00.000,United States,COVID-19,Race/Ethnicity,"Multiple/Other, NH",0.4
2023-06-24T00:00:00.000,United States,COVID-19,Race/Ethnicity,Hispanic,0.6
2023-06-24T00:00:00.000,United States,COVID-19,Age Group,18-49 years,0.4
2023-06-24T00:00:00.000,United States,COVID-19,Age Group,1-4 years,0.4
2023-06-24T00:00:00.000,United States,COVID-19,Age Group,50-64 years,0.5
2023-06-24T00:00:00.000,United States,COVID-19,Sex,Female,0.5
2023-06-24T00:00:00.000,United States,COVID-19,Sex,Other,0.0
2023-06-24T00:00:00.000,United States,COVID-19,Age Group,5-17 years,0.2
2023-06-24T00:00:00.000,United States,COVID-19,Age Group,<1 year,1.4
2023-06-24T00:00:00.000,United States,COVID-19,Sex,Male,0.5
2023-06-24T00:00:00.000,United States,RSV,Race/Ethnicity,"Black, NH",0.0
2023-06-24T00:00:00.000,United States,RSV,Race/Ethnicity,"AI/AN, NH",0.0
2023-06-24T00:00:00.000,United States,RSV,Race/Ethnicity,"Asian/NHOPI, NH",0.0
2023-06-24T00:00:00.000,United States,RSV,Race/Ethnicity,"White, NH",0.0
2023-06-24T00:00:00.000,United States,RSV,Race/Ethnicity,"Multiple/Other, NH",0.0
2023-06-24T00:00:00.000,United States,RSV,Race/Ethnicity,Hispanic,0.0
2023-06-24T00:00:00.000,United States,RSV,Age Group,18-49 years,0.0
2023-06-24T00:00:00.000,United States,COVID-19,Sex,Invalid,0.0
2023-06-24T00:00:00.000,United States,RSV,Age Group,5-17 years,0.0
2023-06-24T00:00:00.000,United States,RSV,Age Group,65+ years,0.0
2023-06-24T00:00:00.000,United States,RSV,Age Group,<1 year,0.4
2023-06-24T00:00:00.000,United States,RSV,Age Group,1-4 years,0.2
2023-06-24T00:00:00.000,United States,COVID-19,Age Group,65+ years,0.8
2023-06-24T00:00:00.000,United States,RSV,Age Group,50-64 years,0.0
2023-06-24T00:00:00.000,United States,RSV,Sex,Female,0.0
2023-06-24T00:00:00.000,United States,RSV,Sex,Other,0.0
2023-06-24T00:00:00.000,United States,RSV,Sex,Invalid,0.0
2023-06-24T00:00:00.000,United States,RSV,Sex,Male,0.0
2023-06-24T00:00:00.000,United States,Influenza,Race/Ethnicity,"Black, NH",0.3
2023-06-24T00:00:00.000,United States,Influenza,Race/Ethnicity,"AI/AN, NH",0.2
2023-06-24T00:00:00.000,United States,Influenza,Race/Ethnicity,"Asian/NHOPI, NH",0.3
2023-06-24T00:00:00.000,United States,Influenza,Race/Ethnicity,"White, NH",0.1
2023-06-24T00:00:00.000,United States,Influenza,Race/Ethnicity,"Multiple/Other, NH",0.2
2023-06-24T00:00:00.000,United States,Influenza,Race/Ethnicity,Hispanic,0.4
2023-06-24T00:00:00.000,United States,Influenza,Age Group,18-49 years,0.2
2023-06-24T00:00:00.000,United States,Influenza,Age Group,5-17 years,0.4
2023-06-24T00:00:00.000,United States,Influenza,Age Group,65+ years,0.1
2023-06-24T00:00:00.000,United States,Influenza,Age Group,<1 year,0.4
2023-06-24T00:00:00.000,United States,Influenza,Age Group,1-4 years,0.6
2023-06-24T00:00:00.000,United States,Influenza,Age Group,50-64 years,0.1
2023-06-24T00:00:00.000,United States,Influenza,Sex,Female,0.2
2023-06-24T00:00:00.000,United States,Influenza,Sex,Other,0.0
2023-06-24T00:00:00.000,United States,Influenza,Sex,Invalid,0.0
2023-06-24T00:00:00.000,United States,Influenza,Sex,Male,0.2
2023-06-24T00:00:00.000,United States,Combined,Race/Ethnicity,"Black, NH",0.8
2023-06-24T00:00:00.000,United States,Combined,Race/Ethnicity,"AI/AN, NH",0.8
2023-06-24T00:00:00.000,United States,Combined,Race/Ethnicity,"Asian/NHOPI, NH",1.3
2023-06-24T00:00:00.000,United States,Combined,Race/Ethnicity,"White, NH",0.6
2023-06-24T00:00:00.000,United States,Combined,Race/Ethnicity,"Multiple/Other, NH",0.6
2023-06-24T00:00:00.000,United States,Combined,Race/Ethnicity,Hispanic,1.0
2023-06-24T00:00:00.000,United States,Combined,Age Group,18-49 years,0.6
2023-06-24T00:00:00.000,United States,Combined,Age Group,5-17 years,0.6
2023-06-24T00:00:00.000,United States,Combined,Age Group,65+ years,0.9
2023-06-24T00:00:00.000,United States,Combined,Age Group,<1 year,2.2
2023-06-24T00:00:00.000,United States,Combined,Age Group,1-4 years,1.2
2023-06-24T00:00:00.000,United States,Combined,Age Group,50-64 years,0.6
2023-06-24T00:00:00.000,United States,Combined,Sex,Female,0.8
2023-06-24T00:00:00.000,United States,Combined,Sex,Other,0.0
2023-06-24T00:00:00.000,United States,Combined,Sex,Invalid,0.0
2023-06-24T00:00:00.000,United States,Combined,Sex,Male,0.7
2023-06-24T00:00:00.000,United States,COVID-19,Race/Ethnicity,"Black, NH",0.5
2023-06-24T00:00:00.000,United States,COVID-19,Race/Ethnicity,"AI/AN, NH",0.6
2023-06-24T00:00:00.000,United States,COVID-19,Race/Ethnicity,"Asian/NHOPI, NH",1.0
2023-06-24T00:00:00.000,United States,COVID-19,Race/Ethnicity,"White, NH",0.5
2023-06-17T00:00:00.000,United States,COVID-19,Sex,Other,3.0
2023-06-17T00:00:00.000,United States,COVID-19,Sex,Male,0.5
2023-06-17T00:00:00.000,United States,COVID-19,Sex,Invalid,0.0
2023-06-17T00:00:00.000,United States,RSV,Race/Ethnicity,"Black, NH",0.0
2023-06-17T00:00:00.000,United States,RSV,Race/Ethnicity,"AI/AN, NH",0.0
2023-06-17T00:00:00.000,United States,RSV,Race/Ethnicity,"Asian/NHOPI, NH",0.0
2023-06-17T00:00:00.000,United States,RSV,Race/Ethnicity,"White, NH",0.0
2023-06-17T00:00:00.000,United States,RSV,Race/Ethnicity,"Multiple/Other, NH",0.0
2023-06-17T00:00:00.000,United States,RSV,Race/Ethnicity,Hispanic,0.0
2023-06-17T00:00:00.000,United States,RSV,Age Group,18-49 years,0.0
2023-06-17T00:00:00.000,United States,RSV,Age Group,5-17 years,0.0
2023-06-17T00:00:00.000,United States,RSV,Age Group,65+ years,0.0
2023-06-17T00:00:00.000,United States,RSV,Age Group,<1 year,0.5
2023-06-17T00:00:00.000,United States,RSV,Age Group,1-4 years,0.2
2023-06-17T00:00:00.000,United States,RSV,Age Group,50-64 years,0.0
2023-06-17T00:00:00.000,United States,RSV,Sex,Female,0.0
2023-06-17T00:00:00.000,United States,RSV,Sex,Other,0.0
2023-06-17T00:00:00.000,United States,RSV,Sex,Invalid,0.0
2023-06-17T00:00:00.000,United States,RSV,Sex,Male,0.0
2023-06-17T00:00:00.000,United States,Influenza,Race/Ethnicity,"Black, NH",0.3
2023-06-17T00:00:00.000,United States,Influenza,Race/Ethnicity,"AI/AN, NH",0.2
2023-06-17T00:00:00.000,United States,Influenza,Race/Ethnicity,"Asian/NHOPI, NH",0.3
2023-06-17T00:00:00.000,United States,Influenza,Race/Ethnicity,"White, NH",0.2
2023-06-17T00:00:00.000,United States,Influenza,Race/Ethnicity,"Multiple/Other, NH",0.2
2023-06-17T00:00:00.000,United States,Influenza,Race/Ethnicity,Hispanic,0.4
2023-06-17T00:00:00.000,United States,Influenza,Age Group,18-49 years,0.2
2023-06-17T00:00:00.000,United States,Influenza,Age Group,5-17 years,0.5
2023-06-17T00:00:00.000,United States,Influenza,Age Group,65+ years,0.1
2023-06-17T00:00:00.000,United States,Influenza,Age Group,<1 year,0.4
2023-06-17T00:00:00.000,United States,Influenza,Age Group,1-4 years,0.6
2023-06-17T00:00:00.000,United States,Influenza,Age Group,50-64 years,0.1
2023-06-17T00:00:00.000,United States,Influenza,Sex,Female,0.2
2023-06-17T00:00:00.000,United States,Influenza,Sex,Other,0.0
2023-06-17T00:00:00.000,United States,Influenza,Sex,Invalid,0.0
2023-06-17T00:00:00.000,United States,Influenza,Sex,Male,0.2
2023-06-17T00:00:00.000,United States,Combined,Race/Ethnicity,"Black, NH",0.8
2023-06-17T00:00:00.000,United States,Combined,Race/Ethnicity,"AI/AN, NH",0.7
2023-06-17T00:00:00.000,United States,Combined,Race/Ethnicity,"Asian/NHOPI, NH",1.3
2023-06-17T00:00:00.000,United States,Combined,Race/Ethnicity,"White, NH",0.7
2023-06-17T00:00:00.000,United States,Combined,Race/Ethnicity,"Multiple/Other, NH",0.7
2023-06-17T00:00:00.000,United States,Combined,Race/Ethnicity,Hispanic,0.9
2023-06-17T00:00:00.000,United States,Combined,Age Group,18-49 years,0.6
2023-06-17T00:00:00.000,United States,Combined,Age Group,5-17 years,0.7
2023-06-17T00:00:00.000,United States,Combined,Age Group,65+ years,1.0
2023-06-17T00:00:00.000,United States,Combined,Age Group,<1 year,2.1
2023-06-17T00:00:00.000,United States,Combined,Age Group,1-4 years,1.1
2023-06-17T00:00:00.000,United States,Combined,Age Group,50-64 years,0.6
2023-06-17T00:00:00.000,United States,Combined,Sex,Female,0.8
2023-06-17T00:00:00.000,United States,Combined,Sex,Other,3.0
2023-06-17T00:00:00.000,United States,Combined,Sex,Invalid,0.0
2023-06-17T00:00:00.000,United States,Combined,Sex,Male,0.7
2023-06-17T00:00:00.000,United States,COVID-19,Race/Ethnicity,"Black, NH",0.4
2023-06-17T00:00:00.000,United States,COVID-19,Race/Ethnicity,"AI/AN, NH",0.4
2023-06-17T00:00:00.000,United States,COVID-19,Race/Ethnicity,"Asian/NHOPI, NH",0.9
2023-06-17T00:00:00.000,United States,COVID-19,Race/Ethnicity,"White, NH",0.5
2023-06-17T00:00:00.000,United States,COVID-19,Race/Ethnicity,"Multiple/Other, NH",0.4
2023-06-17T00:00:00.000,United States,COVID-19,Race/Ethnicity,Hispanic,0.5
2023-06-17T00:00:00.000,United States,COVID-19,Age Group,18-49 years,0.3
2023-06-17T00:00:00.000,United States,COVID-19,Age Group,5-17 years,0.2
2023-06-17T00:00:00.000,United States,COVID-19,Age Group,65+ years,0.9
2023-06-17T00:00:00.000,United States,COVID-19,Age Group,<1 year,1.3
2023-06-17T00:00:00.000,United States,COVID-19,Age Group,1-4 years,0.3
2023-06-17T00:00:00.000,United States,COVID-19,Age Group,50-64 years,0.5
2023-06-17T00:00:00.000,United States,COVID-19,Sex,Female,0.5
2023-06-10T00:00:00.000,United States,RSV,Race/Ethnicity,"Asian/NHOPI, NH",0.0
2023-06-10T00:00:00.000,United States,RSV,Race/Ethnicity,"AI/AN, NH",0.0
2023-06-10T00:00:00.000,United States,RSV,Race/Ethnicity,"Black, NH",0.0
2023-06-10T00:00:00.000,United States,COVID-19,Sex,Male,0.5
2023-06-10T00:00:00.000,United States,COVID-19,Sex,Invalid,0.0
2023-06-10T00:00:00.000,United States,COVID-19,Sex,Other,0.0
2023-06-10T00:00:00.000,United States,COVID-19,Sex,Female,0.5
2023-06-10T00:00:00.000,United States,COVID-19,Age Group,50-64 years,0.5
2023-06-10T00:00:00.000,United States,COVID-19,Age Group,1-4 years,0.3
2023-06-10T00:00:00.000,United States,COVID-19,Age Group,<1 year,1.2
2023-06-10T00:00:00.000,United States,COVID-19,Age Group,65+ years,0.9
2023-06-10T00:00:00.000,United States,COVID-19,Age Group,5-17 years,0.2
2023-06-10T00:00:00.000,United States,COVID-19,Age Group,18-49 years,0.4
2023-06-10T00:00:00.000,United States,COVID-19,Race/Ethnicity,Hispanic,0.5
2023-06-10T00:00:00.000,United States,COVID-19,Race/Ethnicity,"Multiple/Other, NH",0.5
2023-06-10T00:00:00.000,United States,COVID-19,Race/Ethnicity,"White, NH",0.5
2023-06-10T00:00:00.000,United States,COVID-19,Race/Ethnicity,"Asian/NHOPI, NH",1.0
2023-06-10T00:00:00.000,United States,COVID-19,Race/Ethnicity,"AI/AN, NH",0.5
2023-06-10T00:00:00.000,United States,COVID-19,Race/Ethnicity,"Black, NH",0.4
2023-06-10T00:00:00.000,United States,Combined,Sex,Male,0.7
2023-06-10T00:00:00.000,United States,Combined,Sex,Invalid,0.0
2023-06-10T00:00:00.000,United States,Combined,Sex,Other,0.0
2023-06-10T00:00:00.000,United States,Combined,Sex,Female,0.8
2023-06-10T00:00:00.000,United States,Combined,Age Group,50-64 years,0.6
2023-06-10T00:00:00.000,United States,Combined,Age Group,1-4 years,1.1
2023-06-10T00:00:00.000,United States,Combined,Age Group,<1 year,2.1
2023-06-10T00:00:00.000,United States,Combined,Age Group,65+ years,1.0
2023-06-10T00:00:00.000,United States,Combined,Age Group,5-17 years,0.8
2023-06-10T00:00:00.000,United States,Combined,Age Group,18-49 years,0.6
2023-06-10T00:00:00.000,United States,Combined,Race/Ethnicity,Hispanic,1.0
2023-06-10T00:00:00.000,United States,Combined,Race/Ethnicity,"Multiple/Other, NH",0.7
2023-06-10T00:00:00.000,United States,Combined,Race/Ethnicity,"White, NH",0.7
2023-06-10T00:00:00.000,United States,Combined,Race/Ethnicity,"Asian/NHOPI, NH",1.3
2023-06-10T00:00:00.000,United States,Combined,Race/Ethnicity,"AI/AN, NH",0.7
2023-06-10T00:00:00.000,United States,Combined,Race/Ethnicity,"Black, NH",0.8
2023-06-10T00:00:00.000,United States,Influenza,Sex,Male,0.2
2023-06-10T00:00:00.000,United States,Influenza,Sex,Invalid,0.0
2023-06-10T00:00:00.000,United States,Influenza,Sex,Other,0.0
2023-06-10T00:00:00.000,United States,Influenza,Sex,Female,0.3
2023-06-10T00:00:00.000,United States,Influenza,Age Group,50-64 years,0.1
2023-06-10T00:00:00.000,United States,Influenza,Age Group,1-4 years,0.6
2023-06-10T00:00:00.000,United States,Influenza,Age Group,<1 year,0.4
2023-06-10T00:00:00.000,United States,Influenza,Age Group,65+ years,0.1
2023-06-10T00:00:00.000,United States,Influenza,Age Group,5-17 years,0.6
2023-06-10T00:00:00.000,United States,Influenza,Age Group,18-49 years,0.2
2023-06-10T00:00:00.000,United States,Influenza,Race/Ethnicity,Hispanic,0.4
2023-06-10T00:00:00.000,United States,Influenza,Race/Ethnicity,"Multiple/Other, NH",0.2
2023-06-10T00:00:00.000,United States,Influenza,Race/Ethnicity,"White, NH",0.2
2023-06-10T00:00:00.000,United States,Influenza,Race/Ethnicity,"Asian/NHOPI, NH",0.3
2023-06-10T00:00:00.000,United States,Influenza,Race/Ethnicity,"AI/AN, NH",0.2
2023-06-10T00:00:00.000,United States,Influenza,Race/Ethnicity,"Black, NH",0.3
2023-06-10T00:00:00.000,United States,RSV,Sex,Male,0.0
2023-06-10T00:00:00.000,United States,RSV,Sex,Invalid,0.0
2023-06-10T00:00:00.000,United States,RSV,Sex,Other,0.0
2023-06-10T00:00:00.000,United States,RSV,Sex,Female,0.0
2023-06-10T00:00:00.000,United States,RSV,Age Group,50-64 years,0.0
2023-06-10T00:00:00.000,United States,RSV,Age Group,1-4 years,0.2
2023-06-10T00:00:00.000,United States,RSV,Age Group,<1 year,0.5
2023-06-10T00:00:00.000,United States,RSV,Age Group,65+ years,0.0
2023-06-10T00:00:00.000,United States,RSV,Age Group,5-17 years,0.0
2023-06-10T00:00:00.000,United States,RSV,Age Group,18-49 years,0.0
2023-06-10T00:00:00.000,United States,RSV,Race/Ethnicity,Hispanic,0.0
2023-06-10T00:00:00.000,United States,RSV,Race/Ethnicity,"Multiple/Other, NH",0.0
2023-06-10T00:00:00.000,United States,RSV,Race/Ethnicity,"White, NH",0.0
2023-06-03T00:00:00.000,United States,COVID-19,Race/Ethnicity,"Black, NH",0.5
2023-06-03T00:00:00.000,United States,RSV,Race/Ethnicity,"Black, NH",0.0
2023-06-03T00:00:00.000,United States,COVID-19,Sex,Male,0.5
2023-06-03T00:00:00.000,United States,COVID-19,Sex,Invalid,0.0
2023-06-03T00:00:00.000,United States,COVID-19,Sex,Other,3.6
2023-06-03T00:00:00.000,United States,COVID-19,Sex,Female,0.6
2023-06-03T00:00:00.000,United States,COVID-19,Age Group,50-64 years,0.5
2023-06-03T00:00:00.000,United States,COVID-19,Age Group,1-4 years,0.3
2023-06-03T00:00:00.000,United States,COVID-19,Age Group,<1 year,1.3
2023-06-03T00:00:00.000,United States,COVID-19,Age Group,65+ years,1.0
2023-06-03T00:00:00.000,United States,COVID-19,Age Group,5-17 years,0.2
2023-06-03T00:00:00.000,United States,COVID-19,Age Group,18-49 years,0.4
2023-06-03T00:00:00.000,United States,COVID-19,Race/Ethnicity,Hispanic,0.6
2023-06-03T00:00:00.000,United States,COVID-19,Race/Ethnicity,"Multiple/Other, NH",0.5
2023-06-03T00:00:00.000,United States,COVID-19,Race/Ethnicity,"White, NH",0.6
2023-06-03T00:00:00.000,United States,COVID-19,Race/Ethnicity,"Asian/NHOPI, NH",1.0
2023-06-03T00:00:00.000,United States,COVID-19,Race/Ethnicity,"AI/AN, NH",0.5
2023-06-03T00:00:00.000,United States,Combined,Sex,Male,0.9
2023-06-03T00:00:00.000,United States,Combined,Sex,Invalid,0.0
2023-06-03T00:00:00.000,United States,Combined,Sex,Other,3.6
2023-06-03T00:00:00.000,United States,Combined,Sex,Female,0.9
2023-06-03T00:00:00.000,United States,Combined,Age Group,50-64 years,0.7
2023-06-03T00:00:00.000,United States,Combined,Age Group,1-4 years,1.2
2023-06-03T00:00:00.000,United States,Combined,Age Group,<1 year,2.2
2023-06-03T00:00:00.000,United States,Combined,Age Group,65+ years,1.1
2023-06-03T00:00:00.000,United States,Combined,Age Group,5-17 years,1.0
2023-06-03T00:00:00.000,United States,Combined,Age Group,18-49 years,0.6
2023-06-03T00:00:00.000,United States,Combined,Race/Ethnicity,Hispanic,1.1
2023-06-03T00:00:00.000,United States,Combined,Race/Ethnicity,"Multiple/Other, NH",0.8
2023-06-03T00:00:00.000,United States,Combined,Race/Ethnicity,"White, NH",0.8
2023-06-03T00:00:00.000,United States,Combined,Race/Ethnicity,"Asian/NHOPI, NH",1.4
2023-06-03T00:00:00.000,United States,Combined,Race/Ethnicity,"AI/AN, NH",0.8
2023-06-03T00:00:00.000,United States,Combined,Race/Ethnicity,"Black, NH",0.9
2023-06-03T00:00:00.000,United States,Influenza,Sex,Male,0.3
2023-06-03T00:00:00.000,United States,Influenza,Sex,Invalid,0.0
2023-06-03T00:00:00.000,United States,Influenza,Sex,Other,0.0
2023-06-03T00:00:00.000,United States,Influenza,Sex,Female,0.3
2023-06-03T00:00:00.000,United States,Influenza,Age Group,50-64 years,0.1
2023-06-03T00:00:00.000,United States,Influenza,Age Group,1-4 years,0.7
2023-06-03T00:00:00.000,United States,Influenza,Age Group,<1 year,0.5
2023-06-03T00:00:00.000,United States,Influenza,Age Group,65+ years,0.1
2023-06-03T00:00:00.000,United States,Influenza,Age Group,5-17 years,0.8
2023-06-03T00:00:00.000,United States,Influenza,Age Group,18-49 years,0.3
2023-06-03T00:00:00.000,United States,Influenza,Race/Ethnicity,Hispanic,0.5
2023-06-03T00:00:00.000,United States,Influenza,Race/Ethnicity,"Multiple/Other, NH",0.2
2023-06-03T00:00:00.000,United States,Influenza,Race/Ethnicity,"White, NH",0.2
2023-06-03T00:00:00.000,United States,Influenza,Race/Ethnicity,"Asian/NHOPI, NH",0.3
2023-06-03T00:00:00.000,United States,Influenza,Race/Ethnicity,"AI/AN, NH",0.3
2023-06-03T00:00:00.000,United States,Influenza,Race/Ethnicity,"Black, NH",0.4
2023-06-03T00:00:00.000,United States,RSV,Sex,Male,0.0
2023-06-03T00:00:00.000,United States,RSV,Sex,Invalid,0.0
2023-06-03T00:00:00.000,United States,RSV,Sex,Other,0.0
2023-06-03T00:00:00.000,United States,RSV,Sex,Female,0.0
2023-06-03T00:00:00.000,United States,RSV,Age Group,50-64 years,0.0
2023-06-03T00:00:00.000,United States,RSV,Age Group,1-4 years,0.2
2023-06-03T00:00:00.000,United States,RSV,Age Group,<1 year,0.4
2023-06-03T00:00:00.000,United States,RSV,Age Group,65+ years,0.0
2023-06-03T00:00:00.000,United States,RSV,Age Group,5-17 years,0.0
2023-06-03T00:00:00.000,United States,RSV,Age Group,18-49 years,0.0
2023-06-03T00:00:00.000,United States,RSV,Race/Ethnicity,Hispanic,0.0
2023-06-03T00:00:00.000,United States,RSV,Race/Ethnicity,"Multiple/Other, NH",0.0
2023-06-03T00:00:00.000,United States,RSV,Race/Ethnicity,"White, NH",0.0
2023-06-03T00:00:00.000,United States,RSV,Race/Ethnicity,"Asian/NHOPI, NH",0.0
2023-06-03T00:00:00.000,United States,RSV,Race/Ethnicity,"AI/AN, NH",0.0
2023-05-27T00:00:00.000,United States,COVID-19,Sex,Invalid,0.0
2023-05-27T00:00:00.000,United States,RSV,Race/Ethnicity,"AI/AN, NH",0.0
2023-05-27T00:00:00.000,United States,COVID-19,Age Group,65+ years,1.0
2023-05-27T00:00:00.000,United States,COVID-19,Age Group,5-17 years,0.2
2023-05-27T00:00:00.000,United States,COVID-19,Age Group,18-49 years,0.4
2023-05-27T00:00:00.000,United States,COVID-19,Race/Ethnicity,Hispanic,0.6
2023-05-27T00:00:00.000,United States,COVID-19,Race/Ethnicity,"Multiple/Other, NH",0.5
2023-05-27T00:00:00.000,United States,COVID-19,Race/Ethnicity,"White, NH",0.6
2023-05-27T00:00:00.000,United States,COVID-19,Race/Ethnicity,"Asian/NHOPI, NH",0.9
2023-05-27T00:00:00.000,United States,COVID-19,Race/Ethnicity,"AI/AN, NH",0.6
2023-05-27T00:00:00.000,United States,COVID-19,Race/Ethnicity,"Black, NH",0.5
2023-05-27T00:00:00.000,United States,Combined,Sex,Male,0.8
2023-05-27T00:00:00.000,United States,COVID-19,Sex,Female,0.6
2023-05-27T00:00:00.000,United States,Combined,Sex,Invalid,0.0
2023-05-27T00:00:00.000,United States,Combined,Sex,Other,0.0
2023-05-27T00:00:00.000,United States,Combined,Sex,Female,0.9
2023-05-27T00:00:00.000,United States,Combined,Age Group,50-64 years,0.6
2023-05-27T00:00:00.000,United States,Combined,Age Group,1-4 years,1.2
2023-05-27T00:00:00.000,United States,Combined,Age Group,<1 year,2.2
2023-05-27T00:00:00.000,United States,Combined,Age Group,65+ years,1.1
2023-05-27T00:00:00.000,United States,Combined,Age Group,5-17 years,1.0
2023-05-27T00:00:00.000,United States,Combined,Age Group,18-49 years,0.6
2023-05-27T00:00:00.000,United States,Combined,Race/Ethnicity,Hispanic,1.1
2023-05-27T00:00:00.000,United States,Combined,Race/Ethnicity,"Multiple/Other, NH",0.7
2023-05-27T00:00:00.000,United States,Combined,Race/Ethnicity,"White, NH",0.8
2023-05-27T00:00:00.000,United States,Combined,Race/Ethnicity,"Asian/NHOPI, NH",1.2
2023-05-27T00:00:00.000,United States,Combined,Race/Ethnicity,"AI/AN, NH",0.9
2023-05-27T00:00:00.000,United States,Combined,Race/Ethnicity,"Black, NH",0.9
2023-05-27T00:00:00.000,United States,Influenza,Sex,Male,0.3
2023-05-27T00:00:00.000,United States,COVID-19,Age Group,50-64 years,0.5
2023-05-27T00:00:00.000,United States,Influenza,Sex,Invalid,0.0
2023-05-27T00:00:00.000,United States,Influenza,Sex,Other,0.0
2023-05-27T00:00:00.000,United States,Influenza,Sex,Female,0.3
2023-05-27T00:00:00.000,United States,Influenza,Age Group,50-64 years,0.1
2023-05-27T00:00:00.000,United States,Influenza,Age Group,1-4 years,0.7
2023-05-27T00:00:00.000,United States,Influenza,Age Group,<1 year,0.5
2023-05-27T00:00:00.000,United States,Influenza,Age Group,65+ years,0.1
2023-05-27T00:00:00.000,United States,Influenza,Age Group,5-17 years,0.8
2023-05-27T00:00:00.000,United States,Influenza,Age Group,18-49 years,0.2
2023-05-27T00:00:00.000,United States,Influenza,Race/Ethnicity,Hispanic,0.5
2023-05-27T00:00:00.000,United States,Influenza,Race/Ethnicity,"Multiple/Other, NH",0.3
2023-05-27T00:00:00.000,United States,Influenza,Race/Ethnicity,"White, NH",0.2
2023-05-27T00:00:00.000,United States,Influenza,Race/Ethnicity,"Asian/NHOPI, NH",0.3
2023-05-27T00:00:00.000,United States,Influenza,Race/Ethnicity,"AI/AN, NH",0.2
2023-05-27T00:00:00.000,United States,Influenza,Race/Ethnicity,"Black, NH",0.4
2023-05-27T00:00:00.000,United States,RSV,Sex,Male,0.0
2023-05-27T00:00:00.000,United States,RSV,Sex,Invalid,0.0
2023-05-27T00:00:00.000,United States,RSV,Sex,Other,0.0
2023-05-27T00:00:00.000,United States,RSV,Sex,Female,0.0
2023-05-27T00:00:00.000,United States,RSV,Age Group,50-64 years,0.0
2023-05-27T00:00:00.000,United States,RSV,Age Group,1-4 years,0.2
2023-05-27T00:00:00.000,United States,RSV,Age Group,<1 year,0.4
2023-05-27T00:00:00.000,United States,RSV,Age Group,65+ years,0.0
2023-05-27T00:00:00.000,United States,RSV,Age Group,5-17 years,0.0
2023-05-27T00:00:00.000,United States,RSV,Age Group,18-49 years,0.0
2023-05-27T00:00:00.000,United States,RSV,Race/Ethnicity,Hispanic,0.0
2023-05-27T00:00:00.000,United States,RSV,Race/Ethnicity,"Multiple/Other, NH",0.0
2023-05-27T00:00:00.000,United States,RSV,Race/Ethnicity,"White, NH",0.0
2023-05-27T00:00:00.000,United States,RSV,Race/Ethnicity,"Asian/NHOPI, NH",0.0
2023-05-27T00:00:00.000,United States,COVID-19,Age Group,1-4 years,0.3
2023-05-27T00:00:00.000,United States,COVID-19,Age Group,<1 year,1.3
2023-05-27T00:00:00.000,United States,RSV,Race/Ethnicity,"Black, NH",0.0
2023-05-27T00:00:00.000,United States,COVID-19,Sex,Male,0.5
2023-05-27T00:00:00.000,United States,COVID-19,Sex,Other,0.0
2023-05-20T00:00:00.000,United States,Combined,Sex,Female,0.9
2023-05-20T00:00:00.000,United States,COVID-19,Sex,Invalid,0.0
2023-05-20T00:00:00.000,United States,COVID-19,Age Group,50-64 years,0.6
2023-05-20T00:00:00.000,United States,COVID-19,Sex,Female,0.6
2023-05-20T00:00:00.000,United States,COVID-19,Sex,Other,0.0
2023-05-20T00:00:00.000,United States,RSV,Race/Ethnicity,"Black, NH",0.0
2023-05-20T00:00:00.000,United States,RSV,Race/Ethnicity,"AI/AN, NH",0.0
2023-05-20T00:00:00.000,United States,RSV,Race/Ethnicity,"Asian/NHOPI, NH",0.0
2023-05-20T00:00:00.000,United States,RSV,Race/Ethnicity,"White, NH",0.0
2023-05-20T00:00:00.000,United States,RSV,Race/Ethnicity,"Multiple/Other, NH",0.0
2023-05-20T00:00:00.000,United States,RSV,Race/Ethnicity,Hispanic,0.0
2023-05-20T00:00:00.000,United States,RSV,Age Group,18-49 years,0.0
2023-05-20T00:00:00.000,United States,RSV,Age Group,5-17 years,0.0
2023-05-20T00:00:00.000,United States,RSV,Age Group,65+ years,0.0
2023-05-20T00:00:00.000,United States,RSV,Age Group,<1 year,0.3
2023-05-20T00:00:00.000,United States,RSV,Age Group,1-4 years,0.2
2023-05-20T00:00:00.000,United States,RSV,Age Group,50-64 years,0.0
2023-05-20T00:00:00.000,United States,RSV,Sex,Female,0.0
2023-05-20T00:00:00.000,United States,RSV,Sex,Other,0.0
2023-05-20T00:00:00.000,United States,RSV,Sex,Invalid,0.0
2023-05-20T00:00:00.000,United States,COVID-19,Sex,Male,0.6
2023-05-20T00:00:00.000,United States,RSV,Sex,Male,0.0
2023-05-20T00:00:00.000,United States,Influenza,Race/Ethnicity,"Black, NH",0.4
2023-05-20T00:00:00.000,United States,Influenza,Race/Ethnicity,"AI/AN, NH",0.3
2023-05-20T00:00:00.000,United States,Influenza,Race/Ethnicity,"Asian/NHOPI, NH",0.3
2023-05-20T00:00:00.000,United States,Influenza,Race/Ethnicity,"White, NH",0.2
2023-05-20T00:00:00.000,United States,Influenza,Race/Ethnicity,"Multiple/Other, NH",0.2
2023-05-20T00:00:00.000,United States,Influenza,Race/Ethnicity,Hispanic,0.5
2023-05-20T00:00:00.000,United States,Influenza,Age Group,18-49 years,0.2
2023-05-20T00:00:00.000,United States,Influenza,Age Group,5-17 years,0.7
2023-05-20T00:00:00.000,United States,Influenza,Age Group,65+ years,0.1
2023-05-20T00:00:00.000,United States,Influenza,Age Group,<1 year,0.5
2023-05-20T00:00:00.000,United States,Influenza,Age Group,1-4 years,0.7
2023-05-20T00:00:00.000,United States,Influenza,Age Group,50-64 years,0.1
2023-05-20T00:00:00.000,United States,Influenza,Sex,Female,0.3
2023-05-20T00:00:00.000,United States,Influenza,Sex,Other,0.0
2023-05-20T00:00:00.000,United States,Influenza,Sex,Invalid,0.0
2023-05-20T00:00:00.000,United States,Influenza,Sex,Male,0.3
2023-05-20T00:00:00.000,United States,Combined,Race/Ethnicity,"Black, NH",0.9
2023-05-20T00:00:00.000,United States,Combined,Race/Ethnicity,"AI/AN, NH",1.0
2023-05-20T00:00:00.000,United States,Combined,Race/Ethnicity,"Asian/NHOPI, NH",1.3
2023-05-20T00:00:00.000,United States,Combined,Race/Ethnicity,"White, NH",0.8
2023-05-20T00:00:00.000,United States,Combined,Race/Ethnicity,"Multiple/Other, NH",0.8
2023-05-20T00:00:00.000,United States,Combined,Race/Ethnicity,Hispanic,1.1
2023-05-20T00:00:00.000,United States,Combined,Age Group,18-49 years,0.6
2023-05-20T00:00:00.000,United States,Combined,Age Group,5-17 years,1.0
2023-05-20T00:00:00.000,United States,Combined,Age Group,65+ years,1.2
2023-05-20T00:00:00.000,United States,Combined,Age Group,<1 year,2.1
2023-05-20T00:00:00.000,United States,Combined,Age Group,1-4 years,1.2
2023-05-20T00:00:00.000,United States,Combined,Age Group,50-64 years,0.7
2023-05-20T00:00:00.000,United States,COVID-19,Age Group,1-4 years,0.3
2023-05-20T00:00:00.000,United States,Combined,Sex,Other,0.0
2023-05-20T00:00:00.000,United States,Combined,Sex,Invalid,0.0
2023-05-20T00:00:00.000,United States,Combined,Sex,Male,0.9
2023-05-20T00:00:00.000,United States,COVID-19,Race/Ethnicity,"Black, NH",0.5
2023-05-20T00:00:00.000,United States,COVID-19,Race/Ethnicity,"AI/AN, NH",0.7
2023-05-20T00:00:00.000,United States,COVID-19,Race/Ethnicity,"Asian/NHOPI, NH",1.1
2023-05-20T00:00:00.000,United States,COVID-19,Race/Ethnicity,"White, NH",0.6
2023-05-20T00:00:00.000,United States,COVID-19,Race/Ethnicity,"Multiple/Other, NH",0.5
2023-05-20T00:00:00.000,United States,COVID-19,Race/Ethnicity,Hispanic,0.6
2023-05-20T00:00:00.000,United States,COVID-19,Age Group,18-49 years,0.4
2023-05-20T00:00:00.000,United States,COVID-19,Age Group,5-17 years,0.2
2023-05-20T00:00:00.000,United States,COVID-19,Age Group,65+ years,1.1
2023-05-20T00:00:00.000,United States,COVID-19,Age Group,<1 year,1.3
2023-05-13T00:00:00.000,United States,RSV,Sex,Male,0.0
2023-05-13T00:00:00.000,United States,COVID-19,Sex,Male,0.6
2023-05-13T00:00:00.000,United States,COVID-19,Sex,Invalid,0.1
2023-05-13T00:00:00.000,United States,COVID-19,Sex,Other,0.0
2023-05-13T00:00:00.000,United States,COVID-19,Sex,Female,0.7
2023-05-13T00:00:00.000,United States,COVID-19,Age Group,50-64 years,0.6
2023-05-13T00:00:00.000,United States,COVID-19,Age Group,1-4 years,0.4
2023-05-13T00:00:00.000,United States,COVID-19,Age Group,<1 year,1.3
2023-05-13T00:00:00.000,United States,COVID-19,Age Group,65+ years,1.1
2023-05-13T00:00:00.000,United States,COVID-19,Age Group,5-17 years,0.3
2023-05-13T00:00:00.000,United States,COVID-19,Age Group,18-49 years,0.5
2023-05-13T00:00:00.000,United States,COVID-19,Race/Ethnicity,Hispanic,0.6
2023-05-13T00:00:00.000,United States,COVID-19,Race/Ethnicity,"Multiple/Other, NH",0.5
2023-05-13T00:00:00.000,United States,COVID-19,Race/Ethnicity,"White, NH",0.7
2023-05-13T00:00:00.000,United States,COVID-19,Race/Ethnicity,"Asian/NHOPI, NH",1.0
2023-05-13T00:00:00.000,United States,COVID-19,Race/Ethnicity,"AI/AN, NH",0.7
2023-05-13T00:00:00.000,United States,COVID-19,Race/Ethnicity,"Black, NH",0.5
2023-05-13T00:00:00.000,United States,Combined,Sex,Male,0.9
2023-05-13T00:00:00.000,United States,Combined,Sex,Invalid,0.1
2023-05-13T00:00:00.000,United States,Combined,Sex,Other,0.0
2023-05-13T00:00:00.000,United States,Combined,Sex,Female,1.0
2023-05-13T00:00:00.000,United States,Combined,Age Group,50-64 years,0.7
2023-05-13T00:00:00.000,United States,Combined,Age Group,1-4 years,1.2
2023-05-13T00:00:00.000,United States,Combined,Age Group,<1 year,2.1
2023-05-13T00:00:00.000,United States,Combined,Age Group,65+ years,1.2
2023-05-13T00:00:00.000,United States,Combined,Age Group,5-17 years,1.0
2023-05-13T00:00:00.000,United States,Combined,Age Group,18-49 years,0.7
2023-05-13T00:00:00.000,United States,Combined,Race/Ethnicity,Hispanic,1.1
2023-05-13T00:00:00.000,United States,Combined,Race/Ethnicity,"Multiple/Other, NH",0.8
2023-05-13T00:00:00.000,United States,Combined,Race/Ethnicity,"White, NH",0.9
2023-05-13T00:00:00.000,United States,Combined,Race/Ethnicity,"Asian/NHOPI, NH",1.3
2023-05-13T00:00:00.000,United States,Combined,Race/Ethnicity,"AI/AN, NH",1.0
2023-05-13T00:00:00.000,United States,Combined,Race/Ethnicity,"Black, NH",0.9
2023-05-13T00:00:00.000,United States,Influenza,Sex,Male,0.3
2023-05-13T00:00:00.000,United States,Influenza,Sex,Invalid,0.0
2023-05-13T00:00:00.000,United States,Influenza,Sex,Other,0.0
2023-05-13T00:00:00.000,United States,Influenza,Sex,Female,0.3
2023-05-13T00:00:00.000,United States,Influenza,Age Group,50-64 years,0.1
2023-05-13T00:00:00.000,United States,Influenza,Age Group,1-4 years,0.7
2023-05-13T00:00:00.000,United States,Influenza,Age Group,<1 year,0.5
2023-05-13T00:00:00.000,United States,Influenza,Age Group,65+ years,0.1
2023-05-13T00:00:00.000,United States,Influenza,Age Group,5-17 years,0.7
2023-05-13T00:00:00.000,United States,Influenza,Age Group,18-49 years,0.2
2023-05-13T00:00:00.000,United States,Influenza,Race/Ethnicity,Hispanic,0.5
2023-05-13T00:00:00.000,United States,Influenza,Race/Ethnicity,"Multiple/Other, NH",0.2
2023-05-13T00:00:00.000,United States,Influenza,Race/Ethnicity,"White, NH",0.2
2023-05-13T00:00:00.000,United States,Influenza,Race/Ethnicity,"Asian/NHOPI, NH",0.3
2023-05-13T00:00:00.000,United States,Influenza,Race/Ethnicity,"AI/AN, NH",0.3
2023-05-13T00:00:00.000,United States,Influenza,Race/Ethnicity,"Black, NH",0.4
2023-05-13T00:00:00.000,United States,RSV,Sex,Invalid,0.0
2023-05-13T00:00:00.000,United States,RSV,Sex,Other,0.0
2023-05-13T00:00:00.000,United States,RSV,Sex,Female,0.0
2023-05-13T00:00:00.000,United States,RSV,Age Group,50-64 years,0.0
2023-05-13T00:00:00.000,United States,RSV,Age Group,1-4 years,0.2
2023-05-13T00:00:00.000,United States,RSV,Age Group,<1 year,0.4
2023-05-13T00:00:00.000,United States,RSV,Age Group,65+ years,0.0
2023-05-13T00:00:00.000,United States,RSV,Age Group,5-17 years,0.0
2023-05-13T00:00:00.000,United States,RSV,Age Group,18-49 years,0.0
2023-05-13T00:00:00.000,United States,RSV,Race/Ethnicity,Hispanic,0.0
2023-05-13T00:00:00.000,United States,RSV,Race/Ethnicity,"Multiple/Other, NH",0.0
2023-05-13T00:00:00.000,United States,RSV,Race/Ethnicity,"White, NH",0.0
2023-05-13T00:00:00.000,United States,RSV,Race/Ethnicity,"Asian/NHOPI, NH",0.0
2023-05-13T00:00:00.000,United States,RSV,Race/Ethnicity,"AI/AN, NH",0.0
2023-05-13T00:00:00.000,United States,RSV,Race/Ethnicity,"Black, NH",0.0
2023-05-06T00:00:00.000,United States,Combined,Race/Ethnicity,"Asian/NHOPI, NH",1.4
2023-05-06T00:00:00.000,United States,COVID-19,Sex,Male,0.6
2023-05-06T00:00:00.000,United States,COVID-19,Sex,Invalid,0.1
2023-05-06T00:00:00.000,United States,COVID-19,Sex,Other,3.1
2023-05-06T00:00:00.000,United States,COVID-19,Sex,Female,0.7
2023-05-06T00:00:00.000,United States,COVID-19,Age Group,50-64 years,0.7
2023-05-06T00:00:00.000,United States,COVID-19,Age Group,1-4 years,0.4
2023-05-06T00:00:00.000,United States,COVID-19,Age Group,<1 year,1.4
2023-05-06T00:00:00.000,United States,COVID-19,Age Group,65+ years,1.2
2023-05-06T00:00:00.000,United States,COVID-19,Age Group,5-17 years,0.3
2023-05-06T00:00:00.000,United States,COVID-19,Age Group,18-49 years,0.5
2023-05-06T00:00:00.000,United States,COVID-19,Race/Ethnicity,Hispanic,0.7
2023-05-06T00:00:00.000,United States,COVID-19,Race/Ethnicity,"Multiple/Other, NH",0.6
2023-05-06T00:00:00.000,United States,COVID-19,Race/Ethnicity,"White, NH",0.7
2023-05-06T00:00:00.000,United States,COVID-19,Race/Ethnicity,"Asian/NHOPI, NH",1.1
2023-05-06T00:00:00.000,United States,COVID-19,Race/Ethnicity,"AI/AN, NH",0.9
2023-05-06T00:00:00.000,United States,COVID-19,Race/Ethnicity,"Black, NH",0.5
2023-05-06T00:00:00.000,United States,Combined,Sex,Male,0.9
2023-05-06T00:00:00.000,United States,Combined,Sex,Invalid,0.1
2023-05-06T00:00:00.000,United States,Combined,Sex,Other,3.1
2023-05-06T00:00:00.000,United States,Combined,Sex,Female,1.0
2023-05-06T00:00:00.000,United States,Combined,Age Group,50-64 years,0.8
2023-05-06T00:00:00.000,United States,Combined,Age Group,1-4 years,1.3
2023-05-06T00:00:00.000,United States,Combined,Age Group,<1 year,2.2
2023-05-06T00:00:00.000,United States,Combined,Age Group,65+ years,1.2
2023-05-06T00:00:00.000,United States,Combined,Age Group,5-17 years,0.9
2023-05-06T00:00:00.000,United States,Combined,Age Group,18-49 years,0.7
2023-05-06T00:00:00.000,United States,Combined,Race/Ethnicity,Hispanic,1.2
2023-05-06T00:00:00.000,United States,Combined,Race/Ethnicity,"Multiple/Other, NH",0.8
2023-05-06T00:00:00.000,United States,Combined,Race/Ethnicity,"White, NH",0.9
2023-05-06T00:00:00.000,United States,RSV,Race/Ethnicity,"Black, NH",0.0
2023-05-06T00:00:00.000,United States,Combined,Race/Ethnicity,"AI/AN, NH",1.2
2023-05-06T00:00:00.000,United States,Combined,Race/Ethnicity,"Black, NH",0.9
2023-05-06T00:00:00.000,United States,Influenza,Sex,Male,0.3
2023-05-06T00:00:00.000,United States,Influenza,Sex,Invalid,0.0
2023-05-06T00:00:00.000,United States,Influenza,Sex,Other,0.0
2023-05-06T00:00:00.000,United States,Influenza,Sex,Female,0.3
2023-05-06T00:00:00.000,United States,Influenza,Age Group,50-64 years,0.1
2023-05-06T00:00:00.000,United States,Influenza,Age Group,1-4 years,0.6
2023-05-06T00:00:00.000,United States,Influenza,Age Group,<1 year,0.4
2023-05-06T00:00:00.000,United States,Influenza,Age Group,65+ years,0.1
2023-05-06T00:00:00.000,United States,Influenza,Age Group,5-17 years,0.6
2023-05-06T00:00:00.000,United States,Influenza,Age Group,18-49 years,0.2
2023-05-06T00:00:00.000,United States,Influenza,Race/Ethnicity,Hispanic,0.5
2023-05-06T00:00:00.000,United States,Influenza,Race/Ethnicity,"Multiple/Other, NH",0.2
2023-05-06T00:00:00.000,United States,Influenza,Race/Ethnicity,"White, NH",0.2
2023-05-06T00:00:00.000,United States,Influenza,Race/Ethnicity,"Asian/NHOPI, NH",0.3
2023-05-06T00:00:00.000,United States,Influenza,Race/Ethnicity,"AI/AN, NH",0.3
2023-05-06T00:00:00.000,United States,Influenza,Race/Ethnicity,"Black, NH",0.4
2023-05-06T00:00:00.000,United States,RSV,Sex,Male,0.0
2023-05-06T00:00:00.000,United States,RSV,Sex,Invalid,0.0
2023-05-06T00:00:00.000,United States,RSV,Sex,Other,0.0
2023-05-06T00:00:00.000,United States,RSV,Sex,Female,0.0
2023-05-06T00:00:00.000,United States,RSV,Age Group,50-64 years,0.0
2023-05-06T00:00:00.000,United States,RSV,Age Group,1-4 years,0.2
2023-05-06T00:00:00.000,United States,RSV,Age Group,<1 year,0.4
2023-05-06T00:00:00.000,United States,RSV,Age Group,65+ years,0.0
2023-05-06T00:00:00.000,United States,RSV,Age Group,5-17 years,0.0
2023-05-06T00:00:00.000,United States,RSV,Age Group,18-49 years,0.0
2023-05-06T00:00:00.000,United States,RSV,Race/Ethnicity,Hispanic,0.0
2023-05-06T00:00:00.000,United States,RSV,Race/Ethnicity,"Multiple/Other, NH",0.0
2023-05-06T00:00:00.000,United States,RSV,Race/Ethnicity,"White, NH",0.0
2023-05-06T00:00:00.000,United States,RSV,Race/Ethnicity,"Asian/NHOPI, NH",0.0
2023-05-06T00:00:00.000,United States,RSV,Race/Ethnicity,"AI/AN, NH",0.1
2023-04-29T00:00:00.000,United States,RSV,Race/Ethnicity,"AI/AN, NH",0.1
2023-04-29T00:00:00.000,United States,RSV,Race/Ethnicity,"Black, NH",0.0
2023-04-29T00:00:00.000,United States,COVID-19,Sex,Male,0.7
2023-04-29T00:00:00.000,United States,COVID-19,Sex,Invalid,0.0
2023-04-29T00:00:00.000,United States,COVID-19,Sex,Other,0.0
2023-04-29T00:00:00.000,United States,COVID-19,Sex,Female,0.7
2023-04-29T00:00:00.000,United States,COVID-19,Age Group,50-64 years,0.7
2023-04-29T00:00:00.000,United States,COVID-19,Age Group,1-4 years,0.4
2023-04-29T00:00:00.000,United States,COVID-19,Age Group,<1 year,1.5
2023-04-29T00:00:00.000,United States,COVID-19,Age Group,65+ years,1.2
2023-04-29T00:00:00.000,United States,COVID-19,Age Group,5-17 years,0.3
2023-04-29T00:00:00.000,United States,COVID-19,Age Group,18-49 years,0.5
2023-04-29T00:00:00.000,United States,COVID-19,Race/Ethnicity,Hispanic,0.7
2023-04-29T00:00:00.000,United States,COVID-19,Race/Ethnicity,"Multiple/Other, NH",0.6
2023-04-29T00:00:00.000,United States,COVID-19,Race/Ethnicity,"White, NH",0.7
2023-04-29T00:00:00.000,United States,COVID-19,Race/Ethnicity,"Asian/NHOPI, NH",1.1
2023-04-29T00:00:00.000,United States,COVID-19,Race/Ethnicity,"AI/AN, NH",1.1
2023-04-29T00:00:00.000,United States,COVID-19,Race/Ethnicity,"Black, NH",0.5
2023-04-29T00:00:00.000,United States,Combined,Sex,Male,0.9
2023-04-29T00:00:00.000,United States,Combined,Sex,Invalid,0.0
2023-04-29T00:00:00.000,United States,Combined,Sex,Other,0.0
2023-04-29T00:00:00.000,United States,Combined,Sex,Female,1.0
2023-04-29T00:00:00.000,United States,Combined,Age Group,50-64 years,0.8
2023-04-29T00:00:00.000,United States,Combined,Age Group,1-4 years,1.2
2023-04-29T00:00:00.000,United States,Combined,Age Group,<1 year,2.2
2023-04-29T00:00:00.000,United States,Combined,Age Group,65+ years,1.3
2023-04-29T00:00:00.000,United States,Combined,Age Group,5-17 years,0.9
2023-04-29T00:00:00.000,United States,Combined,Age Group,18-49 years,0.7
2023-04-29T00:00:00.000,United States,Combined,Race/Ethnicity,Hispanic,1.2
2023-04-29T00:00:00.000,United States,Combined,Race/Ethnicity,"Multiple/Other, NH",0.9
2023-04-29T00:00:00.000,United States,Combined,Race/Ethnicity,"White, NH",0.9
2023-04-29T00:00:00.000,United States,Combined,Race/Ethnicity,"Asian/NHOPI, NH",1.4
2023-04-29T00:00:00.000,United States,Combined,Race/Ethnicity,"AI/AN, NH",1.4
2023-04-29T00:00:00.000,United States,Combined,Race/Ethnicity,"Black, NH",0.9
2023-04-29T00:00:00.000,United States,Influenza,Sex,Male,0.3
2023-04-29T00:00:00.000,United States,Influenza,Sex,Invalid,0.0
2023-04-29T00:00:00.000,United States,Influenza,Sex,Other,0.0
2023-04-29T00:00:00.000,United States,Influenza,Sex,Female,0.2
2023-04-29T00:00:00.000,United States,Influenza,Age Group,50-64 years,0.1
2023-04-29T00:00:00.000,United States,Influenza,Age Group,1-4 years,0.6
2023-04-29T00:00:00.000,United States,Influenza,Age Group,<1 year,0.4
2023-04-29T00:00:00.000,United States,Influenza,Age Group,65+ years,0.1
2023-04-29T00:00:00.000,United States,Influenza,Age Group,5-17 years,0.6
2023-04-29T00:00:00.000,United States,Influenza,Age Group,18-49 years,0.2
2023-04-29T00:00:00.000,United States,Influenza,Race/Ethnicity,Hispanic,0.4
2023-04-29T00:00:00.000,United States,Influenza,Race/Ethnicity,"Multiple/Other, NH",0.2
2023-04-29T00:00:00.000,United States,Influenza,Race/Ethnicity,"White, NH",0.2
2023-04-29T00:00:00.000,United States,Influenza,Race/Ethnicity,"Asian/NHOPI, NH",0.3
2023-04-29T00:00:00.000,United States,Influenza,Race/Ethnicity,"AI/AN, NH",0.3
2023-04-29T00:00:00.000,United States,Influenza,Race/Ethnicity,"Black, NH",0.3
2023-04-29T00:00:00.000,United States,RSV,Sex,Male,0.0
2023-04-29T00:00:00.000,United States,RSV,Sex,Invalid,0.0
2023-04-29T00:00:00.000,United States,RSV,Sex,Other,0.0
2023-04-29T00:00:00.000,United States,RSV,Sex,Female,0.0
2023-04-29T00:00:00.000,United States,RSV,Age Group,50-64 years,0.0
2023-04-29T00:00:00.000,United States,RSV,Age Group,1-4 years,0.2
2023-04-29T00:00:00.000,United States,RSV,Age Group,<1 year,0.4
2023-04-29T00:00:00.000,United States,RSV,Age Group,65+ years,0.0
2023-04-29T00:00:00.000,United States,RSV,Age Group,5-17 years,0.0
2023-04-29T00:00:00.000,United States,RSV,Age Group,18-49 years,0.0
2023-04-29T00:00:00.000,United States,RSV,Race/Ethnicity,Hispanic,0.0
2023-04-29T00:00:00.000,United States,RSV,Race/Ethnicity,"Multiple/Other, NH",0.0
2023-04-29T00:00:00.000,United States,RSV,Race/Ethnicity,"White, NH",0.0
2023-04-29T00:00:00.000,United States,RSV,Race/Ethnicity,"Asian/NHOPI, NH",0.0
2023-04-22T00:00:00.000,United States,RSV,Race/Ethnicity,"Asian/NHOPI, NH",0.0
2023-04-22T00:00:00.000,United States,RSV,Race/Ethnicity,"Black, NH",0.0
2023-04-22T00:00:00.000,United States,RSV,Race/Ethnicity,"AI/AN, NH",0.1
2023-04-22T00:00:00.000,United States,RSV,Race/Ethnicity,"White, NH",0.0
2023-04-22T00:00:00.000,United States,RSV,Race/Ethnicity,"Multiple/Other, NH",0.0
2023-04-22T00:00:00.000,United States,RSV,Race/Ethnicity,Hispanic,0.0
2023-04-22T00:00:00.000,United States,RSV,Age Group,18-49 years,0.0
2023-04-22T00:00:00.000,United States,RSV,Age Group,5-17 years,0.0
2023-04-22T00:00:00.000,United States,RSV,Age Group,65+ years,0.0
2023-04-22T00:00:00.000,United States,RSV,Age Group,<1 year,0.4
2023-04-22T00:00:00.000,United States,RSV,Age Group,1-4 years,0.2
2023-04-22T00:00:00.000,United States,RSV,Age Group,50-64 years,0.0
2023-04-22T00:00:00.000,United States,RSV,Sex,Female,0.0
2023-04-22T00:00:00.000,United States,RSV,Sex,Other,0.0
2023-04-22T00:00:00.000,United States,RSV,Sex,Invalid,0.0
2023-04-22T00:00:00.000,United States,RSV,Sex,Male,0.0
2023-04-22T00:00:00.000,United States,Influenza,Race/Ethnicity,"Black, NH",0.3
2023-04-22T00:00:00.000,United States,Influenza,Race/Ethnicity,"AI/AN, NH",0.3
2023-04-22T00:00:00.000,United States,Influenza,Race/Ethnicity,"Asian/NHOPI, NH",0.3
2023-04-22T00:00:00.000,United States,Influenza,Race/Ethnicity,"White, NH",0.2
2023-04-22T00:00:00.000,United States,Influenza,Race/Ethnicity,"Multiple/Other, NH",0.2
2023-04-22T00:00:00.000,United States,Influenza,Race/Ethnicity,Hispanic,0.4
2023-04-22T00:00:00.000,United States,Influenza,Age Group,18-49 years,0.2
2023-04-22T00:00:00.000,United States,Influenza,Age Group,5-17 years,0.5
2023-04-22T00:00:00.000,United States,Influenza,Age Group,65+ years,0.1
2023-04-22T00:00:00.000,United States,Influenza,Age Group,<1 year,0.5
2023-04-22T00:00:00.000,United States,Influenza,Age Group,1-4 years,0.6
2023-04-22T00:00:00.000,United States,Influenza,Age Group,50-64 years,0.1
2023-04-22T00:00:00.000,United States,Influenza,Sex,Female,0.2
2023-04-22T00:00:00.000,United States,Influenza,Sex,Other,0.0
2023-04-22T00:00:00.000,United States,Influenza,Sex,Invalid,0.0
2023-04-22T00:00:00.000,United States,Influenza,Sex,Male,0.2
2023-04-22T00:00:00.000,United States,Combined,Race/Ethnicity,"Black, NH",0.9
2023-04-22T00:00:00.000,United States,Combined,Race/Ethnicity,"AI/AN, NH",1.6
2023-04-22T00:00:00.000,United States,Combined,Race/Ethnicity,"Asian/NHOPI, NH",1.5
2023-04-22T00:00:00.000,United States,Combined,Race/Ethnicity,"White, NH",1.0
2023-04-22T00:00:00.000,United States,Combined,Race/Ethnicity,"Multiple/Other, NH",0.9
2023-04-22T00:00:00.000,United States,Combined,Race/Ethnicity,Hispanic,1.2
2023-04-22T00:00:00.000,United States,Combined,Age Group,18-49 years,0.7
2023-04-22T00:00:00.000,United States,Combined,Age Group,5-17 years,0.8
2023-04-22T00:00:00.000,United States,Combined,Age Group,65+ years,1.5
2023-04-22T00:00:00.000,United States,Combined,Age Group,<1 year,2.4
2023-04-22T00:00:00.000,United States,Combined,Age Group,1-4 years,1.3
2023-04-22T00:00:00.000,United States,Combined,Age Group,50-64 years,0.9
2023-04-22T00:00:00.000,United States,Combined,Sex,Female,1.1
2023-04-22T00:00:00.000,United States,Combined,Sex,Other,0.0
2023-04-22T00:00:00.000,United States,Combined,Sex,Invalid,0.1
2023-04-22T00:00:00.000,United States,Combined,Sex,Male,1.0
2023-04-22T00:00:00.000,United States,COVID-19,Race/Ethnicity,"Black, NH",0.6
2023-04-22T00:00:00.000,United States,COVID-19,Race/Ethnicity,"AI/AN, NH",1.2
2023-04-22T00:00:00.000,United States,COVID-19,Race/Ethnicity,"Asian/NHOPI, NH",1.2
2023-04-22T00:00:00.000,United States,COVID-19,Race/Ethnicity,"White, NH",0.8
2023-04-22T00:00:00.000,United States,COVID-19,Race/Ethnicity,"Multiple/Other, NH",0.6
2023-04-22T00:00:00.000,United States,COVID-19,Race/Ethnicity,Hispanic,0.8
2023-04-22T00:00:00.000,United States,COVID-19,Age Group,18-49 years,0.5
2023-04-22T00:00:00.000,United States,COVID-19,Age Group,5-17 years,0.3
2023-04-22T00:00:00.000,United States,COVID-19,Age Group,65+ years,1.4
2023-04-22T00:00:00.000,United States,COVID-19,Age Group,<1 year,1.5
2023-04-22T00:00:00.000,United States,COVID-19,Age Group,1-4 years,0.5
2023-04-22T00:00:00.000,United States,COVID-19,Age Group,50-64 years,0.7
2023-04-22T00:00:00.000,United States,COVID-19,Sex,Female,0.8
2023-04-22T00:00:00.000,United States,COVID-19,Sex,Other,0.0
2023-04-22T00:00:00.000,United States,COVID-19,Sex,Invalid,0.1
2023-04-22T00:00:00.000,United States,COVID-19,Sex,Male,0.7
2023-04-15T00:00:00.000,United States,RSV,Race/Ethnicity,"Black, NH",0.0
2023-04-15T00:00:00.000,United States,RSV,Race/Ethnicity,"AI/AN, NH",0.1
2023-04-15T00:00:00.000,United States,RSV,Race/Ethnicity,"Asian/NHOPI, NH",0.0
2023-04-15T00:00:00.000,United States,RSV,Race/Ethnicity,"White, NH",0.0
2023-04-15T00:00:00.000,United States,RSV,Race/Ethnicity,"Multiple/Other, NH",0.0
2023-04-15T00:00:00.000,United States,RSV,Race/Ethnicity,Hispanic,0.0
2023-04-15T00:00:00.000,United States,RSV,Age Group,18-49 years,0.0
2023-04-15T00:00:00.000,United States,RSV,Age Group,5-17 years,0.0
2023-04-15T00:00:00.000,United States,RSV,Age Group,65+ years,0.0
2023-04-15T00:00:00.000,United States,RSV,Age Group,<1 year,0.4
2023-04-15T00:00:00.000,United States,RSV,Age Group,1-4 years,0.2
2023-04-15T00:00:00.000,United States,RSV,Age Group,50-64 years,0.0
2023-04-15T00:00:00.000,United States,RSV,Sex,Female,0.0
2023-04-15T00:00:00.000,United States,RSV,Sex,Other,0.0
2023-04-15T00:00:00.000,United States,RSV,Sex,Invalid,0.0
2023-04-15T00:00:00.000,United States,RSV,Sex,Male,0.0
2023-04-15T00:00:00.000,United States,Influenza,Race/Ethnicity,"Black, NH",0.3
2023-04-15T00:00:00.000,United States,Influenza,Race/Ethnicity,"AI/AN, NH",0.2
2023-04-15T00:00:00.000,United States,Influenza,Race/Ethnicity,"Asian/NHOPI, NH",0.3
2023-04-15T00:00:00.000,United States,Influenza,Race/Ethnicity,"White, NH",0.2
2023-04-15T00:00:00.000,United States,Influenza,Race/Ethnicity,"Multiple/Other, NH",0.3
2023-04-15T00:00:00.000,United States,Influenza,Race/Ethnicity,Hispanic,0.4
2023-04-15T00:00:00.000,United States,Influenza,Age Group,18-49 years,0.2
2023-04-15T00:00:00.000,United States,Influenza,Age Group,5-17 years,0.5
2023-04-15T00:00:00.000,United States,Influenza,Age Group,65+ years,0.1
2023-04-15T00:00:00.000,United States,Influenza,Age Group,<1 year,0.4
2023-04-15T00:00:00.000,United States,Influenza,Age Group,1-4 years,0.6
2023-04-15T00:00:00.000,United States,Influenza,Age Group,50-64 years,0.1
2023-04-15T00:00:00.000,United States,Influenza,Sex,Female,0.2
2023-04-15T00:00:00.000,United States,Influenza,Sex,Other,0.0
2023-04-15T00:00:00.000,United States,Influenza,Sex,Invalid,0.0
2023-04-15T00:00:00.000,United States,Influenza,Sex,Male,0.2
2023-04-15T00:00:00.000,United States,Combined,Race/Ethnicity,"Black, NH",1.1
2023-04-15T00:00:00.000,United States,Combined,Race/Ethnicity,"AI/AN, NH",1.7
2023-04-15T00:00:00.000,United States,Combined,Race/Ethnicity,"Asian/NHOPI, NH",1.7
2023-04-15T00:00:00.000,United States,Combined,Race/Ethnicity,"White, NH",1.2
2023-04-15T00:00:00.000,United States,Combined,Race/Ethnicity,"Multiple/Other, NH",1.0
2023-04-15T00:00:00.000,United States,Combined,Race/Ethnicity,Hispanic,1.3
2023-04-15T00:00:00.000,United States,Combined,Age Group,18-49 years,0.9
2023-04-15T00:00:00.000,United States,Combined,Age Group,5-17 years,0.9
2023-04-15T00:00:00.000,United States,Combined,Age Group,65+ years,1.7
2023-04-15T00:00:00.000,United States,Combined,Age Group,<1 year,2.7
2023-04-15T00:00:00.000,United States,Combined,Age Group,1-4 years,1.3
2023-04-15T00:00:00.000,United States,Combined,Age Group,50-64 years,1.0
2023-04-15T00:00:00.000,United States,Combined,Sex,Female,1.2
2023-04-15T00:00:00.000,United States,Combined,Sex,Other,0.0
2023-04-15T00:00:00.000,United States,Combined,Sex,Invalid,0.0
2023-04-15T00:00:00.000,United States,Combined,Sex,Male,1.2
2023-04-15T00:00:00.000,United States,COVID-19,Race/Ethnicity,"Black, NH",0.7
2023-04-15T00:00:00.000,United States,COVID-19,Race/Ethnicity,"AI/AN, NH",1.4
2023-04-15T00:00:00.000,United States,COVID-19,Race/Ethnicity,"Asian/NHOPI, NH",1.4
2023-04-15T00:00:00.000,United States,COVID-19,Race/Ethnicity,"White, NH",1.0
2023-04-15T00:00:00.000,United States,COVID-19,Race/Ethnicity,"Multiple/Other, NH",0.8
2023-04-15T00:00:00.000,United States,COVID-19,Race/Ethnicity,Hispanic,0.9
2023-04-15T00:00:00.000,United States,COVID-19,Age Group,18-49 years,0.6
2023-04-15T00:00:00.000,United States,COVID-19,Age Group,5-17 years,0.4
2023-04-15T00:00:00.000,United States,COVID-19,Age Group,65+ years,1.6
2023-04-15T00:00:00.000,United States,COVID-19,Age Group,<1 year,1.9
2023-04-15T00:00:00.000,United States,COVID-19,Age Group,1-4 years,0.6
2023-04-15T00:00:00.000,United States,COVID-19,Age Group,50-64 years,0.9
2023-04-15T00:00:00.000,United States,COVID-19,Sex,Female,1.0
2023-04-15T00:00:00.000,United States,COVID-19,Sex,Other,0.0
2023-04-15T00:00:00.000,United States,COVID-19,Sex,Invalid,0.0
2023-04-15T00:00:00.000,United States,COVID-19,Sex,Male,0.9
2023-04-08T00:00:00.000,United States,COVID-19,Sex,Male,0.9
2023-04-08T00:00:00.000,United States,COVID-19,Sex,Other,0.0
2023-04-08T00:00:00.000,United States,RSV,Race/Ethnicity,"Black, NH",0.0
2023-04-08T00:00:00.000,United States,RSV,Race/Ethnicity,"AI/AN, NH",0.1
2023-04-08T00:00:00.000,United States,RSV,Race/Ethnicity,"Asian/NHOPI, NH",0.0
2023-04-08T00:00:00.000,United States,RSV,Race/Ethnicity,"White, NH",0.0
2023-04-08T00:00:00.000,United States,RSV,Race/Ethnicity,"Multiple/Other, NH",0.0
2023-04-08T00:00:00.000,United States,RSV,Race/Ethnicity,Hispanic,0.0
2023-04-08T00:00:00.000,United States,RSV,Age Group,18-49 years,0.0
2023-04-08T00:00:00.000,United States,RSV,Age Group,5-17 years,0.0
2023-04-08T00:00:00.000,United States,RSV,Age Group,65+ years,0.0
2023-04-08T00:00:00.000,United States,RSV,Age Group,<1 year,0.5
2023-04-08T00:00:00.000,United States,RSV,Age Group,1-4 years,0.2
2023-04-08T00:00:00.000,United States,RSV,Age Group,50-64 years,0.0
2023-04-08T00:00:00.000,United States,RSV,Sex,Female,0.0
2023-04-08T00:00:00.000,United States,RSV,Sex,Other,0.0
2023-04-08T00:00:00.000,United States,RSV,Sex,Invalid,0.0
2023-04-08T00:00:00.000,United States,RSV,Sex,Male,0.0
2023-04-08T00:00:00.000,United States,Influenza,Race/Ethnicity,"Black, NH",0.3
2023-04-08T00:00:00.000,United States,Influenza,Race/Ethnicity,"AI/AN, NH",0.2
2023-04-08T00:00:00.000,United States,Influenza,Race/Ethnicity,"Asian/NHOPI, NH",0.3
2023-04-08T00:00:00.000,United States,Influenza,Race/Ethnicity,"White, NH",0.2
2023-04-08T00:00:00.000,United States,Influenza,Race/Ethnicity,"Multiple/Other, NH",0.3
2023-04-08T00:00:00.000,United States,Influenza,Race/Ethnicity,Hispanic,0.4
2023-04-08T00:00:00.000,United States,Influenza,Age Group,18-49 years,0.3
2023-04-08T00:00:00.000,United States,Influenza,Age Group,5-17 years,0.6
2023-04-08T00:00:00.000,United States,Influenza,Age Group,65+ years,0.1
2023-04-08T00:00:00.000,United States,Influenza,Age Group,<1 year,0.4
2023-04-08T00:00:00.000,United States,Influenza,Age Group,1-4 years,0.6
2023-04-08T00:00:00.000,United States,Influenza,Age Group,50-64 years,0.2
2023-04-08T00:00:00.000,United States,Influenza,Sex,Female,0.3
2023-04-08T00:00:00.000,United States,Influenza,Sex,Other,0.0
2023-04-08T00:00:00.000,United States,Influenza,Sex,Invalid,0.0
2023-04-08T00:00:00.000,United States,Influenza,Sex,Male,0.3
2023-04-08T00:00:00.000,United States,Combined,Race/Ethnicity,"Black, NH",1.2
2023-04-08T00:00:00.000,United States,Combined,Race/Ethnicity,"AI/AN, NH",1.7
2023-04-08T00:00:00.000,United States,Combined,Race/Ethnicity,"Asian/NHOPI, NH",1.9
2023-04-08T00:00:00.000,United States,Combined,Race/Ethnicity,"White, NH",1.3
2023-04-08T00:00:00.000,United States,Combined,Race/Ethnicity,"Multiple/Other, NH",1.1
2023-04-08T00:00:00.000,United States,Combined,Race/Ethnicity,Hispanic,1.4
2023-04-08T00:00:00.000,United States,Combined,Age Group,18-49 years,0.9
2023-04-08T00:00:00.000,United States,Combined,Age Group,5-17 years,1.0
2023-04-08T00:00:00.000,United States,Combined,Age Group,65+ years,1.9
2023-04-08T00:00:00.000,United States,Combined,Age Group,<1 year,3.0
2023-04-08T00:00:00.000,United States,Combined,Age Group,1-4 years,1.4
2023-04-08T00:00:00.000,United States,Combined,Age Group,50-64 years,1.2
2023-04-08T00:00:00.000,United States,Combined,Sex,Female,1.3
2023-04-08T00:00:00.000,United States,Combined,Sex,Other,0.0
2023-04-08T00:00:00.000,United States,Combined,Sex,Invalid,0.1
2023-04-08T00:00:00.000,United States,Combined,Sex,Male,1.3
2023-04-08T00:00:00.000,United States,COVID-19,Race/Ethnicity,"Black, NH",0.8
2023-04-08T00:00:00.000,United States,COVID-19,Race/Ethnicity,"AI/AN, NH",1.4
2023-04-08T00:00:00.000,United States,COVID-19,Race/Ethnicity,"Asian/NHOPI, NH",1.6
2023-04-08T00:00:00.000,United States,COVID-19,Race/Ethnicity,"White, NH",1.1
2023-04-08T00:00:00.000,United States,COVID-19,Race/Ethnicity,"Multiple/Other, NH",0.8
2023-04-08T00:00:00.000,United States,COVID-19,Race/Ethnicity,Hispanic,0.9
2023-04-08T00:00:00.000,United States,COVID-19,Age Group,18-49 years,0.7
2023-04-08T00:00:00.000,United States,COVID-19,Age Group,5-17 years,0.4
2023-04-08T00:00:00.000,United States,COVID-19,Age Group,65+ years,1.8
2023-04-08T00:00:00.000,United States,COVID-19,Age Group,<1 year,2.1
2023-04-08T00:00:00.000,United States,COVID-19,Age Group,1-4 years,0.6
2023-04-08T00:00:00.000,United States,COVID-19,Age Group,50-64 years,1.0
2023-04-08T00:00:00.000,United States,COVID-19,Sex,Female,1.0
2023-04-08T00:00:00.000,United States,COVID-19,Sex,Invalid,0.0
2023-04-01T00:00:00.000,United States,COVID-19,Race/Ethnicity,"AI/AN, NH",1.7
2023-04-01T00:00:00.000,United States,RSV,Race/Ethnicity,"Asian/NHOPI, NH",0.1
2023-04-01T00:00:00.000,United States,RSV,Race/Ethnicity,"White, NH",0.0
2023-04-01T00:00:00.000,United States,RSV,Race/Ethnicity,"Multiple/Other, NH",0.0
2023-04-01T00:00:00.000,United States,RSV,Race/Ethnicity,Hispanic,0.1
2023-04-01T00:00:00.000,United States,RSV,Age Group,18-49 years,0.0
2023-04-01T00:00:00.000,United States,RSV,Age Group,5-17 years,0.0
2023-04-01T00:00:00.000,United States,RSV,Age Group,65+ years,0.0
2023-04-01T00:00:00.000,United States,RSV,Age Group,<1 year,0.5
2023-04-01T00:00:00.000,United States,RSV,Age Group,1-4 years,0.3
2023-04-01T00:00:00.000,United States,RSV,Age Group,50-64 years,0.0
2023-04-01T00:00:00.000,United States,RSV,Sex,Female,0.0
2023-04-01T00:00:00.000,United States,RSV,Sex,Other,0.0
2023-04-01T00:00:00.000,United States,RSV,Sex,Invalid,0.0
2023-04-01T00:00:00.000,United States,RSV,Sex,Male,0.0
2023-04-01T00:00:00.000,United States,Influenza,Race/Ethnicity,"Black, NH",0.4
2023-04-01T00:00:00.000,United States,Influenza,Race/Ethnicity,"AI/AN, NH",0.3
2023-04-01T00:00:00.000,United States,Influenza,Race/Ethnicity,"Asian/NHOPI, NH",0.4
2023-04-01T00:00:00.000,United States,Influenza,Race/Ethnicity,"White, NH",0.2
2023-04-01T00:00:00.000,United States,Influenza,Race/Ethnicity,"Multiple/Other, NH",0.3
2023-04-01T00:00:00.000,United States,Influenza,Race/Ethnicity,Hispanic,0.4
2023-04-01T00:00:00.000,United States,Influenza,Age Group,18-49 years,0.3
2023-04-01T00:00:00.000,United States,Influenza,Age Group,5-17 years,0.6
2023-04-01T00:00:00.000,United States,Influenza,Age Group,65+ years,0.1
2023-04-01T00:00:00.000,United States,Influenza,Age Group,<1 year,0.4
2023-04-01T00:00:00.000,United States,Influenza,Age Group,1-4 years,0.6
2023-04-01T00:00:00.000,United States,Influenza,Age Group,50-64 years,0.2
2023-04-01T00:00:00.000,United States,Influenza,Sex,Female,0.3
2023-04-01T00:00:00.000,United States,Influenza,Sex,Other,0.0
2023-04-01T00:00:00.000,United States,Influenza,Sex,Invalid,0.0
2023-04-01T00:00:00.000,United States,Influenza,Sex,Male,0.3
2023-04-01T00:00:00.000,United States,Combined,Race/Ethnicity,"Black, NH",1.2
2023-04-01T00:00:00.000,United States,Combined,Race/Ethnicity,"AI/AN, NH",2.1
2023-04-01T00:00:00.000,United States,Combined,Race/Ethnicity,"Asian/NHOPI, NH",1.9
2023-04-01T00:00:00.000,United States,Combined,Race/Ethnicity,"White, NH",1.5
2023-04-01T00:00:00.000,United States,Combined,Race/Ethnicity,"Multiple/Other, NH",1.2
2023-04-01T00:00:00.000,United States,Combined,Race/Ethnicity,Hispanic,1.4
2023-04-01T00:00:00.000,United States,Combined,Age Group,18-49 years,1.0
2023-04-01T00:00:00.000,United States,Combined,Age Group,5-17 years,1.0
2023-04-01T00:00:00.000,United States,Combined,Age Group,65+ years,2.0
2023-04-01T00:00:00.000,United States,Combined,Age Group,<1 year,3.1
2023-04-01T00:00:00.000,United States,Combined,Age Group,1-4 years,1.6
2023-04-01T00:00:00.000,United States,Combined,Age Group,50-64 years,1.3
2023-04-01T00:00:00.000,United States,Combined,Sex,Female,1.4
2023-04-01T00:00:00.000,United States,Combined,Sex,Other,0.0
2023-04-01T00:00:00.000,United States,Combined,Sex,Invalid,0.1
2023-04-01T00:00:00.000,United States,Combined,Sex,Male,1.4
2023-04-01T00:00:00.000,United States,COVID-19,Race/Ethnicity,"Black, NH",0.9
2023-04-01T00:00:00.000,United States,COVID-19,Race/Ethnicity,"Asian/NHOPI, NH",1.5
2023-04-01T00:00:00.000,United States,COVID-19,Race/Ethnicity,"White, NH",1.2
2023-04-01T00:00:00.000,United States,COVID-19,Race/Ethnicity,"Multiple/Other, NH",0.9
2023-04-01T00:00:00.000,United States,COVID-19,Race/Ethnicity,Hispanic,1.0
2023-04-01T00:00:00.000,United States,COVID-19,Age Group,18-49 years,0.8
2023-04-01T00:00:00.000,United States,COVID-19,Age Group,5-17 years,0.5
2023-04-01T00:00:00.000,United States,COVID-19,Age Group,65+ years,1.9
2023-04-01T00:00:00.000,United States,COVID-19,Age Group,<1 year,2.2
2023-04-01T00:00:00.000,United States,COVID-19,Age Group,1-4 years,0.7
2023-04-01T00:00:00.000,United States,COVID-19,Age Group,50-64 years,1.1
2023-04-01T00:00:00.000,United States,COVID-19,Sex,Female,1.1
2023-04-01T00:00:00.000,United States,COVID-19,Sex,Other,0.0
2023-04-01T00:00:00.000,United States,COVID-19,Sex,Invalid,0.1
2023-04-01T00:00:00.000,United States,COVID-19,Sex,Male,1.1
2023-04-01T00:00:00.000,United States,RSV,Race/Ethnicity,"Black, NH",0.0
2023-04-01T00:00:00.000,United States,RSV,Race/Ethnicity,"AI/AN, NH",0.0
2023-03-25T00:00:00.000,United States,Influenza,Sex,Other,0.0
2023-03-25T00:00:00.000,United States,COVID-19,Age Group,50-64 years,1.1
2023-03-25T00:00:00.000,United States,COVID-19,Age Group,1-4 years,0.7
2023-03-25T00:00:00.000,United States,COVID-19,Age Group,<1 year,2.5
2023-03-25T00:00:00.000,United States,COVID-19,Age Group,65+ years,2.0
2023-03-25T00:00:00.000,United States,COVID-19,Age Group,5-17 years,0.5
2023-03-25T00:00:00.000,United States,COVID-19,Age Group,18-49 years,0.9
2023-03-25T00:00:00.000,United States,COVID-19,Race/Ethnicity,Hispanic,1.0
2023-03-25T00:00:00.000,United States,COVID-19,Race/Ethnicity,"Multiple/Other, NH",0.9
2023-03-25T00:00:00.000,United States,COVID-19,Race/Ethnicity,"White, NH",1.3
2023-03-25T00:00:00.000,United States,COVID-19,Race/Ethnicity,"Asian/NHOPI, NH",1.6
2023-03-25T00:00:00.000,United States,COVID-19,Race/Ethnicity,"AI/AN, NH",1.6
2023-03-25T00:00:00.000,United States,COVID-19,Race/Ethnicity,"Black, NH",0.9
2023-03-25T00:00:00.000,United States,Combined,Sex,Male,1.4
2023-03-25T00:00:00.000,United States,Combined,Sex,Invalid,0.1
2023-03-25T00:00:00.000,United States,Combined,Sex,Other,0.0
2023-03-25T00:00:00.000,United States,Combined,Sex,Female,1.5
2023-03-25T00:00:00.000,United States,Combined,Age Group,50-64 years,1.3
2023-03-25T00:00:00.000,United States,Combined,Age Group,1-4 years,1.6
2023-03-25T00:00:00.000,United States,Combined,Age Group,<1 year,3.6
2023-03-25T00:00:00.000,United States,Combined,Age Group,65+ years,2.2
2023-03-25T00:00:00.000,United States,Combined,Age Group,5-17 years,1.1
2023-03-25T00:00:00.000,United States,Combined,Age Group,18-49 years,1.1
2023-03-25T00:00:00.000,United States,Combined,Race/Ethnicity,Hispanic,1.5
2023-03-25T00:00:00.000,United States,Combined,Race/Ethnicity,"Multiple/Other, NH",1.3
2023-03-25T00:00:00.000,United States,Combined,Race/Ethnicity,"White, NH",1.6
2023-03-25T00:00:00.000,United States,Combined,Race/Ethnicity,"Asian/NHOPI, NH",2.0
2023-03-25T00:00:00.000,United States,Combined,Race/Ethnicity,"AI/AN, NH",2.0
2023-03-25T00:00:00.000,United States,Combined,Race/Ethnicity,"Black, NH",1.3
2023-03-25T00:00:00.000,United States,Influenza,Sex,Male,0.3
2023-03-25T00:00:00.000,United States,Influenza,Sex,Invalid,0.0
2023-03-25T00:00:00.000,United States,Influenza,Sex,Female,0.3
2023-03-25T00:00:00.000,United States,Influenza,Age Group,50-64 years,0.2
2023-03-25T00:00:00.000,United States,Influenza,Age Group,1-4 years,0.7
2023-03-25T00:00:00.000,United States,Influenza,Age Group,<1 year,0.4
2023-03-25T00:00:00.000,United States,Influenza,Age Group,65+ years,0.1
2023-03-25T00:00:00.000,United States,Influenza,Age Group,5-17 years,0.6
2023-03-25T00:00:00.000,United States,Influenza,Age Group,18-49 years,0.2
2023-03-25T00:00:00.000,United States,Influenza,Race/Ethnicity,Hispanic,0.4
2023-03-25T00:00:00.000,United States,Influenza,Race/Ethnicity,"Multiple/Other, NH",0.3
2023-03-25T00:00:00.000,United States,Influenza,Race/Ethnicity,"White, NH",0.2
2023-03-25T00:00:00.000,United States,Influenza,Race/Ethnicity,"Asian/NHOPI, NH",0.4
2023-03-25T00:00:00.000,United States,Influenza,Race/Ethnicity,"AI/AN, NH",0.3
2023-03-25T00:00:00.000,United States,Influenza,Race/Ethnicity,"Black, NH",0.4
2023-03-25T00:00:00.000,United States,RSV,Sex,Male,0.1
2023-03-25T00:00:00.000,United States,COVID-19,Sex,Invalid,0.1
2023-03-25T00:00:00.000,United States,RSV,Sex,Invalid,0.0
2023-03-25T00:00:00.000,United States,RSV,Sex,Other,0.0
2023-03-25T00:00:00.000,United States,RSV,Sex,Female,0.0
2023-03-25T00:00:00.000,United States,RSV,Age Group,50-64 years,0.0
2023-03-25T00:00:00.000,United States,RSV,Age Group,1-4 years,0.3
2023-03-25T00:00:00.000,United States,RSV,Age Group,<1 year,0.6
2023-03-25T00:00:00.000,United States,RSV,Age Group,65+ years,0.0
2023-03-25T00:00:00.000,United States,RSV,Age Group,5-17 years,0.0
2023-03-25T00:00:00.000,United States,RSV,Age Group,18-49 years,0.0
2023-03-25T00:00:00.000,United States,RSV,Race/Ethnicity,Hispanic,0.1
2023-03-25T00:00:00.000,United States,RSV,Race/Ethnicity,"Multiple/Other, NH",0.0
2023-03-25T00:00:00.000,United States,RSV,Race/Ethnicity,"White, NH",0.0
2023-03-25T00:00:00.000,United States,RSV,Race/Ethnicity,"Asian/NHOPI, NH",0.1
2023-03-25T00:00:00.000,United States,RSV,Race/Ethnicity,"AI/AN, NH",0.1
2023-03-25T00:00:00.000,United States,RSV,Race/Ethnicity,"Black, NH",0.0
2023-03-25T00:00:00.000,United States,COVID-19,Sex,Male,1.1
2023-03-25T00:00:00.000,United States,COVID-19,Sex,Other,0.0
2023-03-25T00:00:00.000,United States,COVID-19,Sex,Female,1.2
2023-03-18T00:00:00.000,United States,RSV,Race/Ethnicity,"AI/AN, NH",0.1
2023-03-18T00:00:00.000,United States,RSV,Race/Ethnicity,"Black, NH",0.0
2023-03-18T00:00:00.000,United States,RSV,Race/Ethnicity,"Asian/NHOPI, NH",0.0
2023-03-18T00:00:00.000,United States,RSV,Race/Ethnicity,"White, NH",0.1
2023-03-18T00:00:00.000,United States,RSV,Race/Ethnicity,"Multiple/Other, NH",0.1
2023-03-18T00:00:00.000,United States,RSV,Race/Ethnicity,Hispanic,0.1
2023-03-18T00:00:00.000,United States,RSV,Age Group,18-49 years,0.0
2023-03-18T00:00:00.000,United States,RSV,Age Group,5-17 years,0.0
2023-03-18T00:00:00.000,United States,RSV,Age Group,65+ years,0.0
2023-03-18T00:00:00.000,United States,RSV,Age Group,<1 year,0.7
2023-03-18T00:00:00.000,United States,RSV,Age Group,1-4 years,0.3
2023-03-18T00:00:00.000,United States,RSV,Age Group,50-64 years,0.0
2023-03-18T00:00:00.000,United States,RSV,Sex,Female,0.0
2023-03-18T00:00:00.000,United States,RSV,Sex,Other,0.0
2023-03-18T00:00:00.000,United States,RSV,Sex,Invalid,0.0
2023-03-18T00:00:00.000,United States,RSV,Sex,Male,0.1
2023-03-18T00:00:00.000,United States,Influenza,Race/Ethnicity,"Black, NH",0.3
2023-03-18T00:00:00.000,United States,Influenza,Race/Ethnicity,"AI/AN, NH",0.3
2023-03-18T00:00:00.000,United States,Influenza,Race/Ethnicity,"Asian/NHOPI, NH",0.3
2023-03-18T00:00:00.000,United States,Influenza,Race/Ethnicity,"White, NH",0.2
2023-03-18T00:00:00.000,United States,Influenza,Race/Ethnicity,"Multiple/Other, NH",0.3
2023-03-18T00:00:00.000,United States,Influenza,Race/Ethnicity,Hispanic,0.4
2023-03-18T00:00:00.000,United States,Influenza,Age Group,18-49 years,0.2
2023-03-18T00:00:00.000,United States,Influenza,Age Group,5-17 years,0.6
2023-03-18T00:00:00.000,United States,Influenza,Age Group,65+ years,0.1
2023-03-18T00:00:00.000,United States,Influenza,Age Group,<1 year,0.4
2023-03-18T00:00:00.000,United States,Influenza,Age Group,1-4 years,0.6
2023-03-18T00:00:00.000,United States,Influenza,Age Group,50-64 years,0.2
2023-03-18T00:00:00.000,United States,Influenza,Sex,Female,0.3
2023-03-18T00:00:00.000,United States,Influenza,Sex,Other,0.0
2023-03-18T00:00:00.000,United States,Influenza,Sex,Invalid,0.0
2023-03-18T00:00:00.000,United States,Influenza,Sex,Male,0.3
2023-03-18T00:00:00.000,United States,COVID-19,Sex,Invalid,0.1
2023-03-18T00:00:00.000,United States,Combined,Race/Ethnicity,"Black, NH",1.4
2023-03-18T00:00:00.000,United States,Combined,Race/Ethnicity,"AI/AN, NH",2.1
2023-03-18T00:00:00.000,United States,Combined,Race/Ethnicity,"Asian/NHOPI, NH",1.9
2023-03-18T00:00:00.000,United States,Combined,Race/Ethnicity,"White, NH",1.6
2023-03-18T00:00:00.000,United States,Combined,Race/Ethnicity,"Multiple/Other, NH",1.4
2023-03-18T00:00:00.000,United States,Combined,Race/Ethnicity,Hispanic,1.6
2023-03-18T00:00:00.000,United States,Combined,Age Group,18-49 years,1.1
2023-03-18T00:00:00.000,United States,Combined,Age Group,5-17 years,1.2
2023-03-18T00:00:00.000,United States,Combined,Age Group,65+ years,2.3
2023-03-18T00:00:00.000,United States,Combined,Age Group,<1 year,3.6
2023-03-18T00:00:00.000,United States,Combined,Age Group,1-4 years,1.7
2023-03-18T00:00:00.000,United States,Combined,Age Group,50-64 years,1.4
2023-03-18T00:00:00.000,United States,Combined,Sex,Female,1.6
2023-03-18T00:00:00.000,United States,Combined,Sex,Other,3.4
2023-03-18T00:00:00.000,United States,Combined,Sex,Invalid,0.1
2023-03-18T00:00:00.000,United States,Combined,Sex,Male,1.5
2023-03-18T00:00:00.000,United States,COVID-19,Race/Ethnicity,"Black, NH",1.0
2023-03-18T00:00:00.000,United States,COVID-19,Race/Ethnicity,"AI/AN, NH",1.7
2023-03-18T00:00:00.000,United States,COVID-19,Race/Ethnicity,"Asian/NHOPI, NH",1.5
2023-03-18T00:00:00.000,United States,COVID-19,Race/Ethnicity,"White, NH",1.4
2023-03-18T00:00:00.000,United States,COVID-19,Race/Ethnicity,"Multiple/Other, NH",1.0
2023-03-18T00:00:00.000,United States,COVID-19,Race/Ethnicity,Hispanic,1.1
2023-03-18T00:00:00.000,United States,COVID-19,Age Group,18-49 years,0.9
2023-03-18T00:00:00.000,United States,COVID-19,Age Group,5-17 years,0.5
2023-03-18T00:00:00.000,United States,COVID-19,Age Group,65+ years,2.1
2023-03-18T00:00:00.000,United States,COVID-19,Age Group,<1 year,2.5
2023-03-18T00:00:00.000,United States,COVID-19,Age Group,1-4 years,0.7
2023-03-18T00:00:00.000,United States,COVID-19,Age Group,50-64 years,1.2
2023-03-18T00:00:00.000,United States,COVID-19,Sex,Female,1.3
2023-03-18T00:00:00.000,United States,COVID-19,Sex,Male,1.2
2023-03-18T00:00:00.000,United States,COVID-19,Sex,Other,3.4
2023-03-11T00:00:00.000,United States,RSV,Age Group,5-17 years,0.0
2023-03-11T00:00:00.000,United States,COVID-19,Sex,Male,1.3
2023-03-11T00:00:00.000,United States,COVID-19,Sex,Invalid,0.1
2023-03-11T00:00:00.000,United States,COVID-19,Sex,Other,0.0
2023-03-11T00:00:00.000,United States,COVID-19,Sex,Female,1.4
2023-03-11T00:00:00.000,United States,COVID-19,Age Group,50-64 years,1.3
2023-03-11T00:00:00.000,United States,COVID-19,Age Group,1-4 years,0.8
2023-03-11T00:00:00.000,United States,COVID-19,Age Group,<1 year,2.6
2023-03-11T00:00:00.000,United States,COVID-19,Age Group,65+ years,2.3
2023-03-11T00:00:00.000,United States,COVID-19,Age Group,5-17 years,0.6
2023-03-11T00:00:00.000,United States,COVID-19,Age Group,18-49 years,1.0
2023-03-11T00:00:00.000,United States,COVID-19,Race/Ethnicity,Hispanic,1.1
2023-03-11T00:00:00.000,United States,COVID-19,Race/Ethnicity,"Multiple/Other, NH",1.1
2023-03-11T00:00:00.000,United States,COVID-19,Race/Ethnicity,"White, NH",1.5
2023-03-11T00:00:00.000,United States,COVID-19,Race/Ethnicity,"Asian/NHOPI, NH",1.5
2023-03-11T00:00:00.000,United States,COVID-19,Race/Ethnicity,"AI/AN, NH",1.9
2023-03-11T00:00:00.000,United States,COVID-19,Race/Ethnicity,"Black, NH",1.1
2023-03-11T00:00:00.000,United States,Combined,Sex,Male,1.6
2023-03-11T00:00:00.000,United States,Combined,Sex,Invalid,0.1
2023-03-11T00:00:00.000,United States,Combined,Sex,Other,0.0
2023-03-11T00:00:00.000,United States,Combined,Sex,Female,1.7
2023-03-11T00:00:00.000,United States,Combined,Age Group,50-64 years,1.5
2023-03-11T00:00:00.000,United States,Combined,Age Group,1-4 years,1.9
2023-03-11T00:00:00.000,United States,Combined,Age Group,<1 year,3.8
2023-03-11T00:00:00.000,United States,Combined,Age Group,65+ years,2.5
2023-03-11T00:00:00.000,United States,Combined,Age Group,5-17 years,1.2
2023-03-11T00:00:00.000,United States,Combined,Age Group,18-49 years,1.2
2023-03-11T00:00:00.000,United States,Combined,Race/Ethnicity,Hispanic,1.6
2023-03-11T00:00:00.000,United States,Combined,Race/Ethnicity,"Multiple/Other, NH",1.5
2023-03-11T00:00:00.000,United States,Combined,Race/Ethnicity,"White, NH",1.8
2023-03-11T00:00:00.000,United States,Combined,Race/Ethnicity,"Asian/NHOPI, NH",1.9
2023-03-11T00:00:00.000,United States,Combined,Race/Ethnicity,"AI/AN, NH",2.4
2023-03-11T00:00:00.000,United States,Combined,Race/Ethnicity,"Black, NH",1.4
2023-03-11T00:00:00.000,United States,Influenza,Sex,Male,0.3
2023-03-11T00:00:00.000,United States,Influenza,Sex,Invalid,0.0
2023-03-11T00:00:00.000,United States,Influenza,Sex,Other,0.0
2023-03-11T00:00:00.000,United States,Influenza,Sex,Female,0.3
2023-03-11T00:00:00.000,United States,Influenza,Age Group,50-64 years,0.2
2023-03-11T00:00:00.000,United States,Influenza,Age Group,1-4 years,0.7
2023-03-11T00:00:00.000,United States,Influenza,Age Group,<1 year,0.4
2023-03-11T00:00:00.000,United States,Influenza,Age Group,65+ years,0.2
2023-03-11T00:00:00.000,United States,Influenza,Age Group,5-17 years,0.6
2023-03-11T00:00:00.000,United States,Influenza,Age Group,18-49 years,0.2
2023-03-11T00:00:00.000,United States,Influenza,Race/Ethnicity,Hispanic,0.4
2023-03-11T00:00:00.000,United States,Influenza,Race/Ethnicity,"Multiple/Other, NH",0.3
2023-03-11T00:00:00.000,United States,Influenza,Race/Ethnicity,"White, NH",0.2
2023-03-11T00:00:00.000,United States,Influenza,Race/Ethnicity,"Asian/NHOPI, NH",0.4
2023-03-11T00:00:00.000,United States,Influenza,Race/Ethnicity,"AI/AN, NH",0.4
2023-03-11T00:00:00.000,United States,Influenza,Race/Ethnicity,"Black, NH",0.3
2023-03-11T00:00:00.000,United States,RSV,Sex,Male,0.1
2023-03-11T00:00:00.000,United States,RSV,Sex,Invalid,0.0
2023-03-11T00:00:00.000,United States,RSV,Sex,Other,0.0
2023-03-11T00:00:00.000,United States,RSV,Sex,Female,0.1
2023-03-11T00:00:00.000,United States,RSV,Age Group,50-64 years,0.0
2023-03-11T00:00:00.000,United States,RSV,Age Group,1-4 years,0.4
2023-03-11T00:00:00.000,United States,RSV,Age Group,<1 year,0.8
2023-03-11T00:00:00.000,United States,RSV,Age Group,65+ years,0.0
2023-03-11T00:00:00.000,United States,RSV,Age Group,18-49 years,0.0
2023-03-11T00:00:00.000,United States,RSV,Race/Ethnicity,Hispanic,0.1
2023-03-11T00:00:00.000,United States,RSV,Race/Ethnicity,"Multiple/Other, NH",0.1
2023-03-11T00:00:00.000,United States,RSV,Race/Ethnicity,"White, NH",0.1
2023-03-11T00:00:00.000,United States,RSV,Race/Ethnicity,"Asian/NHOPI, NH",0.1
2023-03-11T00:00:00.000,United States,RSV,Race/Ethnicity,"AI/AN, NH",0.2
2023-03-11T00:00:00.000,United States,RSV,Race/Ethnicity,"Black, NH",0.0
2023-03-04T00:00:00.000,United States,COVID-19,Sex,Other,9.1
2023-03-04T00:00:00.000,United States,COVID-19,Sex,Invalid,0.1
2023-03-04T00:00:00.000,United States,COVID-19,Sex,Female,1.6
2023-03-04T00:00:00.000,United States,COVID-19,Age Group,50-64 years,1.5
2023-03-04T00:00:00.000,United States,COVID-19,Age Group,1-4 years,0.9
2023-03-04T00:00:00.000,United States,COVID-19,Age Group,<1 year,3.0
2023-03-04T00:00:00.000,United States,COVID-19,Age Group,65+ years,2.6
2023-03-04T00:00:00.000,United States,COVID-19,Age Group,5-17 years,0.6
2023-03-04T00:00:00.000,United States,COVID-19,Age Group,18-49 years,1.1
2023-03-04T00:00:00.000,United States,COVID-19,Race/Ethnicity,Hispanic,1.3
2023-03-04T00:00:00.000,United States,COVID-19,Race/Ethnicity,"Multiple/Other, NH",1.3
2023-03-04T00:00:00.000,United States,COVID-19,Race/Ethnicity,"White, NH",1.7
2023-03-04T00:00:00.000,United States,COVID-19,Race/Ethnicity,"Asian/NHOPI, NH",1.8
2023-03-04T00:00:00.000,United States,COVID-19,Race/Ethnicity,"AI/AN, NH",2.0
2023-03-04T00:00:00.000,United States,COVID-19,Race/Ethnicity,"Black, NH",1.3
2023-03-04T00:00:00.000,United States,Combined,Sex,Male,1.8
2023-03-04T00:00:00.000,United States,Combined,Sex,Invalid,0.1
2023-03-04T00:00:00.000,United States,Combined,Sex,Other,9.1
2023-03-04T00:00:00.000,United States,Combined,Sex,Female,1.9
2023-03-04T00:00:00.000,United States,Combined,Age Group,50-64 years,1.7
2023-03-04T00:00:00.000,United States,Combined,Age Group,1-4 years,2.0
2023-03-04T00:00:00.000,United States,Combined,Age Group,<1 year,4.3
2023-03-04T00:00:00.000,United States,Combined,Age Group,65+ years,2.8
2023-03-04T00:00:00.000,United States,Combined,Age Group,5-17 years,1.3
2023-03-04T00:00:00.000,United States,Combined,Age Group,18-49 years,1.4
2023-03-04T00:00:00.000,United States,Combined,Race/Ethnicity,Hispanic,1.8
2023-03-04T00:00:00.000,United States,Combined,Race/Ethnicity,"Multiple/Other, NH",1.6
2023-03-04T00:00:00.000,United States,Combined,Race/Ethnicity,"White, NH",2.0
2023-03-04T00:00:00.000,United States,Combined,Race/Ethnicity,"Asian/NHOPI, NH",2.2
2023-03-04T00:00:00.000,United States,Combined,Race/Ethnicity,"AI/AN, NH",2.6
2023-03-04T00:00:00.000,United States,Combined,Race/Ethnicity,"Black, NH",1.7
2023-03-04T00:00:00.000,United States,Influenza,Sex,Male,0.3
2023-03-04T00:00:00.000,United States,Influenza,Sex,Invalid,0.0
2023-03-04T00:00:00.000,United States,Influenza,Sex,Other,0.0
2023-03-04T00:00:00.000,United States,Influenza,Sex,Female,0.3
2023-03-04T00:00:00.000,United States,Influenza,Age Group,50-64 years,0.2
2023-03-04T00:00:00.000,United States,Influenza,Age Group,1-4 years,0.7
2023-03-04T00:00:00.000,United States,Influenza,Age Group,<1 year,0.5
2023-03-04T00:00:00.000,United States,Influenza,Age Group,65+ years,0.2
2023-03-04T00:00:00.000,United States,Influenza,Age Group,5-17 years,0.6
2023-03-04T00:00:00.000,United States,Influenza,Age Group,18-49 years,0.3
2023-03-04T00:00:00.000,United States,Influenza,Race/Ethnicity,Hispanic,0.4
2023-03-04T00:00:00.000,United States,Influenza,Race/Ethnicity,"Multiple/Other, NH",0.3
2023-03-04T00:00:00.000,United States,Influenza,Race/Ethnicity,"White, NH",0.2
2023-03-04T00:00:00.000,United States,Influenza,Race/Ethnicity,"Asian/NHOPI, NH",0.4
2023-03-04T00:00:00.000,United States,Influenza,Race/Ethnicity,"AI/AN, NH",0.4
2023-03-04T00:00:00.000,United States,Influenza,Race/Ethnicity,"Black, NH",0.4
2023-03-04T00:00:00.000,United States,RSV,Sex,Male,0.1
2023-03-04T00:00:00.000,United States,RSV,Sex,Invalid,0.0
2023-03-04T00:00:00.000,United States,RSV,Sex,Other,0.0
2023-03-04T00:00:00.000,United States,RSV,Sex,Female,0.1
2023-03-04T00:00:00.000,United States,RSV,Age Group,50-64 years,0.0
2023-03-04T00:00:00.000,United States,RSV,Age Group,1-4 years,0.4
2023-03-04T00:00:00.000,United States,RSV,Age Group,<1 year,0.9
2023-03-04T00:00:00.000,United States,RSV,Age Group,65+ years,0.1
2023-03-04T00:00:00.000,United States,RSV,Age Group,5-17 years,0.0
2023-03-04T00:00:00.000,United States,RSV,Age Group,18-49 years,0.0
2023-03-04T00:00:00.000,United States,RSV,Race/Ethnicity,Hispanic,0.1
2023-03-04T00:00:00.000,United States,RSV,Race/Ethnicity,"Multiple/Other, NH",0.1
2023-03-04T00:00:00.000,United States,RSV,Race/Ethnicity,"White, NH",0.1
2023-03-04T00:00:00.000,United States,RSV,Race/Ethnicity,"Asian/NHOPI, NH",0.1
2023-03-04T00:00:00.000,United States,RSV,Race/Ethnicity,"AI/AN, NH",0.2
2023-03-04T00:00:00.000,United States,RSV,Race/Ethnicity,"Black, NH",0.0
2023-03-04T00:00:00.000,United States,COVID-19,Sex,Male,1.5
2023-02-25T00:00:00.000,United States,RSV,Race/Ethnicity,"Asian/NHOPI, NH",0.1
2023-02-25T00:00:00.000,United States,RSV,Race/Ethnicity,"Black, NH",0.0
2023-02-25T00:00:00.000,United States,COVID-19,Sex,Male,1.7
2023-02-25T00:00:00.000,United States,COVID-19,Sex,Invalid,0.1
2023-02-25T00:00:00.000,United States,COVID-19,Sex,Other,4.0
2023-02-25T00:00:00.000,United States,COVID-19,Sex,Female,1.8
2023-02-25T00:00:00.000,United States,COVID-19,Age Group,50-64 years,1.7
2023-02-25T00:00:00.000,United States,COVID-19,Age Group,1-4 years,1.0
2023-02-25T00:00:00.000,United States,COVID-19,Age Group,<1 year,3.5
2023-02-25T00:00:00.000,United States,COVID-19,Age Group,65+ years,2.9
2023-02-25T00:00:00.000,United States,COVID-19,Age Group,5-17 years,0.7
2023-02-25T00:00:00.000,United States,COVID-19,Age Group,18-49 years,1.3
2023-02-25T00:00:00.000,United States,COVID-19,Race/Ethnicity,Hispanic,1.5
2023-02-25T00:00:00.000,United States,COVID-19,Race/Ethnicity,"Multiple/Other, NH",1.4
2023-02-25T00:00:00.000,United States,COVID-19,Race/Ethnicity,"White, NH",1.9
2023-02-25T00:00:00.000,United States,COVID-19,Race/Ethnicity,"Asian/NHOPI, NH",1.9
2023-02-25T00:00:00.000,United States,COVID-19,Race/Ethnicity,"AI/AN, NH",2.1
2023-02-25T00:00:00.000,United States,COVID-19,Race/Ethnicity,"Black, NH",1.5
2023-02-25T00:00:00.000,United States,Combined,Sex,Male,2.1
2023-02-25T00:00:00.000,United States,Combined,Sex,Invalid,0.2
2023-02-25T00:00:00.000,United States,Combined,Sex,Other,4.0
2023-02-25T00:00:00.000,United States,Combined,Sex,Female,2.2
2023-02-25T00:00:00.000,United States,Combined,Age Group,50-64 years,2.0
2023-02-25T00:00:00.000,United States,Combined,Age Group,1-4 years,2.3
2023-02-25T00:00:00.000,United States,Combined,Age Group,<1 year,4.9
2023-02-25T00:00:00.000,United States,Combined,Age Group,65+ years,3.1
2023-02-25T00:00:00.000,United States,Combined,Age Group,5-17 years,1.5
2023-02-25T00:00:00.000,United States,Combined,Age Group,18-49 years,1.6
2023-02-25T00:00:00.000,United States,Combined,Race/Ethnicity,Hispanic,2.1
2023-02-25T00:00:00.000,United States,Combined,Race/Ethnicity,"Multiple/Other, NH",1.8
2023-02-25T00:00:00.000,United States,Combined,Race/Ethnicity,"White, NH",2.3
2023-02-25T00:00:00.000,United States,Combined,Race/Ethnicity,"Asian/NHOPI, NH",2.5
2023-02-25T00:00:00.000,United States,Combined,Race/Ethnicity,"AI/AN, NH",2.8
2023-02-25T00:00:00.000,United States,Combined,Race/Ethnicity,"Black, NH",1.9
2023-02-25T00:00:00.000,United States,Influenza,Sex,Male,0.3
2023-02-25T00:00:00.000,United States,Influenza,Sex,Invalid,0.0
2023-02-25T00:00:00.000,United States,Influenza,Sex,Other,0.0
2023-02-25T00:00:00.000,United States,Influenza,Sex,Female,0.3
2023-02-25T00:00:00.000,United States,Influenza,Age Group,50-64 years,0.2
2023-02-25T00:00:00.000,United States,Influenza,Age Group,1-4 years,0.8
2023-02-25T00:00:00.000,United States,Influenza,Age Group,<1 year,0.5
2023-02-25T00:00:00.000,United States,Influenza,Age Group,65+ years,0.2
2023-02-25T00:00:00.000,United States,Influenza,Age Group,5-17 years,0.7
2023-02-25T00:00:00.000,United States,Influenza,Age Group,18-49 years,0.3
2023-02-25T00:00:00.000,United States,Influenza,Race/Ethnicity,Hispanic,0.5
2023-02-25T00:00:00.000,United States,Influenza,Race/Ethnicity,"Multiple/Other, NH",0.3
2023-02-25T00:00:00.000,United States,Influenza,Race/Ethnicity,"White, NH",0.3
2023-02-25T00:00:00.000,United States,Influenza,Race/Ethnicity,"Asian/NHOPI, NH",0.5
2023-02-25T00:00:00.000,United States,Influenza,Race/Ethnicity,"AI/AN, NH",0.5
2023-02-25T00:00:00.000,United States,Influenza,Race/Ethnicity,"Black, NH",0.4
2023-02-25T00:00:00.000,United States,RSV,Sex,Male,0.1
2023-02-25T00:00:00.000,United States,RSV,Sex,Invalid,0.0
2023-02-25T00:00:00.000,United States,RSV,Sex,Other,0.0
2023-02-25T00:00:00.000,United States,RSV,Sex,Female,0.1
2023-02-25T00:00:00.000,United States,RSV,Age Group,50-64 years,0.0
2023-02-25T00:00:00.000,United States,RSV,Age Group,1-4 years,0.5
2023-02-25T00:00:00.000,United States,RSV,Age Group,<1 year,1.0
2023-02-25T00:00:00.000,United States,RSV,Age Group,65+ years,0.1
2023-02-25T00:00:00.000,United States,RSV,Age Group,5-17 years,0.0
2023-02-25T00:00:00.000,United States,RSV,Age Group,18-49 years,0.0
2023-02-25T00:00:00.000,United States,RSV,Race/Ethnicity,Hispanic,0.1
2023-02-25T00:00:00.000,United States,RSV,Race/Ethnicity,"Multiple/Other, NH",0.1
2023-02-25T00:00:00.000,United States,RSV,Race/Ethnicity,"White, NH",0.1
2023-02-25T00:00:00.000,United States,RSV,Race/Ethnicity,"AI/AN, NH",0.3
2023-02-18T00:00:00.000,United States,Influenza,Age Group,50-64 years,0.2
2023-02-18T00:00:00.000,United States,COVID-19,Age Group,1-4 years,1.2
2023-02-18T00:00:00.000,United States,COVID-19,Age Group,<1 year,3.8
2023-02-18T00:00:00.000,United States,COVID-19,Age Group,65+ years,3.0
2023-02-18T00:00:00.000,United States,COVID-19,Age Group,5-17 years,0.9
2023-02-18T00:00:00.000,United States,COVID-19,Age Group,18-49 years,1.4
2023-02-18T00:00:00.000,United States,COVID-19,Race/Ethnicity,Hispanic,1.6
2023-02-18T00:00:00.000,United States,COVID-19,Race/Ethnicity,"Multiple/Other, NH",1.5
2023-02-18T00:00:00.000,United States,COVID-19,Race/Ethnicity,"White, NH",2.0
2023-02-18T00:00:00.000,United States,COVID-19,Race/Ethnicity,"Asian/NHOPI, NH",2.1
2023-02-18T00:00:00.000,United States,COVID-19,Race/Ethnicity,"AI/AN, NH",2.1
2023-02-18T00:00:00.000,United States,COVID-19,Race/Ethnicity,"Black, NH",1.7
2023-02-18T00:00:00.000,United States,Combined,Sex,Male,2.2
2023-02-18T00:00:00.000,United States,Combined,Sex,Invalid,0.1
2023-02-18T00:00:00.000,United States,Combined,Sex,Other,3.2
2023-02-18T00:00:00.000,United States,Combined,Sex,Female,2.3
2023-02-18T00:00:00.000,United States,Combined,Age Group,50-64 years,2.1
2023-02-18T00:00:00.000,United States,Combined,Age Group,1-4 years,2.5
2023-02-18T00:00:00.000,United States,Combined,Age Group,<1 year,5.3
2023-02-18T00:00:00.000,United States,Combined,Age Group,65+ years,3.2
2023-02-18T00:00:00.000,United States,Combined,Age Group,5-17 years,1.7
2023-02-18T00:00:00.000,United States,Combined,Age Group,18-49 years,1.7
2023-02-18T00:00:00.000,United States,Combined,Race/Ethnicity,Hispanic,2.2
2023-02-18T00:00:00.000,United States,Combined,Race/Ethnicity,"Multiple/Other, NH",1.9
2023-02-18T00:00:00.000,United States,Combined,Race/Ethnicity,"White, NH",2.4
2023-02-18T00:00:00.000,United States,Combined,Race/Ethnicity,"Asian/NHOPI, NH",2.6
2023-02-18T00:00:00.000,United States,Combined,Race/Ethnicity,"AI/AN, NH",2.8
2023-02-18T00:00:00.000,United States,Combined,Race/Ethnicity,"Black, NH",2.1
2023-02-18T00:00:00.000,United States,Influenza,Sex,Male,0.4
2023-02-18T00:00:00.000,United States,Influenza,Sex,Invalid,0.0
2023-02-18T00:00:00.000,United States,Influenza,Sex,Other,0.0
2023-02-18T00:00:00.000,United States,Influenza,Sex,Female,0.4
2023-02-18T00:00:00.000,United States,COVID-19,Sex,Invalid,0.1
2023-02-18T00:00:00.000,United States,Influenza,Age Group,1-4 years,0.8
2023-02-18T00:00:00.000,United States,Influenza,Age Group,<1 year,0.5
2023-02-18T00:00:00.000,United States,Influenza,Age Group,65+ years,0.2
2023-02-18T00:00:00.000,United States,Influenza,Age Group,5-17 years,0.8
2023-02-18T00:00:00.000,United States,Influenza,Age Group,18-49 years,0.3
2023-02-18T00:00:00.000,United States,Influenza,Race/Ethnicity,Hispanic,0.5
2023-02-18T00:00:00.000,United States,Influenza,Race/Ethnicity,"Multiple/Other, NH",0.3
2023-02-18T00:00:00.000,United States,Influenza,Race/Ethnicity,"White, NH",0.3
2023-02-18T00:00:00.000,United States,Influenza,Race/Ethnicity,"Asian/NHOPI, NH",0.4
2023-02-18T00:00:00.000,United States,Influenza,Race/Ethnicity,"AI/AN, NH",0.4
2023-02-18T00:00:00.000,United States,Influenza,Race/Ethnicity,"Black, NH",0.4
2023-02-18T00:00:00.000,United States,RSV,Sex,Male,0.1
2023-02-18T00:00:00.000,United States,RSV,Sex,Invalid,0.0
2023-02-18T00:00:00.000,United States,RSV,Sex,Other,0.0
2023-02-18T00:00:00.000,United States,RSV,Sex,Female,0.1
2023-02-18T00:00:00.000,United States,RSV,Age Group,50-64 years,0.0
2023-02-18T00:00:00.000,United States,RSV,Age Group,1-4 years,0.5
2023-02-18T00:00:00.000,United States,RSV,Age Group,<1 year,1.1
2023-02-18T00:00:00.000,United States,RSV,Age Group,65+ years,0.1
2023-02-18T00:00:00.000,United States,RSV,Age Group,5-17 years,0.0
2023-02-18T00:00:00.000,United States,RSV,Age Group,18-49 years,0.0
2023-02-18T00:00:00.000,United States,RSV,Race/Ethnicity,Hispanic,0.1
2023-02-18T00:00:00.000,United States,RSV,Race/Ethnicity,"Multiple/Other, NH",0.1
2023-02-18T00:00:00.000,United States,COVID-19,Sex,Other,3.2
2023-02-18T00:00:00.000,United States,RSV,Race/Ethnicity,"White, NH",0.1
2023-02-18T00:00:00.000,United States,RSV,Race/Ethnicity,"Asian/NHOPI, NH",0.1
2023-02-18T00:00:00.000,United States,RSV,Race/Ethnicity,"AI/AN, NH",0.3
2023-02-18T00:00:00.000,United States,RSV,Race/Ethnicity,"Black, NH",0.1
2023-02-18T00:00:00.000,United States,COVID-19,Sex,Male,1.8
2023-02-18T00:00:00.000,United States,COVID-19,Sex,Female,1.9
2023-02-18T00:00:00.000,United States,COVID-19,Age Group,50-64 years,1.8
2023-02-11T00:00:00.000,United States,COVID-19,Sex,Other,0.0
2023-02-11T00:00:00.000,United States,COVID-19,Sex,Invalid,0.1
2023-02-11T00:00:00.000,United States,RSV,Race/Ethnicity,"AI/AN, NH",0.4
2023-02-11T00:00:00.000,United States,RSV,Race/Ethnicity,"Asian/NHOPI, NH",0.1
2023-02-11T00:00:00.000,United States,RSV,Race/Ethnicity,"White, NH",0.1
2023-02-11T00:00:00.000,United States,RSV,Race/Ethnicity,"Multiple/Other, NH",0.1
2023-02-11T00:00:00.000,United States,RSV,Race/Ethnicity,Hispanic,0.1
2023-02-11T00:00:00.000,United States,RSV,Age Group,18-49 years,0.0
2023-02-11T00:00:00.000,United States,RSV,Age Group,5-17 years,0.1
2023-02-11T00:00:00.000,United States,RSV,Age Group,65+ years,0.1
2023-02-11T00:00:00.000,United States,RSV,Age Group,<1 year,1.3
2023-02-11T00:00:00.000,United States,RSV,Age Group,1-4 years,0.6
2023-02-11T00:00:00.000,United States,RSV,Age Group,50-64 years,0.0
2023-02-11T00:00:00.000,United States,RSV,Sex,Female,0.1
2023-02-11T00:00:00.000,United States,RSV,Sex,Other,0.0
2023-02-11T00:00:00.000,United States,RSV,Sex,Invalid,0.0
2023-02-11T00:00:00.000,United States,RSV,Sex,Male,0.1
2023-02-11T00:00:00.000,United States,Influenza,Race/Ethnicity,"Black, NH",0.5
2023-02-11T00:00:00.000,United States,Influenza,Race/Ethnicity,"AI/AN, NH",0.4
2023-02-11T00:00:00.000,United States,Influenza,Race/Ethnicity,"Asian/NHOPI, NH",0.5
2023-02-11T00:00:00.000,United States,Influenza,Race/Ethnicity,"White, NH",0.3
2023-02-11T00:00:00.000,United States,Influenza,Race/Ethnicity,"Multiple/Other, NH",0.4
2023-02-11T00:00:00.000,United States,Influenza,Race/Ethnicity,Hispanic,0.5
2023-02-11T00:00:00.000,United States,Influenza,Age Group,18-49 years,0.3
2023-02-11T00:00:00.000,United States,Influenza,Age Group,5-17 years,0.9
2023-02-11T00:00:00.000,United States,Influenza,Age Group,65+ years,0.2
2023-02-11T00:00:00.000,United States,Influenza,Age Group,<1 year,0.6
2023-02-11T00:00:00.000,United States,Influenza,Age Group,1-4 years,1.0
2023-02-11T00:00:00.000,United States,Influenza,Age Group,50-64 years,0.3
2023-02-11T00:00:00.000,United States,Influenza,Sex,Female,0.4
2023-02-11T00:00:00.000,United States,Influenza,Sex,Other,0.0
2023-02-11T00:00:00.000,United States,Influenza,Sex,Invalid,0.0
2023-02-11T00:00:00.000,United States,Influenza,Sex,Male,0.4
2023-02-11T00:00:00.000,United States,Combined,Race/Ethnicity,"Black, NH",2.4
2023-02-11T00:00:00.000,United States,Combined,Race/Ethnicity,"AI/AN, NH",2.8
2023-02-11T00:00:00.000,United States,Combined,Race/Ethnicity,"Asian/NHOPI, NH",2.7
2023-02-11T00:00:00.000,United States,Combined,Race/Ethnicity,"White, NH",2.5
2023-02-11T00:00:00.000,United States,Combined,Race/Ethnicity,"Multiple/Other, NH",2.1
2023-02-11T00:00:00.000,United States,Combined,Race/Ethnicity,Hispanic,2.5
2023-02-11T00:00:00.000,United States,Combined,Age Group,18-49 years,1.9
2023-02-11T00:00:00.000,United States,Combined,Age Group,5-17 years,2.0
2023-02-11T00:00:00.000,United States,Combined,Age Group,65+ years,3.3
2023-02-11T00:00:00.000,United States,Combined,Age Group,<1 year,6.0
2023-02-11T00:00:00.000,United States,Combined,Age Group,1-4 years,2.9
2023-02-11T00:00:00.000,United States,Combined,Age Group,50-64 years,2.3
2023-02-11T00:00:00.000,United States,Combined,Sex,Female,2.5
2023-02-11T00:00:00.000,United States,Combined,Sex,Other,0.0
2023-02-11T00:00:00.000,United States,Combined,Sex,Invalid,0.1
2023-02-11T00:00:00.000,United States,Combined,Sex,Male,2.4
2023-02-11T00:00:00.000,United States,COVID-19,Race/Ethnicity,"Black, NH",1.9
2023-02-11T00:00:00.000,United States,COVID-19,Race/Ethnicity,"AI/AN, NH",1.9
2023-02-11T00:00:00.000,United States,COVID-19,Race/Ethnicity,"Asian/NHOPI, NH",2.2
2023-02-11T00:00:00.000,United States,COVID-19,Race/Ethnicity,"White, NH",2.1
2023-02-11T00:00:00.000,United States,COVID-19,Race/Ethnicity,"Multiple/Other, NH",1.6
2023-02-11T00:00:00.000,United States,COVID-19,Race/Ethnicity,Hispanic,1.8
2023-02-11T00:00:00.000,United States,COVID-19,Age Group,18-49 years,1.5
2023-02-11T00:00:00.000,United States,COVID-19,Age Group,5-17 years,1.1
2023-02-11T00:00:00.000,United States,COVID-19,Age Group,65+ years,3.0
2023-02-11T00:00:00.000,United States,COVID-19,Age Group,<1 year,4.2
2023-02-11T00:00:00.000,United States,COVID-19,Age Group,1-4 years,1.3
2023-02-11T00:00:00.000,United States,COVID-19,Age Group,50-64 years,1.9
2023-02-11T00:00:00.000,United States,COVID-19,Sex,Female,2.0
2023-02-11T00:00:00.000,United States,COVID-19,Sex,Male,1.9
2023-02-11T00:00:00.000,United States,RSV,Race/Ethnicity,"Black, NH",0.1
2023-02-04T00:00:00.000,United States,RSV,Sex,Male,0.1
2023-02-04T00:00:00.000,United States,COVID-19,Sex,Invalid,0.1
2023-02-04T00:00:00.000,United States,COVID-19,Sex,Other,0.0
2023-02-04T00:00:00.000,United States,COVID-19,Sex,Female,2.1
2023-02-04T00:00:00.000,United States,COVID-19,Age Group,50-64 years,2.0
2023-02-04T00:00:00.000,United States,COVID-19,Age Group,1-4 years,1.5
2023-02-04T00:00:00.000,United States,COVID-19,Age Group,<1 year,4.8
2023-02-04T00:00:00.000,United States,COVID-19,Age Group,65+ years,3.0
2023-02-04T00:00:00.000,United States,COVID-19,Age Group,5-17 years,1.3
2023-02-04T00:00:00.000,United States,COVID-19,Age Group,18-49 years,1.6
2023-02-04T00:00:00.000,United States,COVID-19,Race/Ethnicity,Hispanic,2.0
2023-02-04T00:00:00.000,United States,COVID-19,Race/Ethnicity,"Multiple/Other, NH",1.8
2023-02-04T00:00:00.000,United States,COVID-19,Race/Ethnicity,"White, NH",2.1
2023-02-04T00:00:00.000,United States,COVID-19,Race/Ethnicity,"Asian/NHOPI, NH",2.3
2023-02-04T00:00:00.000,United States,COVID-19,Race/Ethnicity,"AI/AN, NH",2.0
2023-02-04T00:00:00.000,United States,COVID-19,Race/Ethnicity,"Black, NH",2.1
2023-02-04T00:00:00.000,United States,Combined,Sex,Male,2.6
2023-02-04T00:00:00.000,United States,Combined,Sex,Invalid,0.1
2023-02-04T00:00:00.000,United States,Combined,Sex,Other,0.0
2023-02-04T00:00:00.000,United States,Combined,Sex,Female,2.7
2023-02-04T00:00:00.000,United States,Combined,Age Group,50-64 years,2.3
2023-02-04T00:00:00.000,United States,Combined,Age Group,1-4 years,3.3
2023-02-04T00:00:00.000,United States,Combined,Age Group,<1 year,6.8
2023-02-04T00:00:00.000,United States,Combined,Age Group,65+ years,3.4
2023-02-04T00:00:00.000,United States,Combined,Age Group,5-17 years,2.4
2023-02-04T00:00:00.000,United States,Combined,Age Group,18-49 years,2.0
2023-02-04T00:00:00.000,United States,Combined,Race/Ethnicity,Hispanic,2.8
2023-02-04T00:00:00.000,United States,Combined,Race/Ethnicity,"Multiple/Other, NH",2.3
2023-02-04T00:00:00.000,United States,Combined,Race/Ethnicity,"White, NH",2.6
2023-02-04T00:00:00.000,United States,Combined,Race/Ethnicity,"Asian/NHOPI, NH",3.1
2023-02-04T00:00:00.000,United States,Combined,Race/Ethnicity,"AI/AN, NH",3.0
2023-02-04T00:00:00.000,United States,Combined,Race/Ethnicity,"Black, NH",2.7
2023-02-04T00:00:00.000,United States,Influenza,Sex,Male,0.5
2023-02-04T00:00:00.000,United States,Influenza,Sex,Invalid,0.0
2023-02-04T00:00:00.000,United States,Influenza,Sex,Other,0.0
2023-02-04T00:00:00.000,United States,Influenza,Sex,Female,0.5
2023-02-04T00:00:00.000,United States,Influenza,Age Group,50-64 years,0.3
2023-02-04T00:00:00.000,United States,Influenza,Age Group,1-4 years,1.2
2023-02-04T00:00:00.000,United States,Influenza,Age Group,<1 year,0.7
2023-02-04T00:00:00.000,United States,Influenza,Age Group,65+ years,0.3
2023-02-04T00:00:00.000,United States,Influenza,Age Group,5-17 years,1.0
2023-02-04T00:00:00.000,United States,Influenza,Age Group,18-49 years,0.4
2023-02-04T00:00:00.000,United States,Influenza,Race/Ethnicity,Hispanic,0.7
2023-02-04T00:00:00.000,United States,Influenza,Race/Ethnicity,"Multiple/Other, NH",0.4
2023-02-04T00:00:00.000,United States,Influenza,Race/Ethnicity,"White, NH",0.4
2023-02-04T00:00:00.000,United States,Influenza,Race/Ethnicity,"Asian/NHOPI, NH",0.6
2023-02-04T00:00:00.000,United States,Influenza,Race/Ethnicity,"AI/AN, NH",0.5
2023-02-04T00:00:00.000,United States,Influenza,Race/Ethnicity,"Black, NH",0.6
2023-02-04T00:00:00.000,United States,COVID-19,Sex,Male,2.0
2023-02-04T00:00:00.000,United States,RSV,Sex,Invalid,0.0
2023-02-04T00:00:00.000,United States,RSV,Sex,Other,0.0
2023-02-04T00:00:00.000,United States,RSV,Sex,Female,0.1
2023-02-04T00:00:00.000,United States,RSV,Age Group,50-64 years,0.0
2023-02-04T00:00:00.000,United States,RSV,Age Group,1-4 years,0.6
2023-02-04T00:00:00.000,United States,RSV,Age Group,<1 year,1.5
2023-02-04T00:00:00.000,United States,RSV,Age Group,65+ years,0.1
2023-02-04T00:00:00.000,United States,RSV,Age Group,5-17 years,0.1
2023-02-04T00:00:00.000,United States,RSV,Age Group,18-49 years,0.0
2023-02-04T00:00:00.000,United States,RSV,Race/Ethnicity,Hispanic,0.2
2023-02-04T00:00:00.000,United States,RSV,Race/Ethnicity,"Multiple/Other, NH",0.1
2023-02-04T00:00:00.000,United States,RSV,Race/Ethnicity,"White, NH",0.1
2023-02-04T00:00:00.000,United States,RSV,Race/Ethnicity,"Asian/NHOPI, NH",0.2
2023-02-04T00:00:00.000,United States,RSV,Race/Ethnicity,"AI/AN, NH",0.5
2023-02-04T00:00:00.000,United States,RSV,Race/Ethnicity,"Black, NH",0.1
2023-01-28T00:00:00.000,United States,RSV,Race/Ethnicity,"Black, NH",0.1
2023-01-28T00:00:00.000,United States,RSV,Race/Ethnicity,"AI/AN, NH",0.5
2023-01-28T00:00:00.000,United States,RSV,Race/Ethnicity,"Asian/NHOPI, NH",0.2
2023-01-28T00:00:00.000,United States,RSV,Race/Ethnicity,"White, NH",0.1
2023-01-28T00:00:00.000,United States,RSV,Race/Ethnicity,"Multiple/Other, NH",0.2
2023-01-28T00:00:00.000,United States,RSV,Race/Ethnicity,Hispanic,0.2
2023-01-28T00:00:00.000,United States,RSV,Age Group,18-49 years,0.0
2023-01-28T00:00:00.000,United States,RSV,Age Group,5-17 years,0.1
2023-01-28T00:00:00.000,United States,RSV,Age Group,65+ years,0.1
2023-01-28T00:00:00.000,United States,RSV,Age Group,<1 year,1.8
2023-01-28T00:00:00.000,United States,RSV,Age Group,1-4 years,0.8
2023-01-28T00:00:00.000,United States,RSV,Age Group,50-64 years,0.1
2023-01-28T00:00:00.000,United States,RSV,Sex,Female,0.1
2023-01-28T00:00:00.000,United States,RSV,Sex,Other,0.0
2023-01-28T00:00:00.000,United States,RSV,Sex,Invalid,0.0
2023-01-28T00:00:00.000,United States,RSV,Sex,Male,0.2
2023-01-28T00:00:00.000,United States,Influenza,Race/Ethnicity,"Black, NH",0.6
2023-01-28T00:00:00.000,United States,Influenza,Race/Ethnicity,"AI/AN, NH",0.8
2023-01-28T00:00:00.000,United States,Influenza,Race/Ethnicity,"Asian/NHOPI, NH",0.6
2023-01-28T00:00:00.000,United States,Influenza,Race/Ethnicity,"White, NH",0.5
2023-01-28T00:00:00.000,United States,Influenza,Race/Ethnicity,"Multiple/Other, NH",0.5
2023-01-28T00:00:00.000,United States,Influenza,Race/Ethnicity,Hispanic,0.8
2023-01-28T00:00:00.000,United States,Influenza,Age Group,18-49 years,0.4
2023-01-28T00:00:00.000,United States,Influenza,Age Group,5-17 years,1.2
2023-01-28T00:00:00.000,United States,Influenza,Age Group,65+ years,0.3
2023-01-28T00:00:00.000,United States,Influenza,Age Group,<1 year,0.8
2023-01-28T00:00:00.000,United States,Influenza,Age Group,1-4 years,1.4
2023-01-28T00:00:00.000,United States,Influenza,Age Group,50-64 years,0.4
2023-01-28T00:00:00.000,United States,Influenza,Sex,Female,0.5
2023-01-28T00:00:00.000,United States,Influenza,Sex,Other,0.0
2023-01-28T00:00:00.000,United States,Influenza,Sex,Invalid,0.1
2023-01-28T00:00:00.000,United States,Influenza,Sex,Male,0.6
2023-01-28T00:00:00.000,United States,Combined,Race/Ethnicity,"Black, NH",2.9
2023-01-28T00:00:00.000,United States,Combined,Race/Ethnicity,"AI/AN, NH",2.9
2023-01-28T00:00:00.000,United States,Combined,Race/Ethnicity,"Asian/NHOPI, NH",3.4
2023-01-28T00:00:00.000,United States,Combined,Race/Ethnicity,"White, NH",2.7
2023-01-28T00:00:00.000,United States,Combined,Race/Ethnicity,"Multiple/Other, NH",2.5
2023-01-28T00:00:00.000,United States,Combined,Race/Ethnicity,Hispanic,3.0
2023-01-28T00:00:00.000,United States,Combined,Age Group,18-49 years,2.1
2023-01-28T00:00:00.000,United States,Combined,Age Group,5-17 years,2.7
2023-01-28T00:00:00.000,United States,Combined,Age Group,65+ years,3.5
2023-01-28T00:00:00.000,United States,Combined,Age Group,<1 year,7.4
2023-01-28T00:00:00.000,United States,Combined,Age Group,1-4 years,3.9
2023-01-28T00:00:00.000,United States,Combined,Age Group,50-64 years,2.4
2023-01-28T00:00:00.000,United States,Combined,Sex,Female,2.9
2023-01-28T00:00:00.000,United States,Combined,Sex,Other,3.8
2023-01-28T00:00:00.000,United States,Combined,Sex,Invalid,0.2
2023-01-28T00:00:00.000,United States,Combined,Sex,Male,2.8
2023-01-28T00:00:00.000,United States,COVID-19,Race/Ethnicity,"Black, NH",2.2
2023-01-28T00:00:00.000,United States,COVID-19,Race/Ethnicity,"AI/AN, NH",1.6
2023-01-28T00:00:00.000,United States,COVID-19,Race/Ethnicity,"Asian/NHOPI, NH",2.6
2023-01-28T00:00:00.000,United States,COVID-19,Race/Ethnicity,"White, NH",2.1
2023-01-28T00:00:00.000,United States,COVID-19,Race/Ethnicity,"Multiple/Other, NH",1.9
2023-01-28T00:00:00.000,United States,COVID-19,Race/Ethnicity,Hispanic,2.1
2023-01-28T00:00:00.000,United States,COVID-19,Age Group,18-49 years,1.7
2023-01-28T00:00:00.000,United States,COVID-19,Age Group,5-17 years,1.4
2023-01-28T00:00:00.000,United States,COVID-19,Age Group,65+ years,3.1
2023-01-28T00:00:00.000,United States,COVID-19,Age Group,<1 year,4.9
2023-01-28T00:00:00.000,United States,COVID-19,Age Group,1-4 years,1.7
2023-01-28T00:00:00.000,United States,COVID-19,Age Group,50-64 years,2.0
2023-01-28T00:00:00.000,United States,COVID-19,Sex,Female,2.2
2023-01-28T00:00:00.000,United States,COVID-19,Sex,Other,3.8
2023-01-28T00:00:00.000,United States,COVID-19,Sex,Invalid,0.1
2023-01-28T00:00:00.000,United States,COVID-19,Sex,Male,2.1
2023-01-21T00:00:00.000,United States,COVID-19,Sex,Invalid,0.1
2023-01-21T00:00:00.000,United States,COVID-19,Sex,Male,2.2
2023-01-21T00:00:00.000,United States,COVID-19,Sex,Other,0.0
2023-01-21T00:00:00.000,United States,COVID-19,Sex,Female,2.4
2023-01-21T00:00:00.000,United States,COVID-19,Age Group,50-64 years,2.2
2023-01-21T00:00:00.000,United States,COVID-19,Age Group,1-4 years,1.8
2023-01-21T00:00:00.000,United States,COVID-19,Age Group,<1 year,5.5
2023-01-21T00:00:00.000,United States,COVID-19,Age Group,65+ years,3.4
2023-01-21T00:00:00.000,United States,COVID-19,Age Group,5-17 years,1.4
2023-01-21T00:00:00.000,United States,COVID-19,Age Group,18-49 years,1.7
2023-01-21T00:00:00.000,United States,COVID-19,Race/Ethnicity,Hispanic,2.3
2023-01-21T00:00:00.000,United States,COVID-19,Race/Ethnicity,"Multiple/Other, NH",2.0
2023-01-21T00:00:00.000,United States,COVID-19,Race/Ethnicity,"White, NH",2.3
2023-01-21T00:00:00.000,United States,COVID-19,Race/Ethnicity,"Asian/NHOPI, NH",2.7
2023-01-21T00:00:00.000,United States,COVID-19,Race/Ethnicity,"AI/AN, NH",1.9
2023-01-21T00:00:00.000,United States,COVID-19,Race/Ethnicity,"Black, NH",2.4
2023-01-21T00:00:00.000,United States,Combined,Sex,Male,3.1
2023-01-21T00:00:00.000,United States,Combined,Sex,Invalid,0.2
2023-01-21T00:00:00.000,United States,Combined,Sex,Other,0.0
2023-01-21T00:00:00.000,United States,Combined,Sex,Female,3.2
2023-01-21T00:00:00.000,United States,Combined,Age Group,50-64 years,2.8
2023-01-21T00:00:00.000,United States,Combined,Age Group,1-4 years,4.6
2023-01-21T00:00:00.000,United States,Combined,Age Group,<1 year,8.6
2023-01-21T00:00:00.000,United States,Combined,Age Group,65+ years,4.0
2023-01-21T00:00:00.000,United States,Combined,Age Group,5-17 years,2.9
2023-01-21T00:00:00.000,United States,Combined,Age Group,18-49 years,2.3
2023-01-21T00:00:00.000,United States,Combined,Race/Ethnicity,Hispanic,3.4
2023-01-21T00:00:00.000,United States,Combined,Race/Ethnicity,"Multiple/Other, NH",2.8
2023-01-21T00:00:00.000,United States,Combined,Race/Ethnicity,"White, NH",3.1
2023-01-21T00:00:00.000,United States,Combined,Race/Ethnicity,"Asian/NHOPI, NH",3.7
2023-01-21T00:00:00.000,United States,Combined,Race/Ethnicity,"AI/AN, NH",3.4
2023-01-21T00:00:00.000,United States,Combined,Race/Ethnicity,"Black, NH",3.3
2023-01-21T00:00:00.000,United States,Influenza,Sex,Male,0.7
2023-01-21T00:00:00.000,United States,Influenza,Sex,Invalid,0.0
2023-01-21T00:00:00.000,United States,Influenza,Sex,Other,0.0
2023-01-21T00:00:00.000,United States,Influenza,Sex,Female,0.7
2023-01-21T00:00:00.000,United States,Influenza,Age Group,50-64 years,0.5
2023-01-21T00:00:00.000,United States,Influenza,Age Group,1-4 years,1.9
2023-01-21T00:00:00.000,United States,Influenza,Age Group,<1 year,1.0
2023-01-21T00:00:00.000,United States,Influenza,Age Group,65+ years,0.5
2023-01-21T00:00:00.000,United States,Influenza,Age Group,5-17 years,1.5
2023-01-21T00:00:00.000,United States,Influenza,Age Group,18-49 years,0.6
2023-01-21T00:00:00.000,United States,Influenza,Race/Ethnicity,Hispanic,1.0
2023-01-21T00:00:00.000,United States,Influenza,Race/Ethnicity,"Multiple/Other, NH",0.6
2023-01-21T00:00:00.000,United States,Influenza,Race/Ethnicity,"White, NH",0.6
2023-01-21T00:00:00.000,United States,Influenza,Race/Ethnicity,"Asian/NHOPI, NH",0.8
2023-01-21T00:00:00.000,United States,Influenza,Race/Ethnicity,"AI/AN, NH",0.9
2023-01-21T00:00:00.000,United States,Influenza,Race/Ethnicity,"Black, NH",0.8
2023-01-21T00:00:00.000,United States,RSV,Sex,Male,0.2
2023-01-21T00:00:00.000,United States,RSV,Sex,Invalid,0.0
2023-01-21T00:00:00.000,United States,RSV,Sex,Other,0.0
2023-01-21T00:00:00.000,United States,RSV,Sex,Female,0.2
2023-01-21T00:00:00.000,United States,RSV,Age Group,50-64 years,0.1
2023-01-21T00:00:00.000,United States,RSV,Age Group,1-4 years,1.0
2023-01-21T00:00:00.000,United States,RSV,Age Group,<1 year,2.3
2023-01-21T00:00:00.000,United States,RSV,Age Group,65+ years,0.1
2023-01-21T00:00:00.000,United States,RSV,Age Group,5-17 years,0.1
2023-01-21T00:00:00.000,United States,RSV,Age Group,18-49 years,0.0
2023-01-21T00:00:00.000,United States,RSV,Race/Ethnicity,Hispanic,0.2
2023-01-21T00:00:00.000,United States,RSV,Race/Ethnicity,"Multiple/Other, NH",0.2
2023-01-21T00:00:00.000,United States,RSV,Race/Ethnicity,"White, NH",0.2
2023-01-21T00:00:00.000,United States,RSV,Race/Ethnicity,"Asian/NHOPI, NH",0.2
2023-01-21T00:00:00.000,United States,RSV,Race/Ethnicity,"AI/AN, NH",0.7
2023-01-21T00:00:00.000,United States,RSV,Race/Ethnicity,"Black, NH",0.1
2023-01-14T00:00:00.000,United States,Combined,Race/Ethnicity,"Black, NH",3.7
2023-01-14T00:00:00.000,United States,RSV,Race/Ethnicity,"AI/AN, NH",0.7
2023-01-14T00:00:00.000,United States,RSV,Race/Ethnicity,"Asian/NHOPI, NH",0.3
2023-01-14T00:00:00.000,United States,RSV,Race/Ethnicity,"White, NH",0.2
2023-01-14T00:00:00.000,United States,RSV,Race/Ethnicity,"Multiple/Other, NH",0.2
2023-01-14T00:00:00.000,United States,RSV,Race/Ethnicity,Hispanic,0.3
2023-01-14T00:00:00.000,United States,RSV,Age Group,18-49 years,0.0
2023-01-14T00:00:00.000,United States,RSV,Age Group,5-17 years,0.1
2023-01-14T00:00:00.000,United States,RSV,Age Group,65+ years,0.2
2023-01-14T00:00:00.000,United States,RSV,Age Group,<1 year,2.9
2023-01-14T00:00:00.000,United States,RSV,Age Group,1-4 years,1.3
2023-01-14T00:00:00.000,United States,RSV,Age Group,50-64 years,0.1
2023-01-14T00:00:00.000,United States,RSV,Sex,Female,0.2
2023-01-14T00:00:00.000,United States,RSV,Sex,Other,0.0
2023-01-14T00:00:00.000,United States,RSV,Sex,Invalid,0.0
2023-01-14T00:00:00.000,United States,RSV,Sex,Male,0.3
2023-01-14T00:00:00.000,United States,Influenza,Race/Ethnicity,"Black, NH",1.0
2023-01-14T00:00:00.000,United States,Influenza,Race/Ethnicity,"AI/AN, NH",1.5
2023-01-14T00:00:00.000,United States,Influenza,Race/Ethnicity,"Asian/NHOPI, NH",1.2
2023-01-14T00:00:00.000,United States,Influenza,Race/Ethnicity,"White, NH",0.9
2023-01-14T00:00:00.000,United States,Influenza,Race/Ethnicity,"Multiple/Other, NH",0.9
2023-01-14T00:00:00.000,United States,Influenza,Race/Ethnicity,Hispanic,1.3
2023-01-14T00:00:00.000,United States,Influenza,Age Group,18-49 years,0.8
2023-01-14T00:00:00.000,United States,Influenza,Age Group,5-17 years,1.8
2023-01-14T00:00:00.000,United States,Influenza,Age Group,65+ years,0.8
2023-01-14T00:00:00.000,United States,Influenza,Age Group,<1 year,1.5
2023-01-14T00:00:00.000,United States,Influenza,Age Group,1-4 years,2.9
2023-01-14T00:00:00.000,United States,Influenza,Age Group,50-64 years,0.8
2023-01-14T00:00:00.000,United States,Influenza,Sex,Female,1.0
2023-01-14T00:00:00.000,United States,Influenza,Sex,Other,0.0
2023-01-14T00:00:00.000,United States,Influenza,Sex,Invalid,0.0
2023-01-14T00:00:00.000,United States,Influenza,Sex,Male,1.0
2023-01-14T00:00:00.000,United States,Combined,Race/Ethnicity,"AI/AN, NH",4.4
2023-01-14T00:00:00.000,United States,Combined,Race/Ethnicity,"Asian/NHOPI, NH",4.7
2023-01-14T00:00:00.000,United States,Combined,Race/Ethnicity,"White, NH",3.8
2023-01-14T00:00:00.000,United States,Combined,Race/Ethnicity,"Multiple/Other, NH",3.4
2023-01-14T00:00:00.000,United States,Combined,Race/Ethnicity,Hispanic,4.1
2023-01-14T00:00:00.000,United States,Combined,Age Group,18-49 years,2.7
2023-01-14T00:00:00.000,United States,Combined,Age Group,5-17 years,3.1
2023-01-14T00:00:00.000,United States,Combined,Age Group,65+ years,4.9
2023-01-14T00:00:00.000,United States,Combined,Age Group,<1 year,9.9
2023-01-14T00:00:00.000,United States,Combined,Age Group,1-4 years,5.9
2023-01-14T00:00:00.000,United States,Combined,Age Group,50-64 years,3.5
2023-01-14T00:00:00.000,United States,Combined,Sex,Female,3.8
2023-01-14T00:00:00.000,United States,Combined,Sex,Other,0.0
2023-01-14T00:00:00.000,United States,Combined,Sex,Invalid,0.3
2023-01-14T00:00:00.000,United States,Combined,Sex,Male,3.7
2023-01-14T00:00:00.000,United States,COVID-19,Race/Ethnicity,"Black, NH",2.6
2023-01-14T00:00:00.000,United States,COVID-19,Race/Ethnicity,"AI/AN, NH",2.2
2023-01-14T00:00:00.000,United States,COVID-19,Race/Ethnicity,"Asian/NHOPI, NH",3.3
2023-01-14T00:00:00.000,United States,COVID-19,Race/Ethnicity,"White, NH",2.6
2023-01-14T00:00:00.000,United States,COVID-19,Race/Ethnicity,"Multiple/Other, NH",2.3
2023-01-14T00:00:00.000,United States,COVID-19,Race/Ethnicity,Hispanic,2.5
2023-01-14T00:00:00.000,United States,COVID-19,Age Group,18-49 years,1.9
2023-01-14T00:00:00.000,United States,COVID-19,Age Group,5-17 years,1.3
2023-01-14T00:00:00.000,United States,COVID-19,Age Group,65+ years,4.0
2023-01-14T00:00:00.000,United States,COVID-19,Age Group,<1 year,5.7
2023-01-14T00:00:00.000,United States,COVID-19,Age Group,1-4 years,1.8
2023-01-14T00:00:00.000,United States,COVID-19,Age Group,50-64 years,2.6
2023-01-14T00:00:00.000,United States,COVID-19,Sex,Female,2.7
2023-01-14T00:00:00.000,United States,COVID-19,Sex,Other,0.0
2023-01-14T00:00:00.000,United States,COVID-19,Sex,Invalid,0.2
2023-01-14T00:00:00.000,United States,COVID-19,Sex,Male,2.5
2023-01-14T00:00:00.000,United States,RSV,Race/Ethnicity,"Black, NH",0.1
2023-01-07T00:00:00.000,United States,RSV,Race/Ethnicity,"AI/AN, NH",1.0
2023-01-07T00:00:00.000,United States,COVID-19,Sex,Male,3.2
2023-01-07T00:00:00.000,United States,COVID-19,Sex,Invalid,0.2
2023-01-07T00:00:00.000,United States,COVID-19,Sex,Other,0.0
2023-01-07T00:00:00.000,United States,COVID-19,Sex,Female,3.5
2023-01-07T00:00:00.000,United States,COVID-19,Age Group,50-64 years,3.4
2023-01-07T00:00:00.000,United States,COVID-19,Age Group,1-4 years,2.2
2023-01-07T00:00:00.000,United States,COVID-19,Age Group,<1 year,7.0
2023-01-07T00:00:00.000,United States,COVID-19,Age Group,65+ years,5.2
2023-01-07T00:00:00.000,United States,COVID-19,Age Group,5-17 years,1.3
2023-01-07T00:00:00.000,United States,COVID-19,Age Group,18-49 years,2.5
2023-01-07T00:00:00.000,United States,COVID-19,Race/Ethnicity,Hispanic,3.3
2023-01-07T00:00:00.000,United States,COVID-19,Race/Ethnicity,"Multiple/Other, NH",3.0
2023-01-07T00:00:00.000,United States,COVID-19,Race/Ethnicity,"White, NH",3.4
2023-01-07T00:00:00.000,United States,COVID-19,Race/Ethnicity,"Asian/NHOPI, NH",4.0
2023-01-07T00:00:00.000,United States,COVID-19,Race/Ethnicity,"AI/AN, NH",2.5
2023-01-07T00:00:00.000,United States,COVID-19,Race/Ethnicity,"Black, NH",3.3
2023-01-07T00:00:00.000,United States,Combined,Sex,Male,5.4
2023-01-07T00:00:00.000,United States,Combined,Sex,Invalid,0.3
2023-01-07T00:00:00.000,United States,Combined,Sex,Other,0.0
2023-01-07T00:00:00.000,United States,Combined,Sex,Female,5.6
2023-01-07T00:00:00.000,United States,Combined,Age Group,50-64 years,5.1
2023-01-07T00:00:00.000,United States,Combined,Age Group,1-4 years,8.9
2023-01-07T00:00:00.000,United States,Combined,Age Group,<1 year,13.5
2023-01-07T00:00:00.000,United States,Combined,Age Group,65+ years,7.1
2023-01-07T00:00:00.000,United States,Combined,Age Group,5-17 years,4.1
2023-01-07T00:00:00.000,United States,Combined,Age Group,18-49 years,4.1
2023-01-07T00:00:00.000,United States,Combined,Race/Ethnicity,Hispanic,6.2
2023-01-07T00:00:00.000,United States,Combined,Race/Ethnicity,"Multiple/Other, NH",5.0
2023-01-07T00:00:00.000,United States,Combined,Race/Ethnicity,"White, NH",5.6
2023-01-07T00:00:00.000,United States,Combined,Race/Ethnicity,"Asian/NHOPI, NH",6.8
2023-01-07T00:00:00.000,United States,Combined,Race/Ethnicity,"AI/AN, NH",5.7
2023-01-07T00:00:00.000,United States,RSV,Race/Ethnicity,"Black, NH",0.1
2023-01-07T00:00:00.000,United States,Combined,Race/Ethnicity,"Black, NH",4.9
2023-01-07T00:00:00.000,United States,Influenza,Sex,Male,2.0
2023-01-07T00:00:00.000,United States,Influenza,Sex,Invalid,0.0
2023-01-07T00:00:00.000,United States,Influenza,Sex,Other,0.0
2023-01-07T00:00:00.000,United States,Influenza,Sex,Female,2.0
2023-01-07T00:00:00.000,United States,Influenza,Age Group,50-64 years,1.7
2023-01-07T00:00:00.000,United States,Influenza,Age Group,1-4 years,5.0
2023-01-07T00:00:00.000,United States,Influenza,Age Group,<1 year,2.9
2023-01-07T00:00:00.000,United States,Influenza,Age Group,65+ years,1.7
2023-01-07T00:00:00.000,United States,Influenza,Age Group,5-17 years,2.7
2023-01-07T00:00:00.000,United States,Influenza,Age Group,18-49 years,1.6
2023-01-07T00:00:00.000,United States,Influenza,Race/Ethnicity,Hispanic,2.6
2023-01-07T00:00:00.000,United States,Influenza,Race/Ethnicity,"Multiple/Other, NH",1.7
2023-01-07T00:00:00.000,United States,Influenza,Race/Ethnicity,"White, NH",2.0
2023-01-07T00:00:00.000,United States,Influenza,Race/Ethnicity,"Asian/NHOPI, NH",2.4
2023-01-07T00:00:00.000,United States,Influenza,Race/Ethnicity,"AI/AN, NH",2.3
2023-01-07T00:00:00.000,United States,Influenza,Race/Ethnicity,"Black, NH",1.6
2023-01-07T00:00:00.000,United States,RSV,Sex,Male,0.4
2023-01-07T00:00:00.000,United States,RSV,Sex,Invalid,0.0
2023-01-07T00:00:00.000,United States,RSV,Sex,Other,0.0
2023-01-07T00:00:00.000,United States,RSV,Sex,Female,0.3
2023-01-07T00:00:00.000,United States,RSV,Age Group,50-64 years,0.1
2023-01-07T00:00:00.000,United States,RSV,Age Group,1-4 years,1.9
2023-01-07T00:00:00.000,United States,RSV,Age Group,<1 year,4.1
2023-01-07T00:00:00.000,United States,RSV,Age Group,65+ years,0.2
2023-01-07T00:00:00.000,United States,RSV,Age Group,5-17 years,0.1
2023-01-07T00:00:00.000,United States,RSV,Age Group,18-49 years,0.1
2023-01-07T00:00:00.000,United States,RSV,Race/Ethnicity,Hispanic,0.5
2023-01-07T00:00:00.000,United States,RSV,Race/Ethnicity,"Multiple/Other, NH",0.4
2023-01-07T00:00:00.000,United States,RSV,Race/Ethnicity,"White, NH",0.3
2023-01-07T00:00:00.000,United States,RSV,Race/Ethnicity,"Asian/NHOPI, NH",0.4
2022-12-31T00:00:00.000,United States,RSV,Race/Ethnicity,"Black, NH",0.2
2022-12-31T00:00:00.000,United States,COVID-19,Sex,Male,3.7
2022-12-31T00:00:00.000,United States,COVID-19,Sex,Invalid,0.1
2022-12-31T00:00:00.000,United States,COVID-19,Sex,Other,0.0
2022-12-31T00:00:00.000,United States,COVID-19,Sex,Female,3.9
2022-12-31T00:00:00.000,United States,COVID-19,Age Group,50-64 years,3.8
2022-12-31T00:00:00.000,United States,COVID-19,Age Group,1-4 years,2.3
2022-12-31T00:00:00.000,United States,COVID-19,Age Group,<1 year,7.7
2022-12-31T00:00:00.000,United States,COVID-19,Age Group,65+ years,5.8
2022-12-31T00:00:00.000,United States,COVID-19,Age Group,5-17 years,1.4
2022-12-31T00:00:00.000,United States,COVID-19,Age Group,18-49 years,2.9
2022-12-31T00:00:00.000,United States,COVID-19,Race/Ethnicity,Hispanic,3.6
2022-12-31T00:00:00.000,United States,COVID-19,Race/Ethnicity,"Multiple/Other, NH",3.5
2022-12-31T00:00:00.000,United States,COVID-19,Race/Ethnicity,"White, NH",4.0
2022-12-31T00:00:00.000,United States,COVID-19,Race/Ethnicity,"Asian/NHOPI, NH",4.4
2022-12-31T00:00:00.000,United States,COVID-19,Race/Ethnicity,"AI/AN, NH",2.9
2022-12-31T00:00:00.000,United States,COVID-19,Race/Ethnicity,"Black, NH",3.6
2022-12-31T00:00:00.000,United States,Combined,Sex,Male,7.5
2022-12-31T00:00:00.000,United States,Combined,Sex,Invalid,0.2
2022-12-31T00:00:00.000,United States,Combined,Sex,Other,4.0
2022-12-31T00:00:00.000,United States,Combined,Sex,Female,7.8
2022-12-31T00:00:00.000,United States,Combined,Age Group,50-64 years,6.7
2022-12-31T00:00:00.000,United States,Combined,Age Group,1-4 years,12.2
2022-12-31T00:00:00.000,United States,Combined,Age Group,<1 year,16.6
2022-12-31T00:00:00.000,United States,Combined,Age Group,65+ years,8.8
2022-12-31T00:00:00.000,United States,Combined,Age Group,5-17 years,7.9
2022-12-31T00:00:00.000,United States,Combined,Age Group,18-49 years,6.0
2022-12-31T00:00:00.000,United States,Combined,Race/Ethnicity,Hispanic,8.6
2022-12-31T00:00:00.000,United States,Combined,Race/Ethnicity,"Multiple/Other, NH",7.1
2022-12-31T00:00:00.000,United States,Combined,Race/Ethnicity,"White, NH",7.9
2022-12-31T00:00:00.000,United States,Combined,Race/Ethnicity,"Asian/NHOPI, NH",8.8
2022-12-31T00:00:00.000,United States,Combined,Race/Ethnicity,"AI/AN, NH",8.4
2022-12-31T00:00:00.000,United States,Combined,Race/Ethnicity,"Black, NH",6.6
2022-12-31T00:00:00.000,United States,Influenza,Sex,Male,3.6
2022-12-31T00:00:00.000,United States,Influenza,Sex,Invalid,0.1
2022-12-31T00:00:00.000,United States,Influenza,Sex,Other,4.0
2022-12-31T00:00:00.000,United States,Influenza,Sex,Female,3.6
2022-12-31T00:00:00.000,United States,Influenza,Age Group,50-64 years,2.9
2022-12-31T00:00:00.000,United States,Influenza,Age Group,1-4 years,8.2
2022-12-31T00:00:00.000,United States,Influenza,Age Group,<1 year,5.0
2022-12-31T00:00:00.000,United States,Influenza,Age Group,65+ years,2.9
2022-12-31T00:00:00.000,United States,Influenza,Age Group,5-17 years,6.3
2022-12-31T00:00:00.000,United States,Influenza,Age Group,18-49 years,3.1
2022-12-31T00:00:00.000,United States,Influenza,Race/Ethnicity,Hispanic,4.5
2022-12-31T00:00:00.000,United States,Influenza,Race/Ethnicity,"Multiple/Other, NH",3.3
2022-12-31T00:00:00.000,United States,Influenza,Race/Ethnicity,"White, NH",3.6
2022-12-31T00:00:00.000,United States,Influenza,Race/Ethnicity,"Asian/NHOPI, NH",4.1
2022-12-31T00:00:00.000,United States,Influenza,Race/Ethnicity,"AI/AN, NH",4.6
2022-12-31T00:00:00.000,United States,Influenza,Race/Ethnicity,"Black, NH",2.9
2022-12-31T00:00:00.000,United States,RSV,Sex,Male,0.4
2022-12-31T00:00:00.000,United States,RSV,Sex,Invalid,0.0
2022-12-31T00:00:00.000,United States,RSV,Sex,Other,0.0
2022-12-31T00:00:00.000,United States,RSV,Sex,Female,0.4
2022-12-31T00:00:00.000,United States,RSV,Age Group,50-64 years,0.1
2022-12-31T00:00:00.000,United States,RSV,Age Group,1-4 years,2.1
2022-12-31T00:00:00.000,United States,RSV,Age Group,<1 year,4.3
2022-12-31T00:00:00.000,United States,RSV,Age Group,65+ years,0.3
2022-12-31T00:00:00.000,United States,RSV,Age Group,5-17 years,0.2
2022-12-31T00:00:00.000,United States,RSV,Age Group,18-49 years,0.1
2022-12-31T00:00:00.000,United States,RSV,Race/Ethnicity,Hispanic,0.6
2022-12-31T00:00:00.000,United States,RSV,Race/Ethnicity,"Multiple/Other, NH",0.4
2022-12-31T00:00:00.000,United States,RSV,Race/Ethnicity,"White, NH",0.4
2022-12-31T00:00:00.000,United States,RSV,Race/Ethnicity,"Asian/NHOPI, NH",0.5
2022-12-31T00:00:00.000,United States,RSV,Race/Ethnicity,"AI/AN, NH",1.1
2022-12-24T00:00:00.000,United States,RSV,Race/Ethnicity,"Black, NH",0.2
2022-12-24T00:00:00.000,United States,COVID-19,Sex,Male,3.2
2022-12-24T00:00:00.000,United States,COVID-19,Sex,Invalid,0.1
2022-12-24T00:00:00.000,United States,COVID-19,Sex,Other,4.3
2022-12-24T00:00:00.000,United States,COVID-19,Sex,Female,3.4
2022-12-24T00:00:00.000,United States,COVID-19,Age Group,50-64 years,3.3
2022-12-24T00:00:00.000,United States,COVID-19,Age Group,1-4 years,1.9
2022-12-24T00:00:00.000,United States,COVID-19,Age Group,<1 year,6.3
2022-12-24T00:00:00.000,United States,COVID-19,Age Group,65+ years,5.1
2022-12-24T00:00:00.000,United States,COVID-19,Age Group,5-17 years,1.5
2022-12-24T00:00:00.000,United States,COVID-19,Age Group,18-49 years,2.6
2022-12-24T00:00:00.000,United States,COVID-19,Race/Ethnicity,Hispanic,3.0
2022-12-24T00:00:00.000,United States,COVID-19,Race/Ethnicity,"Multiple/Other, NH",3.0
2022-12-24T00:00:00.000,United States,COVID-19,Race/Ethnicity,"White, NH",3.5
2022-12-24T00:00:00.000,United States,COVID-19,Race/Ethnicity,"Asian/NHOPI, NH",3.8
2022-12-24T00:00:00.000,United States,COVID-19,Race/Ethnicity,"AI/AN, NH",2.7
2022-12-24T00:00:00.000,United States,COVID-19,Race/Ethnicity,"Black, NH",3.1
2022-12-24T00:00:00.000,United States,Combined,Sex,Male,8.1
2022-12-24T00:00:00.000,United States,Combined,Sex,Invalid,0.2
2022-12-24T00:00:00.000,United States,Combined,Sex,Other,4.3
2022-12-24T00:00:00.000,United States,Combined,Sex,Female,8.2
2022-12-24T00:00:00.000,United States,Combined,Age Group,50-64 years,6.3
2022-12-24T00:00:00.000,United States,Combined,Age Group,1-4 years,14.0
2022-12-24T00:00:00.000,United States,Combined,Age Group,<1 year,16.2
2022-12-24T00:00:00.000,United States,Combined,Age Group,65+ years,8.1
2022-12-24T00:00:00.000,United States,Combined,Age Group,5-17 years,12.4
2022-12-24T00:00:00.000,United States,Combined,Age Group,18-49 years,6.2
2022-12-24T00:00:00.000,United States,Combined,Race/Ethnicity,Hispanic,9.4
2022-12-24T00:00:00.000,United States,Combined,Race/Ethnicity,"Multiple/Other, NH",7.7
2022-12-24T00:00:00.000,United States,Combined,Race/Ethnicity,"White, NH",8.2
2022-12-24T00:00:00.000,United States,Combined,Race/Ethnicity,"Asian/NHOPI, NH",9.2
2022-12-24T00:00:00.000,United States,Combined,Race/Ethnicity,"AI/AN, NH",9.9
2022-12-24T00:00:00.000,United States,Combined,Race/Ethnicity,"Black, NH",7.0
2022-12-24T00:00:00.000,United States,Influenza,Sex,Male,4.5
2022-12-24T00:00:00.000,United States,Influenza,Sex,Invalid,0.1
2022-12-24T00:00:00.000,United States,Influenza,Sex,Other,0.0
2022-12-24T00:00:00.000,United States,Influenza,Sex,Female,4.6
2022-12-24T00:00:00.000,United States,Influenza,Age Group,50-64 years,3.0
2022-12-24T00:00:00.000,United States,Influenza,Age Group,1-4 years,10.0
2022-12-24T00:00:00.000,United States,Influenza,Age Group,<1 year,5.5
2022-12-24T00:00:00.000,United States,Influenza,Age Group,65+ years,2.9
2022-12-24T00:00:00.000,United States,Influenza,Age Group,5-17 years,10.8
2022-12-24T00:00:00.000,United States,Influenza,Age Group,18-49 years,3.7
2022-12-24T00:00:00.000,United States,Influenza,Race/Ethnicity,Hispanic,6.0
2022-12-24T00:00:00.000,United States,Influenza,Race/Ethnicity,"Multiple/Other, NH",4.3
2022-12-24T00:00:00.000,United States,Influenza,Race/Ethnicity,"White, NH",4.4
2022-12-24T00:00:00.000,United States,Influenza,Race/Ethnicity,"Asian/NHOPI, NH",5.0
2022-12-24T00:00:00.000,United States,Influenza,Race/Ethnicity,"AI/AN, NH",6.1
2022-12-24T00:00:00.000,United States,Influenza,Race/Ethnicity,"Black, NH",3.8
2022-12-24T00:00:00.000,United States,RSV,Sex,Male,0.5
2022-12-24T00:00:00.000,United States,RSV,Sex,Invalid,0.0
2022-12-24T00:00:00.000,United States,RSV,Sex,Other,0.0
2022-12-24T00:00:00.000,United States,RSV,Sex,Female,0.4
2022-12-24T00:00:00.000,United States,RSV,Age Group,50-64 years,0.1
2022-12-24T00:00:00.000,United States,RSV,Age Group,1-4 years,2.4
2022-12-24T00:00:00.000,United States,RSV,Age Group,<1 year,4.9
2022-12-24T00:00:00.000,United States,RSV,Age Group,65+ years,0.3
2022-12-24T00:00:00.000,United States,RSV,Age Group,5-17 years,0.3
2022-12-24T00:00:00.000,United States,RSV,Age Group,18-49 years,0.1
2022-12-24T00:00:00.000,United States,RSV,Race/Ethnicity,Hispanic,0.6
2022-12-24T00:00:00.000,United States,RSV,Race/Ethnicity,"Multiple/Other, NH",0.5
2022-12-24T00:00:00.000,United States,RSV,Race/Ethnicity,"White, NH",0.5
2022-12-24T00:00:00.000,United States,RSV,Race/Ethnicity,"Asian/NHOPI, NH",0.5
2022-12-24T00:00:00.000,United States,RSV,Race/Ethnicity,"AI/AN, NH",1.3
2022-12-17T00:00:00.000,United States,COVID-19,Sex,Male,2.8
2022-12-17T00:00:00.000,United States,COVID-19,Sex,Invalid,0.1
2022-12-17T00:00:00.000,United States,COVID-19,Sex,Other,0.0
2022-12-17T00:00:00.000,United States,COVID-19,Sex,Female,3.0
2022-12-17T00:00:00.000,United States,COVID-19,Age Group,50-64 years,3.0
2022-12-17T00:00:00.000,United States,COVID-19,Age Group,1-4 years,1.8
2022-12-17T00:00:00.000,United States,COVID-19,Age Group,<1 year,5.5
2022-12-17T00:00:00.000,United States,COVID-19,Age Group,65+ years,4.6
2022-12-17T00:00:00.000,United States,COVID-19,Age Group,5-17 years,1.4
2022-12-17T00:00:00.000,United States,COVID-19,Age Group,18-49 years,2.3
2022-12-17T00:00:00.000,United States,COVID-19,Race/Ethnicity,Hispanic,2.8
2022-12-17T00:00:00.000,United States,COVID-19,Race/Ethnicity,"Multiple/Other, NH",2.6
2022-12-17T00:00:00.000,United States,COVID-19,Race/Ethnicity,"White, NH",3.1
2022-12-17T00:00:00.000,United States,COVID-19,Race/Ethnicity,"Asian/NHOPI, NH",3.3
2022-12-17T00:00:00.000,United States,COVID-19,Race/Ethnicity,"AI/AN, NH",2.7
2022-12-17T00:00:00.000,United States,COVID-19,Race/Ethnicity,"Black, NH",2.7
2022-12-17T00:00:00.000,United States,Combined,Sex,Male,8.5
2022-12-17T00:00:00.000,United States,Combined,Sex,Invalid,0.2
2022-12-17T00:00:00.000,United States,Combined,Sex,Other,0.0
2022-12-17T00:00:00.000,United States,Combined,Sex,Female,8.5
2022-12-17T00:00:00.000,United States,Combined,Age Group,50-64 years,6.1
2022-12-17T00:00:00.000,United States,Combined,Age Group,1-4 years,15.9
2022-12-17T00:00:00.000,United States,Combined,Age Group,<1 year,17.9
2022-12-17T00:00:00.000,United States,Combined,Age Group,65+ years,7.6
2022-12-17T00:00:00.000,United States,Combined,Age Group,5-17 years,14.4
2022-12-17T00:00:00.000,United States,Combined,Age Group,18-49 years,6.2
2022-12-17T00:00:00.000,United States,Combined,Race/Ethnicity,Hispanic,10.3
2022-12-17T00:00:00.000,United States,Combined,Race/Ethnicity,"Multiple/Other, NH",8.0
2022-12-17T00:00:00.000,United States,Combined,Race/Ethnicity,"White, NH",8.3
2022-12-17T00:00:00.000,United States,Combined,Race/Ethnicity,"Asian/NHOPI, NH",9.7
2022-12-17T00:00:00.000,United States,Combined,Race/Ethnicity,"AI/AN, NH",11.5
2022-12-17T00:00:00.000,United States,Combined,Race/Ethnicity,"Black, NH",7.5
2022-12-17T00:00:00.000,United States,Influenza,Sex,Male,5.2
2022-12-17T00:00:00.000,United States,Influenza,Sex,Invalid,0.1
2022-12-17T00:00:00.000,United States,Influenza,Sex,Other,0.0
2022-12-17T00:00:00.000,United States,Influenza,Sex,Female,5.1
2022-12-17T00:00:00.000,United States,Influenza,Age Group,50-64 years,3.0
2022-12-17T00:00:00.000,United States,Influenza,Age Group,1-4 years,11.6
2022-12-17T00:00:00.000,United States,Influenza,Age Group,<1 year,6.6
2022-12-17T00:00:00.000,United States,Influenza,Age Group,65+ years,2.8
2022-12-17T00:00:00.000,United States,Influenza,Age Group,5-17 years,12.9
2022-12-17T00:00:00.000,United States,Influenza,Age Group,18-49 years,3.9
2022-12-17T00:00:00.000,United States,Influenza,Race/Ethnicity,Hispanic,7.0
2022-12-17T00:00:00.000,United States,Influenza,Race/Ethnicity,"Multiple/Other, NH",5.0
2022-12-17T00:00:00.000,United States,Influenza,Race/Ethnicity,"White, NH",4.8
2022-12-17T00:00:00.000,United States,Influenza,Race/Ethnicity,"Asian/NHOPI, NH",5.8
2022-12-17T00:00:00.000,United States,Influenza,Race/Ethnicity,"AI/AN, NH",7.7
2022-12-17T00:00:00.000,United States,Influenza,Race/Ethnicity,"Black, NH",4.6
2022-12-17T00:00:00.000,United States,RSV,Sex,Male,0.6
2022-12-17T00:00:00.000,United States,RSV,Sex,Invalid,0.0
2022-12-17T00:00:00.000,United States,RSV,Sex,Other,0.0
2022-12-17T00:00:00.000,United States,RSV,Sex,Female,0.5
2022-12-17T00:00:00.000,United States,RSV,Age Group,50-64 years,0.2
2022-12-17T00:00:00.000,United States,RSV,Age Group,1-4 years,2.9
2022-12-17T00:00:00.000,United States,RSV,Age Group,<1 year,6.3
2022-12-17T00:00:00.000,United States,RSV,Age Group,65+ years,0.3
2022-12-17T00:00:00.000,United States,RSV,Age Group,5-17 years,0.3
2022-12-17T00:00:00.000,United States,RSV,Age Group,18-49 years,0.1
2022-12-17T00:00:00.000,United States,RSV,Race/Ethnicity,Hispanic,0.7
2022-12-17T00:00:00.000,United States,RSV,Race/Ethnicity,"Multiple/Other, NH",0.6
2022-12-17T00:00:00.000,United States,RSV,Race/Ethnicity,"White, NH",0.6
2022-12-17T00:00:00.000,United States,RSV,Race/Ethnicity,"Asian/NHOPI, NH",0.7
2022-12-17T00:00:00.000,United States,RSV,Race/Ethnicity,"AI/AN, NH",1.4
2022-12-17T00:00:00.000,United States,RSV,Race/Ethnicity,"Black, NH",0.3
2022-12-10T00:00:00.000,United States,COVID-19,Age Group,5-17 years,1.2
2022-12-10T00:00:00.000,United States,RSV,Race/Ethnicity,"Black, NH",0.3
2022-12-10T00:00:00.000,United States,RSV,Race/Ethnicity,"AI/AN, NH",1.5
2022-12-10T00:00:00.000,United States,RSV,Race/Ethnicity,"Asian/NHOPI, NH",0.9
2022-12-10T00:00:00.000,United States,RSV,Race/Ethnicity,"White, NH",0.7
2022-12-10T00:00:00.000,United States,RSV,Race/Ethnicity,"Multiple/Other, NH",0.7
2022-12-10T00:00:00.000,United States,RSV,Race/Ethnicity,Hispanic,0.9
2022-12-10T00:00:00.000,United States,RSV,Age Group,18-49 years,0.1
2022-12-10T00:00:00.000,United States,RSV,Age Group,5-17 years,0.4
2022-12-10T00:00:00.000,United States,RSV,Age Group,65+ years,0.4
2022-12-10T00:00:00.000,United States,RSV,Age Group,<1 year,7.9
2022-12-10T00:00:00.000,United States,RSV,Age Group,1-4 years,3.4
2022-12-10T00:00:00.000,United States,RSV,Age Group,50-64 years,0.2
2022-12-10T00:00:00.000,United States,RSV,Sex,Female,0.6
2022-12-10T00:00:00.000,United States,RSV,Sex,Other,0.0
2022-12-10T00:00:00.000,United States,RSV,Sex,Invalid,0.0
2022-12-10T00:00:00.000,United States,RSV,Sex,Male,0.7
2022-12-10T00:00:00.000,United States,Influenza,Race/Ethnicity,"Black, NH",5.6
2022-12-10T00:00:00.000,United States,Influenza,Race/Ethnicity,"AI/AN, NH",7.7
2022-12-10T00:00:00.000,United States,Influenza,Race/Ethnicity,"Asian/NHOPI, NH",7.0
2022-12-10T00:00:00.000,United States,Influenza,Race/Ethnicity,"White, NH",5.0
2022-12-10T00:00:00.000,United States,Influenza,Race/Ethnicity,"Multiple/Other, NH",5.7
2022-12-10T00:00:00.000,United States,Influenza,Race/Ethnicity,Hispanic,7.9
2022-12-10T00:00:00.000,United States,Influenza,Age Group,18-49 years,4.4
2022-12-10T00:00:00.000,United States,Influenza,Age Group,5-17 years,13.8
2022-12-10T00:00:00.000,United States,Influenza,Age Group,65+ years,3.1
2022-12-10T00:00:00.000,United States,Influenza,Age Group,<1 year,7.5
2022-12-10T00:00:00.000,United States,Influenza,Age Group,1-4 years,12.8
2022-12-10T00:00:00.000,United States,Influenza,Age Group,50-64 years,3.4
2022-12-10T00:00:00.000,United States,Influenza,Sex,Female,5.7
2022-12-10T00:00:00.000,United States,Influenza,Sex,Other,0.0
2022-12-10T00:00:00.000,United States,Influenza,Sex,Invalid,0.0
2022-12-10T00:00:00.000,United States,Influenza,Sex,Male,5.8
2022-12-10T00:00:00.000,United States,Combined,Race/Ethnicity,"Black, NH",8.2
2022-12-10T00:00:00.000,United States,Combined,Race/Ethnicity,"AI/AN, NH",11.6
2022-12-10T00:00:00.000,United States,Combined,Race/Ethnicity,"Asian/NHOPI, NH",11.1
2022-12-10T00:00:00.000,United States,Combined,Race/Ethnicity,"White, NH",8.4
2022-12-10T00:00:00.000,United States,Combined,Race/Ethnicity,"Multiple/Other, NH",8.7
2022-12-10T00:00:00.000,United States,Combined,Race/Ethnicity,Hispanic,11.2
2022-12-10T00:00:00.000,United States,Combined,Age Group,18-49 years,6.6
2022-12-10T00:00:00.000,United States,Combined,Age Group,5-17 years,15.2
2022-12-10T00:00:00.000,United States,Combined,Age Group,65+ years,7.6
2022-12-10T00:00:00.000,United States,Combined,Age Group,<1 year,19.9
2022-12-10T00:00:00.000,United States,Combined,Age Group,1-4 years,17.4
2022-12-10T00:00:00.000,United States,Combined,Age Group,50-64 years,6.4
2022-12-10T00:00:00.000,United States,Combined,Sex,Female,8.9
2022-12-10T00:00:00.000,United States,Combined,Sex,Other,6.3
2022-12-10T00:00:00.000,United States,Combined,Sex,Invalid,0.1
2022-12-10T00:00:00.000,United States,Combined,Sex,Male,9.0
2022-12-10T00:00:00.000,United States,COVID-19,Race/Ethnicity,"Black, NH",2.4
2022-12-10T00:00:00.000,United States,COVID-19,Race/Ethnicity,"AI/AN, NH",2.8
2022-12-10T00:00:00.000,United States,COVID-19,Race/Ethnicity,"Asian/NHOPI, NH",3.5
2022-12-10T00:00:00.000,United States,COVID-19,Race/Ethnicity,"White, NH",2.9
2022-12-10T00:00:00.000,United States,COVID-19,Race/Ethnicity,"Multiple/Other, NH",2.5
2022-12-10T00:00:00.000,United States,COVID-19,Race/Ethnicity,Hispanic,2.6
2022-12-10T00:00:00.000,United States,COVID-19,Age Group,18-49 years,2.2
2022-12-10T00:00:00.000,United States,COVID-19,Age Group,65+ years,4.3
2022-12-10T00:00:00.000,United States,COVID-19,Age Group,<1 year,5.1
2022-12-10T00:00:00.000,United States,COVID-19,Age Group,1-4 years,1.6
2022-12-10T00:00:00.000,United States,COVID-19,Age Group,50-64 years,2.9
2022-12-10T00:00:00.000,United States,COVID-19,Sex,Female,2.8
2022-12-10T00:00:00.000,United States,COVID-19,Sex,Other,6.3
2022-12-10T00:00:00.000,United States,COVID-19,Sex,Invalid,0.1
2022-12-10T00:00:00.000,United States,COVID-19,Sex,Male,2.6
2022-12-03T00:00:00.000,United States,RSV,Race/Ethnicity,"Black, NH",0.4
2022-12-03T00:00:00.000,United States,COVID-19,Sex,Male,2.5
2022-12-03T00:00:00.000,United States,COVID-19,Sex,Invalid,0.1
2022-12-03T00:00:00.000,United States,COVID-19,Sex,Other,0.0
2022-12-03T00:00:00.000,United States,COVID-19,Sex,Female,2.7
2022-12-03T00:00:00.000,United States,COVID-19,Age Group,50-64 years,2.7
2022-12-03T00:00:00.000,United States,COVID-19,Age Group,1-4 years,1.4
2022-12-03T00:00:00.000,United States,COVID-19,Age Group,<1 year,4.8
2022-12-03T00:00:00.000,United States,COVID-19,Age Group,65+ years,4.2
2022-12-03T00:00:00.000,United States,COVID-19,Age Group,5-17 years,1.0
2022-12-03T00:00:00.000,United States,COVID-19,Age Group,18-49 years,2.1
2022-12-03T00:00:00.000,United States,COVID-19,Race/Ethnicity,Hispanic,2.5
2022-12-03T00:00:00.000,United States,COVID-19,Race/Ethnicity,"Multiple/Other, NH",2.4
2022-12-03T00:00:00.000,United States,COVID-19,Race/Ethnicity,"White, NH",2.8
2022-12-03T00:00:00.000,United States,COVID-19,Race/Ethnicity,"Asian/NHOPI, NH",3.3
2022-12-03T00:00:00.000,United States,COVID-19,Race/Ethnicity,"AI/AN, NH",3.0
2022-12-03T00:00:00.000,United States,COVID-19,Race/Ethnicity,"Black, NH",2.3
2022-12-03T00:00:00.000,United States,Combined,Sex,Male,9.5
2022-12-03T00:00:00.000,United States,Combined,Sex,Invalid,0.1
2022-12-03T00:00:00.000,United States,Combined,Sex,Other,7.4
2022-12-03T00:00:00.000,United States,Combined,Sex,Female,9.5
2022-12-03T00:00:00.000,United States,Combined,Age Group,50-64 years,6.8
2022-12-03T00:00:00.000,United States,Combined,Age Group,1-4 years,18.7
2022-12-03T00:00:00.000,United States,Combined,Age Group,<1 year,21.9
2022-12-03T00:00:00.000,United States,Combined,Age Group,65+ years,8.1
2022-12-03T00:00:00.000,United States,Combined,Age Group,5-17 years,13.4
2022-12-03T00:00:00.000,United States,Combined,Age Group,18-49 years,7.6
2022-12-03T00:00:00.000,United States,Combined,Race/Ethnicity,Hispanic,11.9
2022-12-03T00:00:00.000,United States,Combined,Race/Ethnicity,"Multiple/Other, NH",9.4
2022-12-03T00:00:00.000,United States,Combined,Race/Ethnicity,"White, NH",8.7
2022-12-03T00:00:00.000,United States,Combined,Race/Ethnicity,"Asian/NHOPI, NH",11.7
2022-12-03T00:00:00.000,United States,Combined,Race/Ethnicity,"AI/AN, NH",12.4
2022-12-03T00:00:00.000,United States,Combined,Race/Ethnicity,"Black, NH",9.2
2022-12-03T00:00:00.000,United States,Influenza,Sex,Male,6.2
2022-12-03T00:00:00.000,United States,Influenza,Sex,Invalid,0.1
2022-12-03T00:00:00.000,United States,Influenza,Sex,Other,7.4
2022-12-03T00:00:00.000,United States,Influenza,Sex,Female,6.2
2022-12-03T00:00:00.000,United States,Influenza,Age Group,50-64 years,4.0
2022-12-03T00:00:00.000,United States,Influenza,Age Group,1-4 years,13.2
2022-12-03T00:00:00.000,United States,Influenza,Age Group,<1 year,8.1
2022-12-03T00:00:00.000,United States,Influenza,Age Group,65+ years,3.7
2022-12-03T00:00:00.000,United States,Influenza,Age Group,5-17 years,12.1
2022-12-03T00:00:00.000,United States,Influenza,Age Group,18-49 years,5.4
2022-12-03T00:00:00.000,United States,Influenza,Race/Ethnicity,Hispanic,8.4
2022-12-03T00:00:00.000,United States,Influenza,Race/Ethnicity,"Multiple/Other, NH",6.2
2022-12-03T00:00:00.000,United States,Influenza,Race/Ethnicity,"White, NH",5.3
2022-12-03T00:00:00.000,United States,Influenza,Race/Ethnicity,"Asian/NHOPI, NH",7.4
2022-12-03T00:00:00.000,United States,Influenza,Race/Ethnicity,"AI/AN, NH",8.0
2022-12-03T00:00:00.000,United States,Influenza,Race/Ethnicity,"Black, NH",6.6
2022-12-03T00:00:00.000,United States,RSV,Sex,Male,0.9
2022-12-03T00:00:00.000,United States,RSV,Sex,Invalid,0.0
2022-12-03T00:00:00.000,United States,RSV,Sex,Other,0.0
2022-12-03T00:00:00.000,United States,RSV,Sex,Female,0.7
2022-12-03T00:00:00.000,United States,RSV,Age Group,50-64 years,0.2
2022-12-03T00:00:00.000,United States,RSV,Age Group,1-4 years,4.4
2022-12-03T00:00:00.000,United States,RSV,Age Group,<1 year,9.7
2022-12-03T00:00:00.000,United States,RSV,Age Group,65+ years,0.3
2022-12-03T00:00:00.000,United States,RSV,Age Group,5-17 years,0.5
2022-12-03T00:00:00.000,United States,RSV,Age Group,18-49 years,0.1
2022-12-03T00:00:00.000,United States,RSV,Race/Ethnicity,Hispanic,1.2
2022-12-03T00:00:00.000,United States,RSV,Race/Ethnicity,"Multiple/Other, NH",0.9
2022-12-03T00:00:00.000,United States,RSV,Race/Ethnicity,"White, NH",0.8
2022-12-03T00:00:00.000,United States,RSV,Race/Ethnicity,"Asian/NHOPI, NH",1.2
2022-12-03T00:00:00.000,United States,RSV,Race/Ethnicity,"AI/AN, NH",1.8
2022-11-26T00:00:00.000,United States,RSV,Race/Ethnicity,"AI/AN, NH",2.0
2022-11-26T00:00:00.000,United States,COVID-19,Sex,Invalid,0.1
2022-11-26T00:00:00.000,United States,COVID-19,Sex,Male,2.2
2022-11-26T00:00:00.000,United States,COVID-19,Sex,Other,0.0
2022-11-26T00:00:00.000,United States,COVID-19,Sex,Female,2.3
2022-11-26T00:00:00.000,United States,COVID-19,Age Group,50-64 years,2.4
2022-11-26T00:00:00.000,United States,COVID-19,Age Group,1-4 years,1.1
2022-11-26T00:00:00.000,United States,COVID-19,Age Group,<1 year,3.6
2022-11-26T00:00:00.000,United States,COVID-19,Age Group,65+ years,3.8
2022-11-26T00:00:00.000,United States,COVID-19,Age Group,5-17 years,0.9
2022-11-26T00:00:00.000,United States,COVID-19,Age Group,18-49 years,1.8
2022-11-26T00:00:00.000,United States,COVID-19,Race/Ethnicity,Hispanic,2.1
2022-11-26T00:00:00.000,United States,COVID-19,Race/Ethnicity,"Multiple/Other, NH",2.1
2022-11-26T00:00:00.000,United States,COVID-19,Race/Ethnicity,"White, NH",2.5
2022-11-26T00:00:00.000,United States,COVID-19,Race/Ethnicity,"Asian/NHOPI, NH",2.8
2022-11-26T00:00:00.000,United States,COVID-19,Race/Ethnicity,"AI/AN, NH",3.1
2022-11-26T00:00:00.000,United States,COVID-19,Race/Ethnicity,"Black, NH",1.8
2022-11-26T00:00:00.000,United States,Combined,Sex,Male,9.9
2022-11-26T00:00:00.000,United States,Combined,Sex,Invalid,0.2
2022-11-26T00:00:00.000,United States,Combined,Sex,Other,8.0
2022-11-26T00:00:00.000,United States,Combined,Sex,Female,9.8
2022-11-26T00:00:00.000,United States,Combined,Age Group,50-64 years,6.2
2022-11-26T00:00:00.000,United States,Combined,Age Group,1-4 years,18.9
2022-11-26T00:00:00.000,United States,Combined,Age Group,<1 year,21.8
2022-11-26T00:00:00.000,United States,Combined,Age Group,65+ years,7.0
2022-11-26T00:00:00.000,United States,Combined,Age Group,5-17 years,18.9
2022-11-26T00:00:00.000,United States,Combined,Age Group,18-49 years,7.2
2022-11-26T00:00:00.000,United States,Combined,Race/Ethnicity,Hispanic,12.6
2022-11-26T00:00:00.000,United States,Combined,Race/Ethnicity,"Multiple/Other, NH",10.0
2022-11-26T00:00:00.000,United States,Combined,Race/Ethnicity,"White, NH",8.7
2022-11-26T00:00:00.000,United States,Combined,Race/Ethnicity,"Asian/NHOPI, NH",12.4
2022-11-26T00:00:00.000,United States,Combined,Race/Ethnicity,"AI/AN, NH",12.2
2022-11-26T00:00:00.000,United States,Combined,Race/Ethnicity,"Black, NH",10.2
2022-11-26T00:00:00.000,United States,Influenza,Sex,Male,6.7
2022-11-26T00:00:00.000,United States,Influenza,Sex,Invalid,0.1
2022-11-26T00:00:00.000,United States,Influenza,Sex,Other,8.0
2022-11-26T00:00:00.000,United States,Influenza,Sex,Female,6.7
2022-11-26T00:00:00.000,United States,Influenza,Age Group,50-64 years,3.6
2022-11-26T00:00:00.000,United States,Influenza,Age Group,1-4 years,12.9
2022-11-26T00:00:00.000,United States,Influenza,Age Group,<1 year,8.2
2022-11-26T00:00:00.000,United States,Influenza,Age Group,65+ years,3.0
2022-11-26T00:00:00.000,United States,Influenza,Age Group,5-17 years,17.5
2022-11-26T00:00:00.000,United States,Influenza,Age Group,18-49 years,5.3
2022-11-26T00:00:00.000,United States,Influenza,Race/Ethnicity,Hispanic,9.2
2022-11-26T00:00:00.000,United States,Influenza,Race/Ethnicity,"Multiple/Other, NH",6.9
2022-11-26T00:00:00.000,United States,Influenza,Race/Ethnicity,"White, NH",5.3
2022-11-26T00:00:00.000,United States,Influenza,Race/Ethnicity,"Asian/NHOPI, NH",8.4
2022-11-26T00:00:00.000,United States,Influenza,Race/Ethnicity,"AI/AN, NH",7.4
2022-11-26T00:00:00.000,United States,Influenza,Race/Ethnicity,"Black, NH",7.9
2022-11-26T00:00:00.000,United States,RSV,Sex,Male,1.2
2022-11-26T00:00:00.000,United States,RSV,Sex,Invalid,0.0
2022-11-26T00:00:00.000,United States,RSV,Sex,Other,0.0
2022-11-26T00:00:00.000,United States,RSV,Sex,Female,0.9
2022-11-26T00:00:00.000,United States,RSV,Age Group,50-64 years,0.2
2022-11-26T00:00:00.000,United States,RSV,Age Group,1-4 years,5.3
2022-11-26T00:00:00.000,United States,RSV,Age Group,<1 year,10.6
2022-11-26T00:00:00.000,United States,RSV,Age Group,65+ years,0.3
2022-11-26T00:00:00.000,United States,RSV,Age Group,5-17 years,0.8
2022-11-26T00:00:00.000,United States,RSV,Age Group,18-49 years,0.1
2022-11-26T00:00:00.000,United States,RSV,Race/Ethnicity,Hispanic,1.5
2022-11-26T00:00:00.000,United States,RSV,Race/Ethnicity,"Multiple/Other, NH",1.2
2022-11-26T00:00:00.000,United States,RSV,Race/Ethnicity,"White, NH",1.0
2022-11-26T00:00:00.000,United States,RSV,Race/Ethnicity,"Asian/NHOPI, NH",1.5
2022-11-26T00:00:00.000,United States,RSV,Race/Ethnicity,"Black, NH",0.6
2022-11-19T00:00:00.000,United States,COVID-19,Sex,Male,1.7
2022-11-19T00:00:00.000,United States,COVID-19,Sex,Invalid,0.0
2022-11-19T00:00:00.000,United States,COVID-19,Sex,Other,4.3
2022-11-19T00:00:00.000,United States,COVID-19,Sex,Female,1.8
2022-11-19T00:00:00.000,United States,COVID-19,Age Group,50-64 years,1.9
2022-11-19T00:00:00.000,United States,COVID-19,Age Group,1-4 years,1.0
2022-11-19T00:00:00.000,United States,COVID-19,Age Group,<1 year,2.8
2022-11-19T00:00:00.000,United States,COVID-19,Age Group,65+ years,3.0
2022-11-19T00:00:00.000,United States,COVID-19,Age Group,5-17 years,0.7
2022-11-19T00:00:00.000,United States,COVID-19,Age Group,18-49 years,1.4
2022-11-19T00:00:00.000,United States,COVID-19,Race/Ethnicity,Hispanic,1.6
2022-11-19T00:00:00.000,United States,COVID-19,Race/Ethnicity,"Multiple/Other, NH",1.6
2022-11-19T00:00:00.000,United States,COVID-19,Race/Ethnicity,"White, NH",2.0
2022-11-19T00:00:00.000,United States,COVID-19,Race/Ethnicity,"Asian/NHOPI, NH",2.2
2022-11-19T00:00:00.000,United States,COVID-19,Race/Ethnicity,"AI/AN, NH",2.6
2022-11-19T00:00:00.000,United States,COVID-19,Race/Ethnicity,"Black, NH",1.3
2022-11-19T00:00:00.000,United States,Combined,Sex,Male,7.2
2022-11-19T00:00:00.000,United States,Combined,Sex,Invalid,0.1
2022-11-19T00:00:00.000,United States,Combined,Sex,Other,13.0
2022-11-19T00:00:00.000,United States,Combined,Sex,Female,6.9
2022-11-19T00:00:00.000,United States,Combined,Age Group,50-64 years,3.9
2022-11-19T00:00:00.000,United States,Combined,Age Group,1-4 years,15.8
2022-11-19T00:00:00.000,United States,Combined,Age Group,<1 year,19.7
2022-11-19T00:00:00.000,United States,Combined,Age Group,65+ years,4.7
2022-11-19T00:00:00.000,United States,Combined,Age Group,5-17 years,13.6
2022-11-19T00:00:00.000,United States,Combined,Age Group,18-49 years,4.6
2022-11-19T00:00:00.000,United States,Combined,Race/Ethnicity,Hispanic,9.2
2022-11-19T00:00:00.000,United States,Combined,Race/Ethnicity,"Multiple/Other, NH",7.1
2022-11-19T00:00:00.000,United States,Combined,Race/Ethnicity,"White, NH",6.0
2022-11-19T00:00:00.000,United States,Combined,Race/Ethnicity,"Asian/NHOPI, NH",8.6
2022-11-19T00:00:00.000,United States,Combined,Race/Ethnicity,"AI/AN, NH",9.3
2022-11-19T00:00:00.000,United States,Combined,Race/Ethnicity,"Black, NH",7.6
2022-11-19T00:00:00.000,United States,Influenza,Sex,Male,4.4
2022-11-19T00:00:00.000,United States,Influenza,Sex,Invalid,0.1
2022-11-19T00:00:00.000,United States,Influenza,Sex,Other,8.7
2022-11-19T00:00:00.000,United States,Influenza,Sex,Female,4.2
2022-11-19T00:00:00.000,United States,Influenza,Age Group,50-64 years,1.9
2022-11-19T00:00:00.000,United States,Influenza,Age Group,1-4 years,8.9
2022-11-19T00:00:00.000,United States,Influenza,Age Group,<1 year,5.1
2022-11-19T00:00:00.000,United States,Influenza,Age Group,65+ years,1.5
2022-11-19T00:00:00.000,United States,Influenza,Age Group,5-17 years,12.2
2022-11-19T00:00:00.000,United States,Influenza,Age Group,18-49 years,3.1
2022-11-19T00:00:00.000,United States,Influenza,Race/Ethnicity,Hispanic,6.1
2022-11-19T00:00:00.000,United States,Influenza,Race/Ethnicity,"Multiple/Other, NH",4.3
2022-11-19T00:00:00.000,United States,Influenza,Race/Ethnicity,"White, NH",3.1
2022-11-19T00:00:00.000,United States,Influenza,Race/Ethnicity,"Asian/NHOPI, NH",5.0
2022-11-19T00:00:00.000,United States,Influenza,Race/Ethnicity,"AI/AN, NH",5.1
2022-11-19T00:00:00.000,United States,Influenza,Race/Ethnicity,"Black, NH",5.7
2022-11-19T00:00:00.000,United States,RSV,Sex,Male,1.3
2022-11-19T00:00:00.000,United States,RSV,Sex,Invalid,0.0
2022-11-19T00:00:00.000,United States,RSV,Sex,Other,0.0
2022-11-19T00:00:00.000,United States,RSV,Sex,Female,1.0
2022-11-19T00:00:00.000,United States,RSV,Age Group,50-64 years,0.2
2022-11-19T00:00:00.000,United States,RSV,Age Group,1-4 years,6.3
2022-11-19T00:00:00.000,United States,RSV,Age Group,<1 year,12.3
2022-11-19T00:00:00.000,United States,RSV,Age Group,65+ years,0.3
2022-11-19T00:00:00.000,United States,RSV,Age Group,5-17 years,0.8
2022-11-19T00:00:00.000,United States,RSV,Age Group,18-49 years,0.1
2022-11-19T00:00:00.000,United States,RSV,Race/Ethnicity,Hispanic,1.6
2022-11-19T00:00:00.000,United States,RSV,Race/Ethnicity,"Multiple/Other, NH",1.4
2022-11-19T00:00:00.000,United States,RSV,Race/Ethnicity,"White, NH",1.0
2022-11-19T00:00:00.000,United States,RSV,Race/Ethnicity,"Asian/NHOPI, NH",1.5
2022-11-19T00:00:00.000,United States,RSV,Race/Ethnicity,"AI/AN, NH",1.7
2022-11-19T00:00:00.000,United States,RSV,Race/Ethnicity,"Black, NH",0.7
2022-11-12T00:00:00.000,United States,RSV,Race/Ethnicity,"AI/AN, NH",1.6
2022-11-12T00:00:00.000,United States,RSV,Race/Ethnicity,"Black, NH",0.8
2022-11-12T00:00:00.000,United States,COVID-19,Sex,Male,1.6
2022-11-12T00:00:00.000,United States,COVID-19,Sex,Invalid,0.1
2022-11-12T00:00:00.000,United States,COVID-19,Sex,Other,8.3
2022-11-12T00:00:00.000,United States,COVID-19,Sex,Female,1.8
2022-11-12T00:00:00.000,United States,COVID-19,Age Group,50-64 years,1.9
2022-11-12T00:00:00.000,United States,COVID-19,Age Group,1-4 years,0.9
2022-11-12T00:00:00.000,United States,COVID-19,Age Group,<1 year,2.6
2022-11-12T00:00:00.000,United States,COVID-19,Age Group,65+ years,3.0
2022-11-12T00:00:00.000,United States,COVID-19,Age Group,5-17 years,0.7
2022-11-12T00:00:00.000,United States,COVID-19,Age Group,18-49 years,1.4
2022-11-12T00:00:00.000,United States,COVID-19,Race/Ethnicity,Hispanic,1.5
2022-11-12T00:00:00.000,United States,COVID-19,Race/Ethnicity,"Multiple/Other, NH",1.4
2022-11-12T00:00:00.000,United States,COVID-19,Race/Ethnicity,"White, NH",1.9
2022-11-12T00:00:00.000,United States,COVID-19,Race/Ethnicity,"Asian/NHOPI, NH",2.2
2022-11-12T00:00:00.000,United States,COVID-19,Race/Ethnicity,"AI/AN, NH",2.2
2022-11-12T00:00:00.000,United States,COVID-19,Race/Ethnicity,"Black, NH",1.3
2022-11-12T00:00:00.000,United States,Combined,Sex,Male,6.9
2022-11-12T00:00:00.000,United States,Combined,Sex,Invalid,0.2
2022-11-12T00:00:00.000,United States,Combined,Sex,Other,8.3
2022-11-12T00:00:00.000,United States,Combined,Sex,Female,6.6
2022-11-12T00:00:00.000,United States,Combined,Age Group,50-64 years,3.5
2022-11-12T00:00:00.000,United States,Combined,Age Group,1-4 years,15.1
2022-11-12T00:00:00.000,United States,Combined,Age Group,<1 year,19.5
2022-11-12T00:00:00.000,United States,Combined,Age Group,65+ years,4.4
2022-11-12T00:00:00.000,United States,Combined,Age Group,5-17 years,13.2
2022-11-12T00:00:00.000,United States,Combined,Age Group,18-49 years,4.2
2022-11-12T00:00:00.000,United States,Combined,Race/Ethnicity,Hispanic,8.5
2022-11-12T00:00:00.000,United States,Combined,Race/Ethnicity,"Multiple/Other, NH",6.6
2022-11-12T00:00:00.000,United States,Combined,Race/Ethnicity,"White, NH",5.6
2022-11-12T00:00:00.000,United States,Combined,Race/Ethnicity,"Asian/NHOPI, NH",7.9
2022-11-12T00:00:00.000,United States,Combined,Race/Ethnicity,"AI/AN, NH",7.4
2022-11-12T00:00:00.000,United States,Combined,Race/Ethnicity,"Black, NH",8.0
2022-11-12T00:00:00.000,United States,Influenza,Sex,Male,3.9
2022-11-12T00:00:00.000,United States,Influenza,Sex,Invalid,0.1
2022-11-12T00:00:00.000,United States,Influenza,Sex,Other,0.0
2022-11-12T00:00:00.000,United States,Influenza,Sex,Female,3.8
2022-11-12T00:00:00.000,United States,Influenza,Age Group,50-64 years,1.5
2022-11-12T00:00:00.000,United States,Influenza,Age Group,1-4 years,7.8
2022-11-12T00:00:00.000,United States,Influenza,Age Group,<1 year,4.6
2022-11-12T00:00:00.000,United States,Influenza,Age Group,65+ years,1.2
2022-11-12T00:00:00.000,United States,Influenza,Age Group,5-17 years,11.7
2022-11-12T00:00:00.000,United States,Influenza,Age Group,18-49 years,2.8
2022-11-12T00:00:00.000,United States,Influenza,Race/Ethnicity,Hispanic,5.4
2022-11-12T00:00:00.000,United States,Influenza,Race/Ethnicity,"Multiple/Other, NH",3.8
2022-11-12T00:00:00.000,United States,Influenza,Race/Ethnicity,"White, NH",2.6
2022-11-12T00:00:00.000,United States,Influenza,Race/Ethnicity,"Asian/NHOPI, NH",4.0
2022-11-12T00:00:00.000,United States,Influenza,Race/Ethnicity,"AI/AN, NH",3.9
2022-11-12T00:00:00.000,United States,Influenza,Race/Ethnicity,"Black, NH",5.9
2022-11-12T00:00:00.000,United States,RSV,Sex,Male,1.4
2022-11-12T00:00:00.000,United States,RSV,Sex,Invalid,0.0
2022-11-12T00:00:00.000,United States,RSV,Sex,Other,0.0
2022-11-12T00:00:00.000,United States,RSV,Sex,Female,1.1
2022-11-12T00:00:00.000,United States,RSV,Age Group,50-64 years,0.2
2022-11-12T00:00:00.000,United States,RSV,Age Group,1-4 years,6.7
2022-11-12T00:00:00.000,United States,RSV,Age Group,<1 year,12.8
2022-11-12T00:00:00.000,United States,RSV,Age Group,65+ years,0.3
2022-11-12T00:00:00.000,United States,RSV,Age Group,5-17 years,0.9
2022-11-12T00:00:00.000,United States,RSV,Age Group,18-49 years,0.1
2022-11-12T00:00:00.000,United States,RSV,Race/Ethnicity,Hispanic,1.7
2022-11-12T00:00:00.000,United States,RSV,Race/Ethnicity,"Multiple/Other, NH",1.5
2022-11-12T00:00:00.000,United States,RSV,Race/Ethnicity,"White, NH",1.1
2022-11-12T00:00:00.000,United States,RSV,Race/Ethnicity,"Asian/NHOPI, NH",1.7
2022-11-05T00:00:00.000,United States,COVID-19,Sex,Invalid,0.0
2022-11-05T00:00:00.000,United States,COVID-19,Sex,Male,1.6
2022-11-05T00:00:00.000,United States,COVID-19,Sex,Other,0.0
2022-11-05T00:00:00.000,United States,COVID-19,Sex,Female,1.8
2022-11-05T00:00:00.000,United States,COVID-19,Age Group,50-64 years,1.9
2022-11-05T00:00:00.000,United States,COVID-19,Age Group,1-4 years,0.9
2022-11-05T00:00:00.000,United States,COVID-19,Age Group,<1 year,2.5
2022-11-05T00:00:00.000,United States,COVID-19,Age Group,65+ years,3.0
2022-11-05T00:00:00.000,United States,COVID-19,Age Group,5-17 years,0.7
2022-11-05T00:00:00.000,United States,COVID-19,Age Group,18-49 years,1.4
2022-11-05T00:00:00.000,United States,COVID-19,Race/Ethnicity,Hispanic,1.4
2022-11-05T00:00:00.000,United States,COVID-19,Race/Ethnicity,"Multiple/Other, NH",1.4
2022-11-05T00:00:00.000,United States,COVID-19,Race/Ethnicity,"White, NH",2.0
2022-11-05T00:00:00.000,United States,COVID-19,Race/Ethnicity,"Asian/NHOPI, NH",2.1
2022-11-05T00:00:00.000,United States,COVID-19,Race/Ethnicity,"AI/AN, NH",2.2
2022-11-05T00:00:00.000,United States,COVID-19,Race/Ethnicity,"Black, NH",1.4
2022-11-05T00:00:00.000,United States,Combined,Sex,Male,6.6
2022-11-05T00:00:00.000,United States,Combined,Sex,Invalid,0.2
2022-11-05T00:00:00.000,United States,Combined,Sex,Other,0.0
2022-11-05T00:00:00.000,United States,Combined,Sex,Female,6.4
2022-11-05T00:00:00.000,United States,Combined,Age Group,50-64 years,3.3
2022-11-05T00:00:00.000,United States,Combined,Age Group,1-4 years,14.1
2022-11-05T00:00:00.000,United States,Combined,Age Group,<1 year,18.5
2022-11-05T00:00:00.000,United States,Combined,Age Group,65+ years,4.2
2022-11-05T00:00:00.000,United States,Combined,Age Group,5-17 years,12.9
2022-11-05T00:00:00.000,United States,Combined,Age Group,18-49 years,4.1
2022-11-05T00:00:00.000,United States,Combined,Race/Ethnicity,Hispanic,7.7
2022-11-05T00:00:00.000,United States,Combined,Race/Ethnicity,"Multiple/Other, NH",6.1
2022-11-05T00:00:00.000,United States,Combined,Race/Ethnicity,"White, NH",5.5
2022-11-05T00:00:00.000,United States,Combined,Race/Ethnicity,"Asian/NHOPI, NH",7.3
2022-11-05T00:00:00.000,United States,Combined,Race/Ethnicity,"AI/AN, NH",6.2
2022-11-05T00:00:00.000,United States,Combined,Race/Ethnicity,"Black, NH",8.1
2022-11-05T00:00:00.000,United States,Influenza,Sex,Male,3.7
2022-11-05T00:00:00.000,United States,Influenza,Sex,Invalid,0.1
2022-11-05T00:00:00.000,United States,Influenza,Sex,Other,0.0
2022-11-05T00:00:00.000,United States,Influenza,Sex,Female,3.7
2022-11-05T00:00:00.000,United States,Influenza,Age Group,50-64 years,1.3
2022-11-05T00:00:00.000,United States,Influenza,Age Group,1-4 years,7.0
2022-11-05T00:00:00.000,United States,Influenza,Age Group,<1 year,3.9
2022-11-05T00:00:00.000,United States,Influenza,Age Group,65+ years,0.9
2022-11-05T00:00:00.000,United States,Influenza,Age Group,5-17 years,11.4
2022-11-05T00:00:00.000,United States,Influenza,Age Group,18-49 years,2.6
2022-11-05T00:00:00.000,United States,Influenza,Race/Ethnicity,Hispanic,4.9
2022-11-05T00:00:00.000,United States,Influenza,Race/Ethnicity,"Multiple/Other, NH",3.4
2022-11-05T00:00:00.000,United States,Influenza,Race/Ethnicity,"White, NH",2.5
2022-11-05T00:00:00.000,United States,Influenza,Race/Ethnicity,"Asian/NHOPI, NH",3.7
2022-11-05T00:00:00.000,United States,Influenza,Race/Ethnicity,"AI/AN, NH",2.9
2022-11-05T00:00:00.000,United States,Influenza,Race/Ethnicity,"Black, NH",6.0
2022-11-05T00:00:00.000,United States,RSV,Sex,Male,1.3
2022-11-05T00:00:00.000,United States,RSV,Sex,Invalid,0.0
2022-11-05T00:00:00.000,United States,RSV,Sex,Other,0.0
2022-11-05T00:00:00.000,United States,RSV,Sex,Female,1.0
2022-11-05T00:00:00.000,United States,RSV,Age Group,50-64 years,0.2
2022-11-05T00:00:00.000,United States,RSV,Age Group,1-4 years,6.5
2022-11-05T00:00:00.000,United States,RSV,Age Group,<1 year,12.4
2022-11-05T00:00:00.000,United States,RSV,Age Group,65+ years,0.2
2022-11-05T00:00:00.000,United States,RSV,Age Group,5-17 years,0.9
2022-11-05T00:00:00.000,United States,RSV,Age Group,18-49 years,0.1
2022-11-05T00:00:00.000,United States,RSV,Race/Ethnicity,Hispanic,1.6
2022-11-05T00:00:00.000,United States,RSV,Race/Ethnicity,"Multiple/Other, NH",1.4
2022-11-05T00:00:00.000,United States,RSV,Race/Ethnicity,"White, NH",1.0
2022-11-05T00:00:00.000,United States,RSV,Race/Ethnicity,"Asian/NHOPI, NH",1.6
2022-11-05T00:00:00.000,United States,RSV,Race/Ethnicity,"AI/AN, NH",1.2
2022-11-05T00:00:00.000,United States,RSV,Race/Ethnicity,"Black, NH",0.9
2022-10-29T00:00:00.000,United States,COVID-19,Sex,Male,1.6
2022-10-29T00:00:00.000,United States,COVID-19,Sex,Other,0.0
2022-10-29T00:00:00.000,United States,COVID-19,Sex,Female,1.7
2022-10-29T00:00:00.000,United States,COVID-19,Age Group,50-64 years,1.8
2022-10-29T00:00:00.000,United States,COVID-19,Age Group,1-4 years,0.9
2022-10-29T00:00:00.000,United States,COVID-19,Age Group,<1 year,2.4
2022-10-29T00:00:00.000,United States,COVID-19,Age Group,65+ years,3.0
2022-10-29T00:00:00.000,United States,COVID-19,Age Group,5-17 years,0.7
2022-10-29T00:00:00.000,United States,COVID-19,Age Group,18-49 years,1.3
2022-10-29T00:00:00.000,United States,COVID-19,Race/Ethnicity,Hispanic,1.2
2022-10-29T00:00:00.000,United States,COVID-19,Race/Ethnicity,"Multiple/Other, NH",1.3
2022-10-29T00:00:00.000,United States,COVID-19,Race/Ethnicity,"White, NH",2.0
2022-10-29T00:00:00.000,United States,COVID-19,Race/Ethnicity,"Asian/NHOPI, NH",2.1
2022-10-29T00:00:00.000,United States,COVID-19,Race/Ethnicity,"AI/AN, NH",1.9
2022-10-29T00:00:00.000,United States,COVID-19,Race/Ethnicity,"Black, NH",1.3
2022-10-29T00:00:00.000,United States,Combined,Sex,Male,5.2
2022-10-29T00:00:00.000,United States,Combined,Sex,Invalid,0.3
2022-10-29T00:00:00.000,United States,Combined,Sex,Other,0.0
2022-10-29T00:00:00.000,United States,Combined,Sex,Female,5.0
2022-10-29T00:00:00.000,United States,Combined,Age Group,50-64 years,2.8
2022-10-29T00:00:00.000,United States,Combined,Age Group,1-4 years,11.7
2022-10-29T00:00:00.000,United States,Combined,Age Group,<1 year,16.0
2022-10-29T00:00:00.000,United States,Combined,Age Group,65+ years,3.8
2022-10-29T00:00:00.000,United States,Combined,Age Group,5-17 years,9.9
2022-10-29T00:00:00.000,United States,Combined,Age Group,18-49 years,3.0
2022-10-29T00:00:00.000,United States,Combined,Race/Ethnicity,Hispanic,5.8
2022-10-29T00:00:00.000,United States,Combined,Race/Ethnicity,"Multiple/Other, NH",4.7
2022-10-29T00:00:00.000,United States,Combined,Race/Ethnicity,"White, NH",4.5
2022-10-29T00:00:00.000,United States,Combined,Race/Ethnicity,"Asian/NHOPI, NH",5.9
2022-10-29T00:00:00.000,United States,Combined,Race/Ethnicity,"AI/AN, NH",4.3
2022-10-29T00:00:00.000,United States,Combined,Race/Ethnicity,"Black, NH",6.3
2022-10-29T00:00:00.000,United States,Influenza,Sex,Male,2.5
2022-10-29T00:00:00.000,United States,Influenza,Sex,Invalid,0.3
2022-10-29T00:00:00.000,United States,Influenza,Sex,Other,0.0
2022-10-29T00:00:00.000,United States,Influenza,Sex,Female,2.4
2022-10-29T00:00:00.000,United States,Influenza,Age Group,50-64 years,0.9
2022-10-29T00:00:00.000,United States,Influenza,Age Group,1-4 years,4.9
2022-10-29T00:00:00.000,United States,Influenza,Age Group,<1 year,2.8
2022-10-29T00:00:00.000,United States,Influenza,Age Group,65+ years,0.6
2022-10-29T00:00:00.000,United States,Influenza,Age Group,5-17 years,8.4
2022-10-29T00:00:00.000,United States,Influenza,Age Group,18-49 years,1.7
2022-10-29T00:00:00.000,United States,Influenza,Race/Ethnicity,Hispanic,3.3
2022-10-29T00:00:00.000,United States,Influenza,Race/Ethnicity,"Multiple/Other, NH",2.2
2022-10-29T00:00:00.000,United States,Influenza,Race/Ethnicity,"White, NH",1.6
2022-10-29T00:00:00.000,United States,Influenza,Race/Ethnicity,"Asian/NHOPI, NH",2.5
2022-10-29T00:00:00.000,United States,Influenza,Race/Ethnicity,"AI/AN, NH",1.6
2022-10-29T00:00:00.000,United States,Influenza,Race/Ethnicity,"Black, NH",4.3
2022-10-29T00:00:00.000,United States,RSV,Sex,Male,1.2
2022-10-29T00:00:00.000,United States,RSV,Sex,Invalid,0.0
2022-10-29T00:00:00.000,United States,RSV,Sex,Other,0.0
2022-10-29T00:00:00.000,United States,RSV,Sex,Female,0.9
2022-10-29T00:00:00.000,United States,RSV,Age Group,50-64 years,0.1
2022-10-29T00:00:00.000,United States,RSV,Age Group,1-4 years,6.1
2022-10-29T00:00:00.000,United States,RSV,Age Group,<1 year,11.0
2022-10-29T00:00:00.000,United States,RSV,Age Group,65+ years,0.2
2022-10-29T00:00:00.000,United States,RSV,Age Group,5-17 years,0.8
2022-10-29T00:00:00.000,United States,RSV,Age Group,18-49 years,0.1
2022-10-29T00:00:00.000,United States,RSV,Race/Ethnicity,Hispanic,1.4
2022-10-29T00:00:00.000,United States,RSV,Race/Ethnicity,"Multiple/Other, NH",1.2
2022-10-29T00:00:00.000,United States,RSV,Race/Ethnicity,"White, NH",0.9
2022-10-29T00:00:00.000,United States,RSV,Race/Ethnicity,"Asian/NHOPI, NH",1.4
2022-10-29T00:00:00.000,United States,RSV,Race/Ethnicity,"AI/AN, NH",0.9
2022-10-29T00:00:00.000,United States,RSV,Race/Ethnicity,"Black, NH",0.8
2022-10-29T00:00:00.000,United States,COVID-19,Sex,Invalid,0.0
2022-10-22T00:00:00.000,United States,Influenza,Race/Ethnicity,"Asian/NHOPI, NH",1.3
2022-10-22T00:00:00.000,United States,RSV,Race/Ethnicity,"Black, NH",0.7
2022-10-22T00:00:00.000,United States,COVID-19,Sex,Male,1.6
2022-10-22T00:00:00.000,United States,COVID-19,Sex,Invalid,0.0
2022-10-22T00:00:00.000,United States,COVID-19,Sex,Other,0.0
2022-10-22T00:00:00.000,United States,COVID-19,Sex,Female,1.7
2022-10-22T00:00:00.000,United States,COVID-19,Age Group,50-64 years,1.7
2022-10-22T00:00:00.000,United States,COVID-19,Age Group,1-4 years,0.8
2022-10-22T00:00:00.000,United States,COVID-19,Age Group,<1 year,2.3
2022-10-22T00:00:00.000,United States,COVID-19,Age Group,65+ years,2.9
2022-10-22T00:00:00.000,United States,COVID-19,Age Group,5-17 years,0.6
2022-10-22T00:00:00.000,United States,COVID-19,Age Group,18-49 years,1.2
2022-10-22T00:00:00.000,United States,COVID-19,Race/Ethnicity,Hispanic,1.2
2022-10-22T00:00:00.000,United States,COVID-19,Race/Ethnicity,"Multiple/Other, NH",1.3
2022-10-22T00:00:00.000,United States,COVID-19,Race/Ethnicity,"White, NH",2.0
2022-10-22T00:00:00.000,United States,COVID-19,Race/Ethnicity,"Asian/NHOPI, NH",2.1
2022-10-22T00:00:00.000,United States,COVID-19,Race/Ethnicity,"AI/AN, NH",1.9
2022-10-22T00:00:00.000,United States,COVID-19,Race/Ethnicity,"Black, NH",1.2
2022-10-22T00:00:00.000,United States,Combined,Sex,Male,3.8
2022-10-22T00:00:00.000,United States,Combined,Sex,Invalid,0.1
2022-10-22T00:00:00.000,United States,Combined,Sex,Other,0.0
2022-10-22T00:00:00.000,United States,Combined,Sex,Female,3.6
2022-10-22T00:00:00.000,United States,Combined,Age Group,50-64 years,2.2
2022-10-22T00:00:00.000,United States,Combined,Age Group,1-4 years,8.9
2022-10-22T00:00:00.000,United States,Combined,Age Group,<1 year,13.9
2022-10-22T00:00:00.000,United States,Combined,Age Group,65+ years,3.4
2022-10-22T00:00:00.000,United States,Combined,Age Group,5-17 years,5.8
2022-10-22T00:00:00.000,United States,Combined,Age Group,18-49 years,2.1
2022-10-22T00:00:00.000,United States,Combined,Race/Ethnicity,Hispanic,4.2
2022-10-22T00:00:00.000,United States,Combined,Race/Ethnicity,"Multiple/Other, NH",3.5
2022-10-22T00:00:00.000,United States,Combined,Race/Ethnicity,"White, NH",3.5
2022-10-22T00:00:00.000,United States,Combined,Race/Ethnicity,"Asian/NHOPI, NH",4.6
2022-10-22T00:00:00.000,United States,Combined,Race/Ethnicity,"AI/AN, NH",3.1
2022-10-22T00:00:00.000,United States,Combined,Race/Ethnicity,"Black, NH",4.0
2022-10-22T00:00:00.000,United States,Influenza,Sex,Male,1.3
2022-10-22T00:00:00.000,United States,Influenza,Sex,Invalid,0.1
2022-10-22T00:00:00.000,United States,Influenza,Sex,Other,0.0
2022-10-22T00:00:00.000,United States,Influenza,Sex,Female,1.3
2022-10-22T00:00:00.000,United States,Influenza,Age Group,50-64 years,0.4
2022-10-22T00:00:00.000,United States,Influenza,Age Group,1-4 years,2.8
2022-10-22T00:00:00.000,United States,Influenza,Age Group,<1 year,1.7
2022-10-22T00:00:00.000,United States,Influenza,Age Group,65+ years,0.4
2022-10-22T00:00:00.000,United States,Influenza,Age Group,5-17 years,4.5
2022-10-22T00:00:00.000,United States,Influenza,Age Group,18-49 years,0.9
2022-10-22T00:00:00.000,United States,Influenza,Race/Ethnicity,Hispanic,1.9
2022-10-22T00:00:00.000,United States,Influenza,Race/Ethnicity,"Multiple/Other, NH",1.3
2022-10-22T00:00:00.000,United States,Influenza,Race/Ethnicity,"White, NH",0.8
2022-10-22T00:00:00.000,United States,Influenza,Race/Ethnicity,"AI/AN, NH",0.7
2022-10-22T00:00:00.000,United States,Influenza,Race/Ethnicity,"Black, NH",2.2
2022-10-22T00:00:00.000,United States,RSV,Sex,Male,1.0
2022-10-22T00:00:00.000,United States,RSV,Sex,Invalid,0.0
2022-10-22T00:00:00.000,United States,RSV,Sex,Other,0.0
2022-10-22T00:00:00.000,United States,RSV,Sex,Female,0.7
2022-10-22T00:00:00.000,United States,RSV,Age Group,50-64 years,0.1
2022-10-22T00:00:00.000,United States,RSV,Age Group,1-4 years,5.3
2022-10-22T00:00:00.000,United States,RSV,Age Group,<1 year,10.2
2022-10-22T00:00:00.000,United States,RSV,Age Group,65+ years,0.1
2022-10-22T00:00:00.000,United States,RSV,Age Group,5-17 years,0.7
2022-10-22T00:00:00.000,United States,RSV,Age Group,18-49 years,0.1
2022-10-22T00:00:00.000,United States,RSV,Race/Ethnicity,Hispanic,1.2
2022-10-22T00:00:00.000,United States,RSV,Race/Ethnicity,"Multiple/Other, NH",1.0
2022-10-22T00:00:00.000,United States,RSV,Race/Ethnicity,"White, NH",0.7
2022-10-22T00:00:00.000,United States,RSV,Race/Ethnicity,"Asian/NHOPI, NH",1.2
2022-10-22T00:00:00.000,United States,RSV,Race/Ethnicity,"AI/AN, NH",0.6
2022-10-15T00:00:00.000,United States,RSV,Race/Ethnicity,"Black, NH",0.7
2022-10-15T00:00:00.000,United States,RSV,Race/Ethnicity,"Asian/NHOPI, NH",1.0
2022-10-15T00:00:00.000,United States,RSV,Race/Ethnicity,"White, NH",0.6
2022-10-15T00:00:00.000,United States,RSV,Race/Ethnicity,"Multiple/Other, NH",0.8
2022-10-15T00:00:00.000,United States,RSV,Race/Ethnicity,Hispanic,1.1
2022-10-15T00:00:00.000,United States,RSV,Age Group,18-49 years,0.1
2022-10-15T00:00:00.000,United States,RSV,Age Group,5-17 years,0.6
2022-10-15T00:00:00.000,United States,RSV,Age Group,65+ years,0.1
2022-10-15T00:00:00.000,United States,RSV,Age Group,<1 year,9.0
2022-10-15T00:00:00.000,United States,RSV,Age Group,1-4 years,4.9
2022-10-15T00:00:00.000,United States,RSV,Age Group,50-64 years,0.1
2022-10-15T00:00:00.000,United States,RSV,Sex,Female,0.6
2022-10-15T00:00:00.000,United States,RSV,Sex,Other,0.0
2022-10-15T00:00:00.000,United States,RSV,Sex,Invalid,0.0
2022-10-15T00:00:00.000,United States,RSV,Sex,Male,0.8
2022-10-15T00:00:00.000,United States,Influenza,Race/Ethnicity,"Black, NH",1.4
2022-10-15T00:00:00.000,United States,Influenza,Race/Ethnicity,"AI/AN, NH",0.4
2022-10-15T00:00:00.000,United States,Influenza,Race/Ethnicity,"Asian/NHOPI, NH",0.9
2022-10-15T00:00:00.000,United States,Influenza,Race/Ethnicity,"White, NH",0.5
2022-10-15T00:00:00.000,United States,Influenza,Race/Ethnicity,"Multiple/Other, NH",1.1
2022-10-15T00:00:00.000,United States,Influenza,Race/Ethnicity,Hispanic,1.4
2022-10-15T00:00:00.000,United States,Influenza,Age Group,18-49 years,0.6
2022-10-15T00:00:00.000,United States,Influenza,Age Group,5-17 years,3.2
2022-10-15T00:00:00.000,United States,Influenza,Age Group,65+ years,0.2
2022-10-15T00:00:00.000,United States,Influenza,Age Group,<1 year,1.4
2022-10-15T00:00:00.000,United States,Influenza,Age Group,1-4 years,2.2
2022-10-15T00:00:00.000,United States,Influenza,Age Group,50-64 years,0.3
2022-10-15T00:00:00.000,United States,Influenza,Sex,Female,0.9
2022-10-15T00:00:00.000,United States,Influenza,Sex,Other,0.0
2022-10-15T00:00:00.000,United States,Influenza,Sex,Invalid,0.2
2022-10-15T00:00:00.000,United States,Influenza,Sex,Male,0.9
2022-10-15T00:00:00.000,United States,Combined,Race/Ethnicity,"Black, NH",3.3
2022-10-15T00:00:00.000,United States,Combined,Race/Ethnicity,"AI/AN, NH",2.7
2022-10-15T00:00:00.000,United States,Combined,Race/Ethnicity,"Asian/NHOPI, NH",3.9
2022-10-15T00:00:00.000,United States,Combined,Race/Ethnicity,"White, NH",3.1
2022-10-15T00:00:00.000,United States,Combined,Race/Ethnicity,"Multiple/Other, NH",3.2
2022-10-15T00:00:00.000,United States,Combined,Race/Ethnicity,Hispanic,3.6
2022-10-15T00:00:00.000,United States,Combined,Age Group,18-49 years,1.9
2022-10-15T00:00:00.000,United States,Combined,Age Group,5-17 years,4.4
2022-10-15T00:00:00.000,United States,Combined,Age Group,65+ years,3.2
2022-10-15T00:00:00.000,United States,Combined,Age Group,<1 year,12.4
2022-10-15T00:00:00.000,United States,Combined,Age Group,1-4 years,7.9
2022-10-15T00:00:00.000,United States,Combined,Age Group,50-64 years,2.1
2022-10-15T00:00:00.000,United States,Combined,Sex,Female,3.2
2022-10-15T00:00:00.000,United States,Combined,Sex,Other,0.0
2022-10-15T00:00:00.000,United States,Combined,Sex,Invalid,0.2
2022-10-15T00:00:00.000,United States,Combined,Sex,Male,3.3
2022-10-15T00:00:00.000,United States,COVID-19,Race/Ethnicity,"Black, NH",1.2
2022-10-15T00:00:00.000,United States,COVID-19,Race/Ethnicity,"AI/AN, NH",1.7
2022-10-15T00:00:00.000,United States,COVID-19,Race/Ethnicity,"Asian/NHOPI, NH",2.1
2022-10-15T00:00:00.000,United States,COVID-19,Race/Ethnicity,"White, NH",2.0
2022-10-15T00:00:00.000,United States,COVID-19,Race/Ethnicity,"Multiple/Other, NH",1.3
2022-10-15T00:00:00.000,United States,COVID-19,Race/Ethnicity,Hispanic,1.2
2022-10-15T00:00:00.000,United States,COVID-19,Age Group,18-49 years,1.2
2022-10-15T00:00:00.000,United States,COVID-19,Age Group,5-17 years,0.7
2022-10-15T00:00:00.000,United States,COVID-19,Age Group,65+ years,2.9
2022-10-15T00:00:00.000,United States,COVID-19,Age Group,<1 year,2.3
2022-10-15T00:00:00.000,United States,COVID-19,Age Group,1-4 years,0.9
2022-10-15T00:00:00.000,United States,COVID-19,Age Group,50-64 years,1.7
2022-10-15T00:00:00.000,United States,COVID-19,Sex,Female,1.7
2022-10-15T00:00:00.000,United States,COVID-19,Sex,Other,0.0
2022-10-15T00:00:00.000,United States,COVID-19,Sex,Invalid,0.0
2022-10-15T00:00:00.000,United States,COVID-19,Sex,Male,1.6
2022-10-15T00:00:00.000,United States,RSV,Race/Ethnicity,"AI/AN, NH",0.6
2022-10-08T00:00:00.000,United States,RSV,Age Group,65+ years,0.1
2022-10-08T00:00:00.000,United States,COVID-19,Sex,Other,0.0
2022-10-08T00:00:00.000,United States,COVID-19,Sex,Female,1.7
2022-10-08T00:00:00.000,United States,COVID-19,Age Group,50-64 years,1.8
2022-10-08T00:00:00.000,United States,COVID-19,Age Group,1-4 years,0.9
2022-10-08T00:00:00.000,United States,COVID-19,Age Group,<1 year,2.4
2022-10-08T00:00:00.000,United States,COVID-19,Age Group,65+ years,2.9
2022-10-08T00:00:00.000,United States,COVID-19,Age Group,5-17 years,0.7
2022-10-08T00:00:00.000,United States,COVID-19,Age Group,18-49 years,1.3
2022-10-08T00:00:00.000,United States,COVID-19,Race/Ethnicity,Hispanic,1.2
2022-10-08T00:00:00.000,United States,COVID-19,Race/Ethnicity,"Multiple/Other, NH",1.4
2022-10-08T00:00:00.000,United States,COVID-19,Race/Ethnicity,"White, NH",2.0
2022-10-08T00:00:00.000,United States,COVID-19,Race/Ethnicity,"Asian/NHOPI, NH",2.1
2022-10-08T00:00:00.000,United States,COVID-19,Race/Ethnicity,"AI/AN, NH",1.6
2022-10-08T00:00:00.000,United States,COVID-19,Race/Ethnicity,"Black, NH",1.2
2022-10-08T00:00:00.000,United States,Combined,Sex,Male,3.0
2022-10-08T00:00:00.000,United States,Combined,Sex,Invalid,0.3
2022-10-08T00:00:00.000,United States,Combined,Sex,Other,0.0
2022-10-08T00:00:00.000,United States,Combined,Sex,Female,2.9
2022-10-08T00:00:00.000,United States,Combined,Age Group,50-64 years,2.1
2022-10-08T00:00:00.000,United States,Combined,Age Group,1-4 years,6.6
2022-10-08T00:00:00.000,United States,Combined,Age Group,<1 year,11.1
2022-10-08T00:00:00.000,United States,Combined,Age Group,65+ years,3.2
2022-10-08T00:00:00.000,United States,Combined,Age Group,5-17 years,3.7
2022-10-08T00:00:00.000,United States,Combined,Age Group,18-49 years,1.7
2022-10-08T00:00:00.000,United States,Combined,Race/Ethnicity,Hispanic,3.2
2022-10-08T00:00:00.000,United States,Combined,Race/Ethnicity,"Multiple/Other, NH",3.0
2022-10-08T00:00:00.000,United States,Combined,Race/Ethnicity,"White, NH",2.9
2022-10-08T00:00:00.000,United States,Combined,Race/Ethnicity,"Asian/NHOPI, NH",3.3
2022-10-08T00:00:00.000,United States,Combined,Race/Ethnicity,"AI/AN, NH",2.3
2022-10-08T00:00:00.000,United States,Combined,Race/Ethnicity,"Black, NH",2.8
2022-10-08T00:00:00.000,United States,Influenza,Sex,Male,0.7
2022-10-08T00:00:00.000,United States,Influenza,Sex,Invalid,0.1
2022-10-08T00:00:00.000,United States,Influenza,Sex,Other,0.0
2022-10-08T00:00:00.000,United States,Influenza,Sex,Female,0.7
2022-10-08T00:00:00.000,United States,Influenza,Age Group,50-64 years,0.2
2022-10-08T00:00:00.000,United States,Influenza,Age Group,1-4 years,1.7
2022-10-08T00:00:00.000,United States,Influenza,Age Group,<1 year,1.1
2022-10-08T00:00:00.000,United States,Influenza,Age Group,65+ years,0.2
2022-10-08T00:00:00.000,United States,Influenza,Age Group,5-17 years,2.5
2022-10-08T00:00:00.000,United States,Influenza,Age Group,18-49 years,0.4
2022-10-08T00:00:00.000,United States,Influenza,Race/Ethnicity,Hispanic,1.1
2022-10-08T00:00:00.000,United States,Influenza,Race/Ethnicity,"Multiple/Other, NH",1.0
2022-10-08T00:00:00.000,United States,Influenza,Race/Ethnicity,"White, NH",0.3
2022-10-08T00:00:00.000,United States,Influenza,Race/Ethnicity,"Asian/NHOPI, NH",0.6
2022-10-08T00:00:00.000,United States,Influenza,Race/Ethnicity,"AI/AN, NH",0.3
2022-10-08T00:00:00.000,United States,COVID-19,Sex,Male,1.6
2022-10-08T00:00:00.000,United States,Influenza,Race/Ethnicity,"Black, NH",1.0
2022-10-08T00:00:00.000,United States,RSV,Sex,Male,0.7
2022-10-08T00:00:00.000,United States,RSV,Sex,Invalid,0.1
2022-10-08T00:00:00.000,United States,RSV,Sex,Other,0.0
2022-10-08T00:00:00.000,United States,RSV,Sex,Female,0.5
2022-10-08T00:00:00.000,United States,RSV,Age Group,50-64 years,0.1
2022-10-08T00:00:00.000,United States,RSV,Age Group,1-4 years,4.1
2022-10-08T00:00:00.000,United States,RSV,Age Group,<1 year,7.8
2022-10-08T00:00:00.000,United States,RSV,Age Group,5-17 years,0.5
2022-10-08T00:00:00.000,United States,RSV,Age Group,18-49 years,0.0
2022-10-08T00:00:00.000,United States,RSV,Race/Ethnicity,Hispanic,0.9
2022-10-08T00:00:00.000,United States,RSV,Race/Ethnicity,"Multiple/Other, NH",0.7
2022-10-08T00:00:00.000,United States,RSV,Race/Ethnicity,"White, NH",0.5
2022-10-08T00:00:00.000,United States,RSV,Race/Ethnicity,"Asian/NHOPI, NH",0.7
2022-10-08T00:00:00.000,United States,RSV,Race/Ethnicity,"AI/AN, NH",0.4
2022-10-08T00:00:00.000,United States,RSV,Race/Ethnicity,"Black, NH",0.6
2022-10-08T00:00:00.000,United States,COVID-19,Sex,Invalid,0.0
2022-10-01T00:00:00.000,United States,RSV,Race/Ethnicity,"AI/AN, NH",0.3
2022-10-01T00:00:00.000,United States,COVID-19,Sex,Male,1.8
2022-10-01T00:00:00.000,United States,RSV,Race/Ethnicity,"Black, NH",0.6
2022-10-01T00:00:00.000,United States,COVID-19,Sex,Other,2.4
2022-10-01T00:00:00.000,United States,COVID-19,Sex,Female,1.9
2022-10-01T00:00:00.000,United States,COVID-19,Age Group,50-64 years,1.9
2022-10-01T00:00:00.000,United States,COVID-19,Age Group,1-4 years,1.1
2022-10-01T00:00:00.000,United States,COVID-19,Age Group,<1 year,2.8
2022-10-01T00:00:00.000,United States,COVID-19,Age Group,65+ years,3.1
2022-10-01T00:00:00.000,United States,COVID-19,Age Group,5-17 years,0.9
2022-10-01T00:00:00.000,United States,COVID-19,Age Group,18-49 years,1.4
2022-10-01T00:00:00.000,United States,COVID-19,Race/Ethnicity,Hispanic,1.4
2022-10-01T00:00:00.000,United States,COVID-19,Race/Ethnicity,"Multiple/Other, NH",1.5
2022-10-01T00:00:00.000,United States,COVID-19,Race/Ethnicity,"White, NH",2.2
2022-10-01T00:00:00.000,United States,COVID-19,Race/Ethnicity,"Asian/NHOPI, NH",2.3
2022-10-01T00:00:00.000,United States,COVID-19,Race/Ethnicity,"AI/AN, NH",1.5
2022-10-01T00:00:00.000,United States,COVID-19,Race/Ethnicity,"Black, NH",1.3
2022-10-01T00:00:00.000,United States,Combined,Sex,Male,2.9
2022-10-01T00:00:00.000,United States,Combined,Sex,Invalid,0.3
2022-10-01T00:00:00.000,United States,Combined,Sex,Other,2.4
2022-10-01T00:00:00.000,United States,Combined,Sex,Female,2.8
2022-10-01T00:00:00.000,United States,Combined,Age Group,50-64 years,2.1
2022-10-01T00:00:00.000,United States,Combined,Age Group,1-4 years,6.2
2022-10-01T00:00:00.000,United States,Combined,Age Group,<1 year,10.3
2022-10-01T00:00:00.000,United States,Combined,Age Group,65+ years,3.3
2022-10-01T00:00:00.000,United States,Combined,Age Group,5-17 years,3.2
2022-10-01T00:00:00.000,United States,Combined,Age Group,18-49 years,1.7
2022-10-01T00:00:00.000,United States,Combined,Race/Ethnicity,Hispanic,2.9
2022-10-01T00:00:00.000,United States,Combined,Race/Ethnicity,"Multiple/Other, NH",3.0
2022-10-01T00:00:00.000,United States,Combined,Race/Ethnicity,"White, NH",2.9
2022-10-01T00:00:00.000,United States,Combined,Race/Ethnicity,"Asian/NHOPI, NH",3.4
2022-10-01T00:00:00.000,United States,Combined,Race/Ethnicity,"AI/AN, NH",2.0
2022-10-01T00:00:00.000,United States,Combined,Race/Ethnicity,"Black, NH",2.6
2022-10-01T00:00:00.000,United States,Influenza,Sex,Male,0.5
2022-10-01T00:00:00.000,United States,Influenza,Sex,Invalid,0.1
2022-10-01T00:00:00.000,United States,Influenza,Sex,Other,0.0
2022-10-01T00:00:00.000,United States,Influenza,Sex,Female,0.5
2022-10-01T00:00:00.000,United States,Influenza,Age Group,50-64 years,0.1
2022-10-01T00:00:00.000,United States,Influenza,Age Group,1-4 years,1.3
2022-10-01T00:00:00.000,United States,Influenza,Age Group,<1 year,0.7
2022-10-01T00:00:00.000,United States,Influenza,Age Group,65+ years,0.1
2022-10-01T00:00:00.000,United States,Influenza,Age Group,5-17 years,1.8
2022-10-01T00:00:00.000,United States,Influenza,Age Group,18-49 years,0.3
2022-10-01T00:00:00.000,United States,Influenza,Race/Ethnicity,Hispanic,0.8
2022-10-01T00:00:00.000,United States,Influenza,Race/Ethnicity,"Multiple/Other, NH",0.9
2022-10-01T00:00:00.000,United States,Influenza,Race/Ethnicity,"White, NH",0.2
2022-10-01T00:00:00.000,United States,Influenza,Race/Ethnicity,"Asian/NHOPI, NH",0.4
2022-10-01T00:00:00.000,United States,Influenza,Race/Ethnicity,"AI/AN, NH",0.2
2022-10-01T00:00:00.000,United States,Influenza,Race/Ethnicity,"Black, NH",0.7
2022-10-01T00:00:00.000,United States,RSV,Sex,Male,0.6
2022-10-01T00:00:00.000,United States,RSV,Sex,Invalid,0.1
2022-10-01T00:00:00.000,United States,RSV,Sex,Other,0.0
2022-10-01T00:00:00.000,United States,RSV,Sex,Female,0.5
2022-10-01T00:00:00.000,United States,RSV,Age Group,50-64 years,0.1
2022-10-01T00:00:00.000,United States,RSV,Age Group,1-4 years,3.9
2022-10-01T00:00:00.000,United States,RSV,Age Group,<1 year,7.0
2022-10-01T00:00:00.000,United States,COVID-19,Sex,Invalid,0.0
2022-10-01T00:00:00.000,United States,RSV,Age Group,65+ years,0.1
2022-10-01T00:00:00.000,United States,RSV,Age Group,5-17 years,0.5
2022-10-01T00:00:00.000,United States,RSV,Age Group,18-49 years,0.0
2022-10-01T00:00:00.000,United States,RSV,Race/Ethnicity,Hispanic,0.8
2022-10-01T00:00:00.000,United States,RSV,Race/Ethnicity,"Multiple/Other, NH",0.6
2022-10-01T00:00:00.000,United States,RSV,Race/Ethnicity,"White, NH",0.4
2022-10-01T00:00:00.000,United States,RSV,Race/Ethnicity,"Asian/NHOPI, NH",0.6
